"id.tag","species","study.name","population","id","tag","start.date","end.date","mortality.date","start.lat","start.long","end.lat","end.long","start.country","end.country","deployment.duration","fate","age.at.deployment.months","sex","migrant","captive.raised","rehabilitated","how.fate.determined","cause.of.death","transmitter.make.model","transmitter.attachment.method","transmitter.mass.grams","comments","mean.GPS.dist.last10fixes","mean.GPS.fixrate.last10fixes","start.country.quant","end.country.quant","n.locs"
"Guipuzcoa 01-Zuri-5533_5533","Neophron percnopterus","_Egyptian Vulture in Spain - Migra Program in Spain","western europe","Guipuzcoa 01-Zuri-5533",5533,2017-07-17 08:15:00,"17496",2017-11-27 04:00:00,43.16938,-2.123876,16.3167,-12.31727,"Spain","Mauritania",132.8231019,"confirmed dead",1,"F","Y","N","N","transmitter recovered","unknown","Bird Solar GPRS 48 g, data logger GPS-GSM E-Obs","backpack",48,NA,0.649675295525239,1,"Spain","Mauritania",126
"Guipuzcoa 02-Endoia-5534_5534","Neophron percnopterus","_Egyptian Vulture in Spain - Migra Program in Spain","western europe","Guipuzcoa 02-Endoia-5534",5534,2017-07-17 13:25:00,"17416",2017-09-11 15:00:00,43.19792,-2.277571,36.33941,-5.968527,"Spain","Argeria",51.60783565,"likely transmitter failure",1,"M","Y","N","N","inferred from transmissions",NA,"Bird Solar GPRS 48 g, data logger GPS-GSM E-Obs","backpack",48,NA,1.76200246856961,1.5315775462963,"Spain","Spain",23
"Guipuzcoa 03-Ekhi-5533_5533","Neophron percnopterus","_Egyptian Vulture in Spain - Migra Program in Spain","western europe","Guipuzcoa 03-Ekhi-5533",5533,2018-07-19 16:04:00,"18105",2019-08-05 15:44:00,42.96061,-2.360367,16.57283,-11.38479,"Spain","Mauritania",373.747037,"unknown",1,"M","Y","N","N","unknown",NA,"Bird Solar GPRS 48 g, data logger GPS-GSM E-Obs","backpack",48,NA,0.25842465131579,4.84887152777778,"Spain","Mauritania",285
"Huesca 01-REKI13_48511907154","Neophron percnopterus","_Egyptian Vulture in Spain - Migra Program in Spain","western europe","Huesca 01-REKI13",48511907154,2019-07-13 16:03:00,"18565",2020-10-31 00:00:00,42.14162,-0.211616,15.66372,-10.46958,"Spain","Mauritania",474.5805556,"alive",1,"F","Y","N","N","active","","SAKER-L, GPS-GSM Ecotone","backpack",21,"",0.128904654396518,0.999999999999999,"Spain","Mauritania",465
"Huesca 02-REKI28_48500498481","Neophron percnopterus","_Egyptian Vulture in Spain - Migra Program in Spain","western europe","Huesca 02-REKI28",48500498481,2019-07-13 16:01:00,"18215",2019-11-16 00:00:00,42.14172,-0.211816,14.58833,-7.398149,"Spain","Mali",134.6243056,"confirmed dead",1,"M","Y","N","N","inferred from transmissions","unnatural causes","SAKER-H, GPS-GSM Ecotone","backpack",23,"Last locationes in a village, possible unnatural death",0.18701599814594,1,"Spain","Mali",120
"La Rioja 01-Brieva-4404_4404","Neophron percnopterus","_Egyptian Vulture in Spain - Migra Program in Spain","western europe","La Rioja 01-Brieva-4404",4404,2016-07-20 08:45:00,"17256",2017-04-01 18:00:00,42.16987,-2.769862,16.96502,-11.03883,"Spain","Mauritania",254.1249653,"unknown",1,"M","Y","N","N","unknown",NA,"Bird Solar GPRS 48 g, data logger GPS-GSM E-Obs","backpack",48,NA,0.216194146281552,2.64166782407408,"Spain","Mauritania",201
"La Rioja 02-Quel-4405_4405","Neophron percnopterus","_Egyptian Vulture in Spain - Migra Program in Spain","western europe","La Rioja 02-Quel-4405",4405,2016-07-20 08:45:00,"17450",2018-01-02 20:00:00,42.16989,-2.769875,17.16739,-14.92398,"Spain","Mauritania",448.1364468,"unknown",1,"M","Y","N","N","unknown",NA,"Bird Solar GPRS 48 g, data logger GPS-GSM E-Obs","backpack",48,"",0.184409784183295,28.2271111111111,"Spain","Mauritania",42
"La Rioja 03 - Lidia -REKI38_48797732417","Neophron percnopterus","_Egyptian Vulture in Spain - Migra Program in Spain","western europe","La Rioja 03 - Lidia -REKI38",48797732417,2018-07-20 06:00:00,"18284",2020-01-24 08:00:00,42.88157,-2.632999,15.86408,-15.6819,"Spain","Senegal",552,"unknown",1,"M","Y","N","N","unknown",NA,"SAKER-M, GPS-GSM Ecotone","backpack",21,NA,0.00043164996572841,1,"Spain","Senegal",541
"Segovia 06-REKI22_48500499243","Neophron percnopterus","_Egyptian Vulture in Spain - Migra Program in Spain","western europe","Segovia 06-REKI22",48500499243,2019-07-20 06:03:00,"18564",2020-10-31 00:00:00,41.16583,-3.844949,14.7124,-7.665316,"Spain","Mali",466.9979167,"alive",1,"unknown","Y","N","N","active","","SAKER-L, GPS-GSM Ecotone","backpack",21,"",0.199163871075398,0.999999999999999,"Spain","Mali",431
"BatuecasA_17020","Neophron percnopterus","Egyptian vulture (Neophron percnopterus) in Arribes del Duero (Salamanca) - SALORO","western europe","BatuecasA",17020,2017-06-15 14:48:00,"18045",2019-05-30 04:56:00,41.05353546,-6.663703442,41.0627670288086,-6.76627349853516,"Spain","Spain",1228.187407,"alive",24,"M","Y","N","N","active",NA,"Ornitela ""OrniTrack‚Äê30 solar GPS‚ÄêGSM""","backpack",30,NA,0.00404327842359416,0.998988425925927,"Spain","Spain",714
"Camaces_17017","Neophron percnopterus","Egyptian vulture (Neophron percnopterus) in Arribes del Duero (Salamanca) - SALORO","western europe","Camaces",17017,2017-07-31 12:29:00,"17417",2017-09-11 02:12:00,41.00911331,-6.743571758,37.9450798034668,-6.83656978607178,"Spain","Morocco",38.58157407,"unknown",1,"F","Y","N","N","unknown",NA,"Ornitela ""OrniTrack‚Äê30 solar GPS‚ÄêGSM""","backpack",30,"The animal was in a very bad body condition when it was marked. Surely this prevented him from surviving the conditions of the migratory trip when crossing the desert. The team responsible for marking has always ruled out any relationship with that power line.",0.50461325464143,0.998958333333333,"Spain","Spain",23
"Huebra_17021","Neophron percnopterus","Egyptian vulture (Neophron percnopterus) in Arribes del Duero (Salamanca) - SALORO","western europe","Huebra",17021,2017-06-15 14:57:00,"18001",2019-04-16 04:48:00,41.05710983,-6.660486698,41.0253639221191,-6.67661476135254,"Spain","Spain",668.5743981,"confirmed transmitter failure",24,"M","Y","N","N","resighted / recaptured",NA,"Ornitela ""OrniTrack‚Äê30 solar GPS‚ÄêGSM""","backpack",30,"The animal is alive and continues to wear the transmitter",0.016094298454684,1.40159606481481,"Spain","Spain",654
"Azahar 75657_75657","Neophron percnopterus","Egyptian vulture EB Terra Natura UA Spain","western europe","Azahar 75657",75657,2007-08-10 08:00:00,"16017",2013-11-08 06:00:00,40.23383,-0.61467,16.93917,-14.44367,"Spain","Mauritania",2281.916667,"confirmed dead",54,"F","Y","N","N","carcass found","unknown","solar-powered GPS Microwave telemetry ","backpack",45,NA,0.268539629564529,1.025,"Spain","Mauritania",1932
"Calimera 75659_75659","Neophron percnopterus","Egyptian vulture EB Terra Natura UA Spain","western europe","Calimera 75659",75659,2009-07-30 19:00:00,"15181",2011-07-26 12:00:00,40.78217,-2.17733,40.8285,-1.86067,"Spain","Spain",725.7083333,"unknown",54,"F","Y","N","N","unknown",NA,"solar-powered GPS Microwave telemetry ","backpack",45,NA,0.157716695942222,1.425,"Spain","Spain",599
"Calimero 89731_89731","Neophron percnopterus","Egyptian vulture EB Terra Natura UA Spain","western europe","Calimero 89731",89731,2009-07-30 00:00:00,"15581",2012-08-29 00:00:00,40.7845,-2.20067,40.78617,-2.20033,"Spain","Spain",1126,"likely dead",54,"M","Y","N","N","unknown",NA,"solar-powered GPS Microwave telemetry ","backpack",45,NA,0.117368328948572,1.8,"Spain","Spain",863
"Cirila 89730_89730","Neophron percnopterus","Egyptian vulture EB Terra Natura UA Spain","western europe","Cirila 89730",89730,2009-07-30 00:00:00,"15839",2013-05-14 00:00:00,40.7375,-2.4555,40.7455,-2.448,"Spain","Spain",1384,"likely dead",54,"F","Y","N","N","unknown",NA,"solar-powered GPS Microwave telemetry ","backpack",45,NA,0.0236141108027475,3,"Spain","Spain",898
"Molina 80419_80419","Neophron percnopterus","Egyptian vulture EB Terra Natura UA Spain","western europe","Molina 80419",80419,2008-08-14 06:00:00,"15074",2011-04-10 14:00:00,40.8165,-1.838,40.88983,-1.76333,"Spain","Spain",969.3333333,"likely dead",54,"F","Y","N","N","inferred from transmissions",NA,"solar-powered GPS Microwave telemetry ","backpack",45,NA,1.79858830718381,4.66666666666667,"Spain","Spain",842
"Uge 75658_75658","Neophron percnopterus","Egyptian vulture EB Terra Natura UA Spain","western europe","Uge 75658",75658,2009-08-22 15:00:00,"15386",2012-02-16 12:00:00,40.87283,-1.78433,15.41567,-4.51267,"Spain","Mali",907.875,"likely transmitter failure",3,"F","Y","N","N","inferred from transmissions",NA,"solar-powered GPS Microwave telemetry ","backpack",45,NA,0.16497601566536,10.025,"Spain","Mali",777
"Zagal 80420_80420","Neophron percnopterus","Egyptian vulture EB Terra Natura UA Spain","western europe","Zagal 80420",80420,2009-07-29 07:00:00,"15933",2013-08-16 10:00:00,40.76933,-2.213,40.73983,-2.18417,"Spain","Spain",1479.125,"likely dead",54,"M","Y","N","N","inferred from transmissions",NA,"solar-powered GPS Microwave telemetry ","backpack",45,NA,0.0980556079954675,8.51666666666666,"Spain","Spain",1227
"Baronnies_2019_Imm_wild_OR181635_5T_181635","Neophron percnopterus","Egyptian vulture in France (grands Causses-Baronnies)  ID_PROG 961","western europe","Baronnies_2019_Imm_wild_OR181635_5T",181635,2019-04-01 17:25:00,"18548",2020-10-14 00:00:00,44.43438339,5.322945118,17.4729251861572,-10.7709703445435,"France","Mauritania",576.6970833,"alive",22,"unknown","Y","N","Y","active",NA,"Ornitela OT-30-3GC","legloop",30,"born wild, found weakened in Baronnies in autumn 2018. kept in rehabilitation whole winter. released in Baronnies in 01 April 2019; recaptured and rehabilitated in Spain on 27/06/2019 (broken wing after collision with cable); released on 06/05/2020 in Spain (Aragon)",0.211834624202071,1.00012384259259,"France","Mauritania",249
"Causses_2018_Imm_wild_OR171075_4X_171075","Neophron percnopterus","Egyptian vulture in France (grands Causses-Baronnies)  ID_PROG 961","western europe","Causses_2018_Imm_wild_OR171075_4X",171075,2018-04-05 12:00:00,"18218",2019-11-19 00:00:00,44.20375443,3.255665064,32.9334411621094,1.83549165725708,"France","Algeria",591.5345023,"likely dead",22,"unknown","Y","N","Y","inferred from transmissions",NA,"Ornitela OT-30-3GC","legloop",30,"born wild in Gorges de la Dourbie, found weakened in Sept 2017. released in sept 2017, found again. Kept in captivity and rehabilitated the whole winter 2017-2018. released 05/04/2018. recovered again in Dourbie Canyon on 16 May 2018. ",0.566473359806429,0.998688657407408,"France","Algeria",587
"Gardon_2016_Ad_wild_MW707 _707","Neophron percnopterus","Egyptian vulture Kobierzycki Gardon  ID_PROG 457","western europe","Gardon_2016_Ad_wild_MW707 ",707,2016-03-29 06:46:00,"18341",2020-03-21 00:00:00,44.2314,4.41436,42.1598,0.80898,"France","France",1451.73125,"confirmed transmitter failure",54,"M","Y","N","N","resighted / recaptured",NA,"Microwave 45g GPS-GSM","backpack",45,"adult captured at breeding site in Gardon. born in 2009 in Herault and ringed in 2009. tag lost at nest on 21/03/2020",1.65108147289373,1.03097916666667,"France","Spain",1451
"Basque_2019_Imm_wild_OR171005_PM0_171005","Neophron percnopterus","Egyptian vulture Kobierzycki Pyrenees ID_PROG 457","western europe","Basque_2019_Imm_wild_OR171005_PM0",171005,2019-07-18 08:39:00,"18148",2019-09-10 00:00:00,43.14750671,-1.29905498,36.1638832092285,-5.5142617225647,"France","Morroco",52.97891204,"likely dead",1,"unknown","Y","N","N","inferred from transmissions",NA,"Ornitela OT-30-3GC","legloop",30,"Pulli in the nest 18/07/2019 Munhoa",1.23902974070532,1.00055555555556,"France",NA,25
"Basque_2019_Imm_wild_OR180110_PC2_180110","Neophron percnopterus","Egyptian vulture Kobierzycki Pyrenees ID_PROG 457","western europe","Basque_2019_Imm_wild_OR180110_PC2",180110,2019-07-18 14:27:00,"18462",2020-07-20 00:00:00,43.09663391,-1.150748372,14.148717880249,-9.09484004974365,"France","Mali",469.4086227,"alive",1,"unknown","Y","N","N","active",NA,"Ornitela OT-30-3GC","legloop",30,"Juvenile in the nest 18/07/2019 MZ",0.0735924574191176,0.99997800925926,"France","Mali",341
"Basque_2020_Imm_wild_OR180109_PR9_180109","Neophron percnopterus","Egyptian vulture Kobierzycki Pyrenees ID_PROG 457","western europe","Basque_2020_Imm_wild_OR180109_PR9",180109,2020-07-31 08:48:00,"18529",2020-09-25 00:00:00,43.11460876,-1.083263278,35.3377723693848,-5.48805475234985,"France","Morroco",54.7269213,"unknown",1,"unknown","Y","N","N",NA,NA,"Ornitela OT-30-3GC","legloop",30,"Juvenile tagged inthe nest 31/07/2020",1.45461468865446,0.998846064814815,"France","Morocco",56
"Ossau_2018_Ad_wild_OR17996_PC0_17996","Neophron percnopterus","Egyptian vulture Kobierzycki Pyrenees ID_PROG 457","western europe","Ossau_2018_Ad_wild_OR17996_PC0",17996,2018-04-21 03:44:00,"18161",2019-09-25 00:00:00,43.06973267,-0.415683329,17.1472988128662,-10.9348964691162,"France","Senegal",519.2981829,"confirmed transmitter failure",54,"M","Y","N","N","resighted / recaptured",NA,"Ornitela OT-30-3GC","legloop",30,"Adult caught in Ossau (Castet) 21/04/2018. age unknown; tag failure in 25 sept 2019, resighted alive in Ossau in spring 2020.",2.32874271578544,2.06631365740741,"France","Mauritania",412
"Pyrenees_2015_Imm_wild_EC48601087785_48601087785","Neophron percnopterus","Egyptian vulture Kobierzycki Pyrenees ID_PROG 457","western europe","Pyrenees_2015_Imm_wild_EC48601087785",48601087785,2015-06-29 00:00:00,"17102",2016-10-28 00:01:00,43.408666,-1.508783,15.982617,-15.830933,"France","Senegal",487.0006944,"likely dead",21,"unknown","Y","N","Y","inferred from transmissions",NA,"Ecotone Duck-4","legloop",24,"born wild, found weakened in Western Pyrenees in autumn 2014. kept in rehabilitation whole winter. released in Western Pyrenees in 29/06/2015. last position in Senegal: possible death or transmitter failure",0.546455328131574,0.999999999999999,"France","Senegal",404
"Provence_2016_Ad_wild_EO5018_Salome_8P_5018","Neophron percnopterus","Egyptian vulture Kobierzycki Vaucluse ID_PROG 457","western europe","Provence_2016_Ad_wild_EO5018_Salome_8P",5018,2016-10-01 05:00:00,"18525",2020-09-24 00:00:00,43.9509471,5.122738,16.9210889,-9.9503462,"France","Mauritania",1477.405579,"alive",54,"F","Y","N","Y","active",NA,"e-obs Bird solar panel","backpack",25,"errant last point? has a straight shot from Africa back to France",0.581645249478322,24.099980324074,"France","Mauritania",533
"00 White 2013_3515","Neophron percnopterus","Egyptian Vulture Reintroduction Israel","middle east","00 White 2013",3515,2014-04-04 05:00:00,"18045",2019-05-30 05:10:00,32.75214,35.01343,34.40609,38.22969,"Israel","Sudan",2023.312407,"confirmed transmitter failure",11,"unknown","Y","Y","N","resighted / recaptured",NA,"e-obs, Bird Solar GPS-GSM, 48g","backpack",48,"Transmitter fell, seen alive June 2020",0.928611620446019,2.00000462962963,"Israel","Syrian Arab Republic",1849
"18 White_3516","Neophron percnopterus","Egyptian Vulture Reintroduction Israel","middle east","18 White",3516,2014-04-22 04:00:00,"16186",2014-04-27 04:00:00,32.75345,35.01381,32.77028,34.99142,"Israel","Israel",5,"unknown",11,"unknown","Y","Y","N","unknown",NA,"e-obs, Bird Solar GPS-GSM, 48g","backpack",48,NA,0.0201116830405685,1,"Israel","Israel",5
"19 White_3517","Neophron percnopterus","Egyptian Vulture Reintroduction Israel","middle east","19 White",3517,2014-04-22 04:00:00,"16307",2014-08-26 00:00:00,32.75347,35.0138,19.54211,41.38896,"Israel","Saudi Arabia",127,"likely dead",10,"unknown","Y","Y","N","inferred from transmissions",NA,"e-obs, Bird Solar GPS-GSM, 48g","backpack",48,NA,0.620277296224893,1,"Israel","Saudi Arabia",124
"A02 Green 2013_3514","Neophron percnopterus","Egyptian Vulture Reintroduction Israel","middle east","A02 Green 2013",3514,2014-04-04 05:00:00,"17279",2017-04-24 05:00:00,32.7520933,35.0134463,33.23314,35.53657,"Israel","Israel",1116,"unknown",10,"unknown","Y","Y","N","unknown",NA,"e-obs, Bird Solar GPS-GSM, 48g","backpack",48,NA,0.963723293756338,1,"Israel","Lebanon",1107
"A17 Green_17113","Neophron percnopterus","Egyptian Vulture Reintroduction Israel","middle east","A17 Green",17113,2017-04-16 00:05:00,"17350",2017-07-04 00:06:00,32.55932,34.93855,32.55893,34.93917,"Israel","Israel",79.00068287,"confirmed dead",23,"unknown","Y","Y","N","transmitter recovered","Hit a train when feeding on a dead boer","Ornitela OT-30","legloop",30,NA,0.00055614528815194,1.00000231481481,"Israel","Israel",79
"A25 Green_171087","Neophron percnopterus","Egyptian Vulture Reintroduction Israel","middle east","A25 Green",171087,2017-12-13 00:05:00,"17642",2018-04-22 02:37:00,32.7523,35.01339,32.7522,35.01373,"Israel","Israel",130.1057292,"unknown",21,"unknown","Y","Y","N","unknown",NA,"Ornitela OT-30","legloop",30,NA,0.00217039249472939,0.999170138888889,"Israel","Israel",130
"A26 Green_171080","Neophron percnopterus","Egyptian Vulture Reintroduction Israel","middle east","A26 Green",171080,2017-12-13 04:06:00,"18045",2019-05-30 02:17:00,32.75218,35.0134,29.99342,32.34182,"Israel","Egypt",1051.949502,"alive",7,"unknown","Y","Y","N","active",NA,"Ornitela OT-30","legloop",30,NA,1.50047268422361,0.997256944444444,"Israel","Egypt",355
"A46 Green_17112","Neophron percnopterus","Egyptian Vulture Reintroduction Israel","middle east","A46 Green",17112,2017-04-16 00:05:00,"17661",2018-05-11 01:40:00,32.55895,34.9392,37.73614,41.32782,"Israel","Turkey",390.0661458,"confirmed dead",24,"unknown","Y","Y","N","transmitter recovered","Electrocuted","Ornitela OT-30","legloop",30,NA,0.485464135266846,0.998334490740742,"Israel","Turkey",390
"A47 Green_171082","Neophron percnopterus","Egyptian Vulture Reintroduction Israel","middle east","A47 Green",171082,2017-12-13 04:05:00,"17766",2018-08-24 02:32:00,32.75226,35.01337,12.97406,43.71962,"Israel","Yemen",253.9352546,"unknown",7,"unknown","Y","Y","N","unknown",NA,"Ornitela OT-30","legloop",30,NA,1.01513716055457,1.00033101851852,"Israel","Yemen",254
"C39 Blue_17111","Neophron percnopterus","Egyptian Vulture Reintroduction Israel","middle east","C39 Blue",17111,2017-04-16 00:05:00,"17734",2018-07-23 02:20:00,32.5589,34.93943,32.55886,34.93919,"Israel","Israel",463.0940509,"confirmed dead",24,"unknown","Y","Y","N","transmitter recovered","Hit a train when feeding on a dead boer","Ornitela OT-30","legloop",30,NA,0.000124291828496923,1.00047106481481,"Israel","Israel",463
"EV10_17113","Neophron percnopterus","Egyptian Vulture Reintroduction Israel","middle east","EV10",17113,2017-07-15 00:05:00,"17399",2017-08-22 00:07:00,32.47179,34.98392,21.93007,32.24762,"Israel","Sudan",38.00115741,"confirmed transmitter failure",8,"unknown","Y","Y","N","resighted / recaptured",NA,"Ornitela OT-30","legloop",30,"Transmitter stopped working, bird seen alive summer 2019",1.73988777739833,1.00007060185185,"Israel","Sudan",38
"H42 Blue_180323","Neophron percnopterus","Egyptian Vulture Reintroduction Israel","middle east","H42 Blue",180323,2018-12-13 15:05:00,"17908",2019-01-13 03:55:00,32.75046,35.0175,30.19907,38.70304,"Israel","Saudi Arabia",30.53461806,"likely dead",6,"unknown","Y","Y","N","inferred from transmissions",NA,"Ornitela OT-30","legloop",30,NA,0.502657174574402,0.998774305555555,"Israel","Saudi Arabia",31
"H42 Green_171086","Neophron percnopterus","Egyptian Vulture Reintroduction Israel","middle east","H42 Green",171086,2017-12-13 04:06:00,"18045",2019-05-30 02:08:00,32.75216,35.01342,33.29406,36.83083,"Israel","Sudan",1051.94456,"alive",20,"unknown","Y","Y","N","active",NA,"Ornitela OT-30","legloop",30,NA,1.1223643134967,0.999715277777778,"Israel","Syrian Arab Republic",426
"H50 Green_171084","Neophron percnopterus","Egyptian Vulture Reintroduction Israel","middle east","H50 Green",171084,2017-12-13 04:06:00,"17750",2018-08-08 02:43:00,32.75217,35.01344,28.69043,33.55215,"Israel","Egypt",237.9425,"confirmed dead",7,"unknown","Y","Y","N","transmitter recovered","Found in a drinking pool, possibly drowned after exhaustion","Ornitela OT-30","legloop",30,NA,1.04943333147114,1.00133101851852,"Israel","Egypt",238
"H54 Green_180324","Neophron percnopterus","Egyptian Vulture Reintroduction Israel","middle east","H54 Green",180324,2018-12-22 04:09:00,"18036",2019-05-20 05:29:00,32.75208,35.01376,36.30633,40.2261,"Israel","Egypt",630.9288542,"unknown",20,"unknown","Y","Y","N",NA,NA,"Ornitela OT-30","legloop",30,NA,1.12123038477166,0.99880787037037,"Israel","Syrian Arab Republic",147
"H57 Green_180325","Neophron percnopterus","Egyptian Vulture Reintroduction Israel","middle east","H57 Green",180325,2018-12-23 04:10:00,"17989",2019-04-04 06:17:00,32.75209,35.01348,37.44422,36.87462,"Israel","Turkey",102.0884838,"confirmed dead",19,"unknown","Y","Y","N","transmitter recovered","Electrocuted","Ornitela OT-30","legloop",30,NA,0.581934917296726,1.01284953703704,"Israel","Turkey",97
"H60 Blue_16124","Neophron percnopterus","Egyptian Vulture Reintroduction Israel","middle east","H60 Blue",16124,2017-12-13 05:22:00,"18045",2019-05-30 01:33:00,32.75218,35.01342,33.07961,35.67799,"Israel","Saudi Arabia",645.9107755,"confirmed transmitter failure",19,"unknown","Y","Y","N","resighted / recaptured",NA,"Ornitela OT-30","legloop",30,"Transmitter stopped working, bird seen alive May 2020",0.00376865961678388,0.999778935185186,"Israel","Syrian Arab Republic",360
"H70 Green_180326","Neophron percnopterus","Egyptian Vulture Reintroduction Israel","middle east","H70 Green",180326,2018-12-22 04:10:00,"18045",2019-05-30 01:19:00,32.75211,35.01352,39.79147,40.38647,"Israel","Sudan",677.9448264,"alive",19,"unknown","Y","Y","N","active",NA,"Ornitela OT-30","legloop",30,NA,0.956698220381488,0.982671296296296,"Israel","Turkey",155
"H73 Blue_180327","Neophron percnopterus","Egyptian Vulture Reintroduction Israel","middle east","H73 Blue",180327,2018-12-24 04:10:00,"17983",2019-03-29 03:02:00,32.75222,35.01353,36.82848,35.58697,"Israel","Turkey",94.95304398,"confirmed dead",20,"unknown","Y","Y","N","transmitter recovered","Unknown, awaiting details from Turkish authorities","Ornitela OT-30","legloop",30,NA,0.539186103666673,0.998715277777778,"Israel","Turkey",95
"H81 Green_171081","Neophron percnopterus","Egyptian Vulture Reintroduction Israel","middle east","H81 Green",171081,2017-10-25 09:12:00,"18045",2019-05-30 01:53:00,32.75348,35.014,37.14785,34.91915,"Israel","Jordan",608.7034375,"unknown",6,"unknown","Y","Y","N","unknown",NA,"Ornitela OT-30","legloop",30,NA,2.11105298219529,0.996859953703704,"Israel","Turkey",510
"H92 Green_180320","Neophron percnopterus","Egyptian Vulture Reintroduction Israel","middle east","H92 Green",180320,2018-12-23 04:10:00,"17972",2019-03-18 03:22:00,32.75223,35.01348,32.75438,35.00495,"Israel","Israel",84.96701389,"confirmed transmitter failure",8,"unknown","Y","Y","N","resighted / recaptured",NA,"Ornitela OT-30","legloop",30,"Transmitter fell, seen alive March 2019",0.00181890758693584,0.999138888888889,"Israel","Israel",72
"H94 Blue_171085","Neophron percnopterus","Egyptian Vulture Reintroduction Israel","middle east","H94 Blue",171085,2017-12-13 04:06:00,"18032",2019-05-17 02:07:00,32.75212,35.01344,36.91549,31.88493,"Israel","Turkey",519.9177315,"confirmed dead",19,"unknown","Y","Y","N","transmitter recovered","Electrocuted","Ornitela OT-30","legloop",30,NA,1.32753642223972,1.00021064814815,"Israel","Turkey",520
"IH0 Red_190613","Neophron percnopterus","Egyptian Vulture Reintroduction Israel","middle east","IH0 Red",190613,2019-12-15 03:35:00,"18565",2020-10-31 00:00:00,32.7521,35.01347,15.7549,22.66235,"Israel","Egypt",320.0013889,"alive",7,"unknown","Y","Y","N","active","","Ornitela OT-30","legloop",30,NA,0.582226342601409,1.00116898148148,"Israel","Chad",321
"IH1 Red_190615","Neophron percnopterus","Egyptian Vulture Reintroduction Israel","middle east","IH1 Red",190615,2019-12-16 03:35:00,"18297",2020-02-06 00:00:00,32.75208,35.01346,26.45897,38.57135,"Israel","Saudi Arabia",50.98680556,"confirmed dead",6,"unknown","Y","Y","N","carcass found","Probably shot","Ornitela OT-30","legloop",30,"Confirmed dead and almost certainly shot by local collaborators, but the transmitter was never returned",0.661510187191361,0.996390046296297,"Israel","Saudi Arabia",52
"IH3 Red_190610","Neophron percnopterus","Egyptian Vulture Reintroduction Israel","middle east","IH3 Red",190610,2019-12-15 03:35:00,"18561",2020-10-31 00:00:00,32.75211,35.01348,14.06319,18.36313,"Israel","Chad",316.4205324,"alive",7,"unknown","Y","Y","N","active","","Ornitela OT-30","legloop",30,NA,0.750579440916428,1.69668402777778,"Israel","Chad",298
"IH4 Red_190614","Neophron percnopterus","Egyptian Vulture Reintroduction Israel","middle east","IH4 Red",190614,2019-12-16 03:35:00,"18534",2020-10-31 00:00:00,32.75203,35.01339,24.08796,38.48306,"Israel","Saudi Arabia",287.9526389,"unknown",6,"unknown","Y","Y","N","","","Ornitela OT-30","legloop",30,NA,1.55253535007854,0.999994212962963,"Israel","Saudi Arabia",289
"IH7 Red_190612","Neophron percnopterus","Egyptian Vulture Reintroduction Israel","middle east","IH7 Red",190612,2019-12-16 03:35:00,"18562",2020-10-31 00:00:00,32.75203,35.01358,30.72225,34.77411,"Israel","Israel",315.9736111,"alive",19,"unknown","Y","Y","N","active","","Ornitela OT-30","legloop",30,NA,0.658507475874611,1.00009259259259,"Israel","Israel",316
"IH9 Red_190611","Neophron percnopterus","Egyptian Vulture Reintroduction Israel","middle east","IH9 Red",190611,2019-12-16 03:35:00,"18524",2020-10-31 00:00:00,32.7521,35.01356,28.62306,31.45817,"Israel","Egypt",277.9675231,"unknown",18,"unknown","Y","Y","N","","","Ornitela OT-30","legloop",30,NA,0.851775411059772,1.00378472222222,"Israel","Egypt",279
"R0_16013","Neophron percnopterus","Egyptian Vulture Reintroduction Israel","middle east","R0",16013,2016-04-05 02:36:00,"17074",2016-10-01 04:05:00,32.55884,34.93922,29.51556,33.27859,"Israel","Egypt",179.0618403,"likely dead",10,"unknown","Y","Y","N","inferred from transmissions",NA,"Ornitela OT-30","legloop",30,NA,0.115793216627924,1.10032986111111,"Israel","Egypt",178
"R1_16012","Neophron percnopterus","Egyptian Vulture Reintroduction Israel","middle east","R1",16012,2016-04-05 02:40:00,"17654",2018-05-04 06:40:00,32.55898,34.93922,14.23023,24.59186,"Israel","Sudan",759.1668981,"unknown",11,"unknown","Y","Y","N","unknown",NA,"Ornitela OT-30","legloop",30,NA,0.907821379429094,1.19670138888889,"Israel","Sudan",638
"R2_16015","Neophron percnopterus","Egyptian Vulture Reintroduction Israel","middle east","R2",16015,2016-04-05 02:41:00,"17506",2017-12-06 05:00:00,32.55887,34.9393,11.29977,26.69971,"Israel","Sudan",1668.003438,"alive",11,"unknown","Y","Y","N","active",NA,"Ornitela OT-30","legloop",30,"Transmitter fell, seen alive June 2019",0.238855960301928,1.00040277777778,"Israel","Sudan",611
"R3_16011","Neophron percnopterus","Egyptian Vulture Reintroduction Israel","middle east","R3",16011,2016-04-05 02:41:00,"16904",2016-04-14 02:49:00,32.56094,34.93896,32.65054,34.98467,"Israel","Israel",9.005555556,"confirmed dead",10,"unknown","Y","Y","N","transmitter recovered","Probably snake bite","Ornitela OT-30","legloop",30,NA,0.0295854778426064,1.00061728395062,"Israel","Israel",9
"R4_16014","Neophron percnopterus","Egyptian Vulture Reintroduction Israel","middle east","R4",16014,2016-04-05 02:40:00,"16945",2016-05-25 01:52:00,32.55525,34.93398,36.19831,36.58388,"Israel","Turkey",49.96659722,"unknown",10,"unknown","Y","Y","N","unknown",NA,"Ornitela OT-30","legloop",30,NA,0.172753896361436,0.999125,"Israel","Turkey",50
"White 06_119245","Neophron percnopterus","Egyptian Vulture Reintroduction Israel","middle east","White 06",119245,2013-03-13 13:00:00,"16676",2015-08-30 00:00:00,32.75817,35.008,28.08683,33.976,"Israel","Egypt",900.7916667,"confirmed dead",13,"unknown","Y","Y","N","transmitter recovered",NA,"Microwave Telemetry, 30g Argos/GPS Solar PTTs","backpack",30,NA,0.611201922414319,1,"Israel","Egypt",873
"X34 Blue_16126","Neophron percnopterus","Egyptian Vulture Reintroduction Israel","middle east","X34 Blue",16126,2017-04-16 03:34:00,"17767",2018-08-25 03:30:00,32.55899,34.93927,20.56361,40.06383,"Israel","Saudi Arabia",495.9977431,"unknown",22,"unknown","Y","Y","N","unknown",NA,"Ornitela OT-30","legloop",30,NA,1.55060209948266,1.00029282407407,"Israel","Saudi Arabia",495
"X86 Blue_180321","Neophron percnopterus","Egyptian Vulture Reintroduction Israel","middle east","X86 Blue",180321,2018-12-24 04:11:00,"17898",2019-01-03 04:14:00,32.75218,35.01346,32.69992,34.9973,"Israel","Israel",10.00262731,"confirmed dead",8,"unknown","Y","Y","N","transmitter recovered","Electrocuted","Ornitela OT-30","legloop",30,NA,0.0323892813995559,1.00026273148148,"Israel","Israel",10
"Yellow 04_119246","Neophron percnopterus","Egyptian Vulture Reintroduction Israel","middle east","Yellow 04",119246,2013-03-16 14:00:00,"16539",2015-04-29 00:20:00,32.75233,35.00717,32.75233,35.01417,"Israel","Israel",758.5833333,"unknown",10,"unknown","Y","Y","N","unknown",NA,"Microwave Telemetry, 30g Argos/GPS Solar PTTs","backpack",30,NA,0.0464549915389652,1,"Israel","Israel",645
"Akev I11 Red_190598","Neophron percnopterus","Egyptian Vulture wild-birds Israel","middle east","Akev I11 Red",190598,2019-07-17 06:22:00,"18140",2019-09-03 00:00:00,30.81602287,34.82748795,30.7413997650146,32.322998046875,"Israel","Egypt",48.32475694,"confirmed dead",2,"unknown","Y","N","N","carcass found","Hit electric wire","Ornitela OT-30","legloop",30,"Confirmed dead by collaborators, but the transmitteer was never returned",0.521024704917089,1.14971875,"Israel","Egypt",38
"Amud H08 Blue_180318","Neophron percnopterus","Egyptian Vulture wild-birds Israel","middle east","Amud H08 Blue",180318,2018-08-20 14:46:00,"18045",2019-05-30 02:03:00,32.88889694,35.49689102,32.8911018371582,35.5010185241699,"Israel","Sudan",776.9058681,"alive",54,"unknown","Y","N","Y","active",NA,"Ornitela OT-30","legloop",30,"Found not flying, treated for a week at the Is Israel Wildlife Hospital and released. Migrated 2018 and returned to the same area in 2019, seen in a nest with two chicks.",0.0789983239913644,0.999672453703704,"Israel","Israel",283
"Amud_L 2019 I12 Red_190601","Neophron percnopterus","Egyptian Vulture wild-birds Israel","middle east","Amud_L 2019 I12 Red",190601,2019-07-28 03:38:00,"18172",2020-10-31 00:00:00,32.89109802,35.5013504,18.8985824584961,41.8946800231934,"Israel","Saudi Arabia",66.94175926,"unknown",3,"unknown","Y","N","N","","","Ornitela OT-30","legloop",30,NA,1.04731537400331,0.998891203703705,"Israel","Saudi Arabia",46
"Amud_S 2019 I17 Red_190602","Neophron percnopterus","Egyptian Vulture wild-birds Israel","middle east","Amud_S 2019 I17 Red",190602,2019-07-28 03:49:00,"18182",2020-10-01 00:00:00,32.89113998,35.50127411,15.9900131225586,24.3806896209717,"Israel","Sudan",76.98403935,"confirmed dead",3,"unknown","Y","N","N","carcass found","Caught and trasnferred to rehab but did not make it","Ornitela OT-30","legloop",30,NA,7.81961629791305e-05,1.00009027777778,"Israel","Sudan",51
"Barak I33 Red_200643","Neophron percnopterus","Egyptian Vulture wild-birds Israel","middle east","Barak I33 Red",200643,2020-07-01 14:10:00,"18565",2020-10-31 00:00:00,30.3999691,35.09963226,13.9229869842529,27.253849029541,"Israel","Sudan",120.643206,"alive",1,"unknown","Y","N","N","active","","Ornitela OT-30","legloop",30,NA,1.35068283763236,4.90532407407407,"Israel","Sudan",73
"David I03 Red_190591","Neophron percnopterus","Egyptian Vulture wild-birds Israel","middle east","David I03 Red",190591,2019-08-04 06:55:00,"18265",2020-01-05 00:00:00,31.47242165,35.37385941,13.1572999954224,16.5395793914795,"Israel","Chad",152.8965972,"confirmed dead",3,"unknown","Y","N","N","transmitter recovered","Probably natural","Ornitela OT-30","legloop",30,"Found dead in a dried-out natural drinking pool. No sighns of human cause of death",0.383045248890012,1.00072222222222,"Israel","Chad",153
"Divshon_L I14 Red_190599","Neophron percnopterus","Egyptian Vulture wild-birds Israel","middle east","Divshon_L I14 Red",190599,2019-07-21 03:57:00,"18565",2020-10-31 00:00:00,30.83724403,34.79572678,12.8678646087646,16.0786609649658,"Israel","Chad",467.0017593,"alive",2,"unknown","Y","N","N","active","","Ornitela OT-30","legloop",30,NA,0.324296127138485,1.00060416666667,"Israel","Chad",467
"Divshon_S I15 Red_190600","Neophron percnopterus","Egyptian Vulture wild-birds Israel","middle east","Divshon_S I15 Red",190600,2019-07-21 19:00:00,"18562",2020-10-31 00:00:00,30.83708763,34.79575348,15.3364963531494,18.4847373962402,"Israel","Chad",463.3829282,"alive",2,"unknown","Y","N","N","active","","Ornitela OT-30","legloop",30,NA,1.03041537239123,4.40112962962963,"Israel","Chad",274
"Ein-Ovdat1 I09 Red_190596","Neophron percnopterus","Egyptian Vulture wild-birds Israel","middle east","Ein-Ovdat1 I09 Red",190596,2019-07-17 03:22:00,"18512",2020-10-31 00:00:00,30.82795715,34.76644516,15.1056966781616,18.9383392333984,"Israel","Chad",418.5150463,"unknown",2,"unknown","Y","N","N","","","Ornitela OT-30","legloop",30,NA,0.526859513393405,7.53500462962963,"Israel","Chad",358
"Gamla 2018 H36 Green_180319","Neophron percnopterus","Egyptian Vulture wild-birds Israel","middle east","Gamla 2018 H36 Green",180319,2018-07-11 13:14:00,"17842",2018-11-08 05:44:00,32.89871979,35.76559448,10.8757486343384,28.5070457458496,"Israel","Sudan",119.6876968,"unknown",1,"unknown","Y","N","N","unknown",NA,"Ornitela OT-30","legloop",30,"Tagged in the nest",0.838527303170449,0.980086805555556,"Syrian Arab Republic","Sudan",72
"Gamla 2018 J4107_180322","Neophron percnopterus","Egyptian Vulture wild-birds Israel","middle east","Gamla 2018 J4107",180322,2018-07-11 12:04:00,"18045",2019-05-29 05:08:00,32.89861298,35.76422882,15.6501836776733,23.7217063903809,"Israel","Chad",802.6543866,"unknown",1,"unknown","Y","N","N",NA,NA,"Ornitela OT-30","legloop",30,"Tagged in the nest",0.703399021528349,0.999827546296296,"Syrian Arab Republic","Sudan",309
"Gamla Quarry I07 Red_190594","Neophron percnopterus","Egyptian Vulture wild-birds Israel","middle east","Gamla Quarry I07 Red",190594,2019-07-14 06:05:00,"18563",2020-10-31 00:00:00,32.90808487,35.74564743,14.0878715515137,26.9605941772461,"Israel","Sudan",471.9041319,"alive",2,"unknown","Y","N","N","active","","Ornitela OT-30","legloop",30,NA,0.796206637702747,1.55010185185185,"Syrian Arab Republic","Sudan",453
"Gamla Schuna I20 Red_200649","Neophron percnopterus","Egyptian Vulture wild-birds Israel","middle east","Gamla Schuna I20 Red",200649,2020-07-25 17:14:00,"18565",2020-10-31 00:00:00,32.90698242,35.73742676,12.9906969070435,16.4490871429443,"Israel","Chad",96.44811343,"alive",2,"unknown","Y","N","N","active","","Ornitela OT-30","legloop",30,NA,0.343662071183506,1.00038078703704,"Syrian Arab Republic","Chad",97
"Gamla Schuna_L I05 Red_190593","Neophron percnopterus","Egyptian Vulture wild-birds Israel","middle east","Gamla Schuna_L I05 Red",190593,2019-07-14 04:02:00,"18564",2020-10-31 00:00:00,32.90719223,35.7373848,17.9592189788818,31.1420860290527,"Israel","Sudan",473.1676389,"alive",2,"unknown","Y","N","N","active","","Ornitela OT-30","legloop",30,NA,0.147265733758214,1.03290740740741,"Syrian Arab Republic","Sudan",469
"Gamla Schuna_S I04 Red_190592","Neophron percnopterus","Egyptian Vulture wild-birds Israel","middle east","Gamla Schuna_S I04 Red",190592,2019-07-14 04:01:00,"18565",2020-10-31 00:00:00,32.90719986,35.73735046,13.3376302719116,17.9163074493408,"Israel","Sudan",473.9947917,"alive",2,"unknown","Y","N","N","active","","Ornitela OT-30","legloop",30,NA,0.135614413229916,1.000125,"Syrian Arab Republic","Chad",445
"Gazam I01 Red_190589","Neophron percnopterus","Egyptian Vulture wild-birds Israel","middle east","Gazam I01 Red",190589,2019-06-19 07:07:00,"18168",2020-10-31 00:00:00,30.54386711,34.96349335,11.6364898681641,40.4479637145996,"Israel","Ethiopia",101.8286343,"unknown",2,"unknown","Y","N","N","","","Ornitela OT-30","legloop",30,NA,0.137896762708179,0.967351851851852,"Israel","Ethiopia",89
"HBC IB5 Red_190587","Neophron percnopterus","Egyptian Vulture wild-birds Israel","middle east","HBC IB5 Red",190587,2020-08-28 10:34:00,"18565",2020-10-31 00:00:00,32.75244141,35.00444412,17.9518623352051,31.2604026794434,"Israel","Egypt",62.68739583,"alive",37,"unknown","Y","N","N","active","","Ornitela OT-30","legloop",30,NA,1.24289883194653,1.00059143518518,"Israel","Sudan",64
"Karbolet_L I22 Red_200651","Neophron percnopterus","Egyptian Vulture wild-birds Israel","middle east","Karbolet_L I22 Red",200651,2020-07-25 05:14:00,"18496",2020-10-31 00:00:00,30.61354256,34.9823761,28.8300342559814,34.0925178527832,"Israel","Egypt according to GPS, Yemen accoeding to capturer",27.88020833,"likely dead",2,"unknown","Y","N","N","inferred from transmissions","probably human","Ornitela OT-30","legloop",30,"A juvenile bird with a transmitter was caught and injured in Yemen. Although the rings and GPS were never recovered, this is the only bird that fits the description and was in yemen at the time.",0.284496165698143,0.988179398148148,"Israel","Egypt",29
"Karbolet_S I21 Red_200650","Neophron percnopterus","Egyptian Vulture wild-birds Israel","middle east","Karbolet_S I21 Red",200650,2020-08-07 11:14:00,"18565",2020-10-31 00:00:00,30.61026764,34.98283005,4.26729011535645,42.3770370483398,"Israel","Saudi Arabia",83.62040509,"alive",2,"unknown","Y","N","N","active","","Ornitela OT-30","legloop",30,NA,1.0357541328001,0.999862268518519,"Israel","Ethiopia",78
"Maok I37 Red_200647","Neophron percnopterus","Egyptian Vulture wild-birds Israel","middle east","Maok I37 Red",200647,2020-07-12 08:59:00,"18518",2020-10-31 00:00:00,30.61847115,35.03292847,26.9388637542725,32.4449081420898,"Israel","Egypt",62.73851852,"unknown",2,"unknown","Y","N","N","","","Ornitela OT-30","legloop",30,NA,0.864991277879862,1.00029166666667,"Israel","Egypt",51
"Masada I32 Red_200642","Neophron percnopterus","Egyptian Vulture wild-birds Israel","middle east","Masada I32 Red",200642,2020-07-06 19:00:00,"18557",2020-10-31 00:00:00,31.30982971,35.35600662,13.4312915802002,28.3316535949707,"Israel","Sudan",107.826794,"alive",1,"unknown","Y","N","N","active","","Ornitela OT-30","legloop",30,NA,0.245140008810529,2.90723148148148,"Israel","Sudan",79
"Parzuf_L I35 Red_200645","Neophron percnopterus","Egyptian Vulture wild-birds Israel","middle east","Parzuf_L I35 Red",200645,2020-07-06 05:03:00,"18564",2020-10-31 00:00:00,30.83784866,34.79663849,12.0208435058594,25.8519229888916,"Israel","Sudan",115.2476042,"alive",2,"unknown","Y","N","N","active","","Ornitela OT-30","legloop",30,NA,0.40470952232272,1.02090740740741,"Israel","Sudan",102
"Parzuf_S I34 Red_200644","Neophron percnopterus","Egyptian Vulture wild-birds Israel","middle east","Parzuf_S I34 Red",200644,2020-07-07 05:11:00,"18559",2020-10-31 00:00:00,30.84306145,34.79332352,14.1412734985352,26.0215396881104,"Israel","Sudan",108.9232176,"alive",2,"unknown","Y","N","N","active","","Ornitela OT-30","legloop",30,NA,0.562750315598756,1.00010532407407,"Israel","Sudan",77
"Rahaf I02 Red_190590","Neophron percnopterus","Egyptian Vulture wild-birds Israel","middle east","Rahaf I02 Red",190590,2019-07-22 19:00:00,"18551",2020-10-31 00:00:00,31.2869072,35.36289215,14.8537969589233,30.2632827758789,"Israel","Sudan",451.5930903,"alive",3,"unknown","Y","N","N","active","","Ornitela OT-30","legloop",30,NA,0.0826862056926856,1.68900347222222,"Israel","Sudan",394
"Rahaf I36 Red_200646","Neophron percnopterus","Egyptian Vulture wild-birds Israel","middle east","Rahaf I36 Red",200646,2020-08-07 07:18:00,"18564",2020-10-31 00:00:00,31.28735733,35.36172485,14.2964582443237,19.5097160339355,"Israel","Chad",82.85403935,"alive",3,"unknown","Y","N","N","active","","Ornitela OT-30","legloop",30,NA,0.428859228113111,2.39360416666667,"Israel","Chad",65
"Tlalim C48 Blue_171405","Neophron percnopterus","Egyptian Vulture wild-birds Israel","middle east","Tlalim C48 Blue",171405,2019-03-18 11:30:00,"18357",2020-04-06 00:00:00,30.8218708,34.83675003,30.8306179046631,34.921989440918,"Israel","Israel",383.625162,"confirmed dead",54,"unknown","Y","N","Y","transmitter recovered","poisoning","Ornitela OT-30","legloop",30,"Found (probably) posioned, treated for a week at the Is Israel Wildlife Hospital and released, then poisoned again the following year.",0.0652094451921943,0.999158564814815,"Israel","Israel",385
"Yeruham IB2 Red_190605","Neophron percnopterus","Egyptian Vulture wild-birds Israel","middle east","Yeruham IB2 Red",190605,2020-08-02 11:44:00,"18565",2020-10-31 00:00:00,30.82592583,34.83571243,18.0368976593018,31.5017547607422,"Israel","Sudan",88.63787037,"alive",50,"unknown","Y","N","Y","active","","Ornitela OT-30","legloop",30,NA,0.0332521661811939,1.00029861111111,"Israel","Sudan",90
"Zaror I18 Red_190603","Neophron percnopterus","Egyptian Vulture wild-birds Israel","middle east","Zaror I18 Red",190603,2019-08-14 06:53:00,"18558",2020-10-31 00:00:00,30.85448074,34.78138733,14.7360649108887,30.2492504119873,"Israel","Sudan",435.9590162,"alive",38,"unknown","Y","N","N","active","","Ornitela OT-30","legloop",30,NA,1.08274104264841,1.72468055555556,"Israel","Sudan",432
"Zaror I23 Red_190606","Neophron percnopterus","Egyptian Vulture wild-birds Israel","middle east","Zaror I23 Red",190606,2020-07-30 11:46:00,"18564",2020-10-31 00:00:00,30.81629181,34.82584,18.2726058959961,35.7444190979004,"Israel","Sudan",90.6246875,"alive",13,"unknown","Y","N","N","active","","Ornitela OT-30","legloop",30,NA,0.0639166448794611,1.00014930555555,"Israel","Sudan",92
"Zaror I24 Red_190607","Neophron percnopterus","Egyptian Vulture wild-birds Israel","middle east","Zaror I24 Red",190607,2020-07-30 11:56:00,"18508",2020-10-31 00:00:00,30.81640244,34.82646179,16.3949508666992,23.5201301574707,"Israel","Egypt",35.07574074,"likely transmitter failure",25,"unknown","Y","N","N","inferred from transmissions","","Ornitela OT-30","legloop",30,NA,2.52442574229154,5.35065856481481,"Israel","Chad",20
"Zaror I25 Red_200652","Neophron percnopterus","Egyptian Vulture wild-birds Israel","middle east","Zaror I25 Red",200652,2020-08-01 11:34:00,"18549",2020-10-31 00:00:00,30.80749512,34.81505203,14.8463430404663,32.4273681640625,"Israel","Sudan",73.63829861,"alive",14,"unknown","Y","N","N","active","","Ornitela OT-30","legloop",30,NA,0.000204640500115506,1.00005439814815,"Israel","Sudan",75
"Zaror I31 Red_200660","Neophron percnopterus","Egyptian Vulture wild-birds Israel","middle east","Zaror I31 Red",200660,2020-06-13 17:44:00,"18497",2020-10-31 00:00:00,30.83181763,34.8185997,30.4516983032227,35.0750160217285,"Israel","Egypt",70.47724537,"unknown",12,"unknown","Y","N","N","","","Ornitela OT-30","legloop",30,NA,0.287085903751361,1.00046296296296,"Israel","Israel",72
"Zavitan I06 Red_190595","Neophron percnopterus","Egyptian Vulture wild-birds Israel","middle east","Zavitan I06 Red",190595,2019-07-14 08:54:00,"18522",2020-10-31 00:00:00,32.94150543,35.70128632,16.4331817626953,23.5325489044189,"Israel","Chad",430.9109606,"unknown",2,"unknown","Y","N","N",NA,"","Ornitela OT-30","legloop",30,NA,0.333371423544454,2.51657638888889,"Syrian Arab Republic","Chad",403
"Zavitan I08 Red_190597","Neophron percnopterus","Egyptian Vulture wild-birds Israel","middle east","Zavitan I08 Red",190597,2019-07-14 11:38:00,"18565",2020-10-31 00:00:00,32.95182037,35.68684769,13.4195699691772,17.5263042449951,"Israel","Chad",473.6788194,"alive",2,"unknown","Y","N","N","active","","Ornitela OT-30","legloop",30,NA,0.325963737295474,1.00009027777778,"Syrian Arab Republic","Chad",463
"Zavitan I38 Red_200648","Neophron percnopterus","Egyptian Vulture wild-birds Israel","middle east","Zavitan I38 Red",200648,2020-07-27 17:14:00,"18561",2020-10-31 00:00:00,32.9520874,35.68681335,15.6330718994141,33.6876335144043,"Israel","Sudan",90.40078704,"alive",2,"unknown","Y","N","N","active","","Ornitela OT-30","legloop",30,NA,0.153221321772734,1.00010416666667,"Syrian Arab Republic","Sudan",90
"Gurman_114","Neophron percnopterus","Egyptian vultures Dagestan2","caucasus","Gurman",114,2017-07-24 12:12:00,"17839",2018-11-04 03:27:00,43.00113,47.20156,13.88479,43.77549,"Russia","Yemen",467.6354167,"likely transmitter failure",1,"unknown","Y","N","N","inferred from transmissions",NA,NA,NA,NA,"Tagged in the nest",0.287990285857034,0.998055555555555,"Russia","Yemen",449
"Kapchug_115","Neophron percnopterus","Egyptian vultures Dagestan2","caucasus","Kapchug",115,2017-07-23 10:37:00,"17434",2017-09-25 02:59:00,42.98421,47.18025,38.96566,48.78752,"Russia","Azerbaijan",63.68194444,"unknown",1,"unknown","Y","N","N","unknown",NA,NA,NA,NA,"Tagged in the nest",0.55905095499317,1.00576388888889,"Russia","Azerbaijan",31
"Malysh_116","Neophron percnopterus","Egyptian vultures Dagestan2","caucasus","Malysh",116,2017-07-23 08:18:00,"17453",2017-10-15 00:00:00,42.98465,47.18038,21.25267,40.69912,"Russia","Saudi Arabia",91.06944444,"confirmed dead",1,"unknown","Y","N","N","resighted / recaptured","Collision with wires on power line and delivered to a rehabilitation center",NA,NA,NA,"Tagged in the nest",1.04409985742142,1.33965277777778,"Russia","Saudi Arabia",62
"Sarygush_117","Neophron percnopterus","Egyptian vultures Dagestan2","caucasus","Sarygush",117,2017-07-23 08:18:00,"17425",2017-09-17 00:00:00,42.98449,47.18051,38.61449,44.75547,"Russia","Iraq",68.12152778,"confirmed dead",1,"unknown","Y","N","N","resighted / recaptured","Caught by poachers and sold in the market",NA,NA,NA,"Tagged in the nest",1.16479272671773,0.998402777777777,"Russia","Iran (Islamic Republic of)",38
"Agri_130662","Neophron percnopterus","Egyptian vultures in the Middle East and East Africa","caucasus","Agri",130662,2013-06-22 01:00:00,"16266",2014-07-19 14:00:00,40.08083,43.667,39.78467,43.24817,"Turkey","Turkey",388.875,"likely transmitter failure",54,"unknown","Y","N","N","unknown",NA,"Microwave 45g Argos/GPS Solar PTTs","backpack",45,NA,0.00013069047011839,3.45833333333333,"Turkey","Turkey",322
"Aras_118176","Neophron percnopterus","Egyptian vultures in the Middle East and East Africa","caucasus","Aras",118176,2012-08-18 13:00:00,"15740",2013-02-04 01:00:00,40.12183,43.5835,10.1725,40.24533,"Turkey","Ethiopia",169.5,"unknown",26,"unknown","Y","N","N","unknown",NA,"Microwave 45g Argos/GPS Solar PTTs","backpack",45,NA,0.0673421281048931,1,"Turkey","Ethiopia",163
"Ardahan_210","Neophron percnopterus","Egyptian vultures in the Middle East and East Africa","caucasus","Ardahan",210,2013-06-22 01:14:00,"16329",2014-09-17 00:27:00,40.07148,43.66676,18.66377,41.71488,"Turkey","Saudi Arabia",451.9668403,"likely transmitter failure",54,"unknown","Y","N","N","inferred from transmissions",NA,"Microwave 30g GSM","backpack",30,"GSM transmitter went offline in area previosuly known to loose signal",2.28165104277303,1.00078009259259,"Turkey","Saudi Arabia",449
"Armenia2_48500703868","Neophron percnopterus","Egyptian vultures in the Middle East and East Africa","caucasus","Armenia2",48500703868,2015-07-22 05:01:00,"16726",2015-10-18 00:01:00,39.491799,46.35705,7.746899,43.0665,"Armenia","Ethiopia",87.79166667,"unknown",25,"unknown","Y","N","N","unknown",NA,"Ecotone Saker-M 19g Solar GSM","backpack",19,NA,0.439060229093565,1,"Armenia","Ethiopia",89
"Armenia3_48500704009","Neophron percnopterus","Egyptian vultures in the Middle East and East Africa","caucasus","Armenia3",48500704009,2015-07-24 00:02:00,"16745",2015-11-07 00:02:00,39.5061,46.345799,6.094516,44.7678,"Armenia","Ethiopia",105,"unknown",54,"unknown","Y","N","N","unknown",NA,"Ecotone Saker-M 19g Solar GSM","backpack",19,NA,0.268570707675271,1.12513888888889,"Armenia","Ethiopia",90
"Arpacay_118174","Neophron percnopterus","Egyptian vultures in the Middle East and East Africa","caucasus","Arpacay",118174,2012-08-20 17:00:00,"15608",2012-09-26 00:00:00,40.123,43.60117,33.23983,44.96333,"Turkey","Iraq",35.33333333,"confirmed dead",26,"unknown","Y","N","N","resighted / recaptured","emaciation on migration, although potentially poisoned or collision. Not entirely sure","Microwave 45g Argos/GPS Solar PTTs","backpack",45,NA,0.788844136830195,1.1,"Turkey","Iraq",29
"Cabuk_132087","Neophron percnopterus","Egyptian vultures in the Middle East and East Africa","caucasus","Cabuk",132087,2014-07-01 03:00:00,"16776",2015-12-08 02:00:00,40.0833,43.6676,11.0731,40.3362,"Turkey","Ethiopia",523.9583218,"likely dead",13,"unknown","Y","N","N","inferred from transmissions",NA,"Northstar 30g Argos/GPS Solar PTTs","backpack",30,NA,0.217766030255491,1.1,"Turkey","Ethiopia",512
"Haydi_132084","Neophron percnopterus","Egyptian vultures in the Middle East and East Africa","caucasus","Haydi",132084,2014-06-09 02:46:00,"16905",2016-04-15 08:00:00,40.0813,43.6665,1.6534,37.8023,"Turkey","Kenya",674.9681944,"likely dead",24,"unknown","Y","N","N","inferred from transmissions",NA,"Northstar 30g Argos/GPS Solar PTTs","backpack",30,"tried to get Kenyan colleagues to track down tag, but were unable",0,1.03333333333333,"Turkey","Kenya",661
"Igdir_118175","Neophron percnopterus","Egyptian vultures in the Middle East and East Africa","caucasus","Igdir",118175,2012-08-22 05:00:00,"16476",2015-02-11 00:00:00,40.12167,43.5835,4.7795,42.7135,"Turkey","Ethiopia",901.875,"confirmed dead",54,"unknown","Y","N","N","transmitter recovered","poisoning","Microwave 45g Argos/GPS Solar PTTs","backpack",45,NA,0.217724867551098,1,"Turkey","Ethiopia",854
"Iste_132086","Neophron percnopterus","Egyptian vultures in the Middle East and East Africa","caucasus","Iste",132086,2014-06-10 02:36:00,"18432",2020-06-22 16:00:00,40.0831,43.6674,39.7931,42.5251,"Turkey","Turkey",2201.225035,"likely transmitter failure",54,"unknown","Y","N","N","inferred from transmissions",NA,"Northstar 30g Argos/GPS Solar PTTs","backpack",30,NA,0.0299097956463271,5.05826736111111,"Turkey","Turkey",2063
"Logiya_118174","Neophron percnopterus","Egyptian vultures in the Middle East and East Africa","caucasus","Logiya",118174,2013-12-01 05:00:00,"18554",2020-10-19 03:00:00,11.71533,40.974,11.00967,41.21317,"Ethiopia","Ethiopia",2524.833333,"alive",30,"unknown","Y","N","N","active",NA,"Microwave 45g Argos/GPS Solar PTTs","backpack",45,"tagged in Horn of Africa. Population determination based on where they migrated to. For birds that did not migrate, left as HoA",0.000863888981234009,1.1,"Ethiopia","Ethiopia",2231
"Orada_48500703778","Neophron percnopterus","Egyptian vultures in the Middle East and East Africa","caucasus","Orada",48500703778,2015-07-21 12:08:00,"17207",2017-02-10 00:00:00,39.511333,46.398683,9.370999,40.442116,"Armenia","Ethiopia",569.4944444,"unknown",13,"unknown","Y","N","N","unknown",NA,"Ecotone Saker-M 19g Solar GSM","backpack",19,NA,0.0869091711166183,1.00006944444444,"Armenia","Ethiopia",571
"Serhat_10007","Neophron percnopterus","Egyptian vultures in the Middle East and East Africa","caucasus","Serhat",10007,2014-06-17 15:59:00,"16373",2014-10-30 01:12:00,40.19459,43.63137,10.5359,40.455,"Turkey","Ethiopia",134.3840278,"unknown",54,"unknown","Y","N","N","unknown",NA,"Turkish home made","backpack",30,NA,0.233944036035574,0.919791666666667,"Turkey","Ethiopia",124
"Tuzluca_209","Neophron percnopterus","Egyptian vultures in the Middle East and East Africa","caucasus","Tuzluca",209,2013-06-22 01:14:00,"17078",2016-10-05 00:29:00,40.081,43.66704,21.3274,40.15558,"Turkey","Saudi Arabia",1200.968542,"likely transmitter failure",54,"unknown","Y","N","N","inferred from transmissions",NA,"Microwave 30g GSM","backpack",30,"GSM transmitter went offline in area previosuly known to loose signal",1.81114948838826,1.00174305555555,"Turkey","Saudi Arabia",1193
"Arribas_171068","Neophron percnopterus","LIFE_Rupis_EgyptianVultures","western europe","Arribas",171068,2019-08-14 11:18:00,"18554",2020-10-19 18:13:00,41.04129,-6.870823,14.72836,-7.322953,"Portugal","Mali",442.0408102,"alive",1,"unknown","Y","N","N","active",NA,"Ornitela_3G","backpack",25,"chick marked in the nest on the ‚Äã31.07.2019 Territory Poiares",0.14927757676526,0.999972222222221,"Spain","Mali",432
"Bruco_48505470927","Neophron percnopterus","LIFE_Rupis_EgyptianVultures","western europe","Bruco",48505470927,2017-07-20 06:00:00,"17535",2018-01-04 06:00:00,41.19502,-6.680866,13.89748,-9.689316,"Spain","Mali",168,"likely dead",37,"M","Y","N","N","unknown",NA,"Ecotone SAKER H LF","backpack",35,"Fate unknown - data stopped transmitting in south-central Mali",0.0663852154585282,0.999999999999999,"Spain","Mali",164
"Douro_48797733050","Neophron percnopterus","LIFE_Rupis_EgyptianVultures","western europe","Douro",48797733050,2017-06-13 06:00:00,"18019",2019-05-07 06:01:00,40.9598,-6.833833,40.92567,-6.693199,"Spain","Spain",689,"confirmed transmitter failure",54,"M","Y","N","N","resighted / recaptured",NA,"Ecotone SKUA H LF","backpack",35,"Transmitter confirmed detached on 7th May 2019_Bird resighted a couple of days later incubating alive and well https://www.4vultures.org/2019/05/28/the-mystery-of-egyptian-vulture-douro-s-lost-gps-transmitter/",0.063626275758785,0.999999999999999,"Spain","Spain",683
"Faia_48505476460","Neophron percnopterus","LIFE_Rupis_EgyptianVultures","western europe","Faia",48505476460,2017-06-13 08:00:00,"18499",2020-08-26 11:00:00,40.92637,-6.943999,29.76518,-7.176166,"Portugal","Morocco",1168.916667,"unknown",54,"F","Y","N","N",NA,NA,"Ecotone SAKER H LF","backpack",35,"alive_last location during fall migration 2020 likely out of transmission signal",1.61617856791467,0.999999999999999,"Portugal","Morocco",1165
"Fangueiro_16094","Neophron percnopterus","LIFE_Rupis_EgyptianVultures","western europe","Fangueiro",16094,2020-07-14 06:08:00,"18565",2020-10-31 00:00:00,41.15391,-6.72716,32.79191,-5.032318,"Spain",NA,107.9939815,"alive",14,"M","Y","N","Y","active",NA,NA,NA,NA,"extensive treatment, held captive >1 year, feather implants, etc. ",0.599892748233187,1.00020949074074,"Spain","Morocco",109
"Iberia_171076","Neophron percnopterus","LIFE_Rupis_EgyptianVultures","western europe","Iberia",171076,2019-10-31 08:52:00,"18220",2020-10-31 00:00:00,40.61681,-7.742865,30.14985,9.328107,"Spain","Algeria",19.87606481,"confirmed dead",5,NA,"Y","N","Y","resighted / recaptured",NA,NA,NA,NA,"This bird was transferred from rehab centre in Portugal for release in Extremadura late last autumn - not ideal, but there were no facilities in the rehab centre to keep the bird and it was considered better at the time to release the bird rather than keep it in captivity. It migrated much further east, achieved a successful sea crossing but ended up recaptured in east Algeria. ",0.743137088446672,0.998792824074072,"Portugal","Algeria",21
"JuvSendim_16094","Neophron percnopterus","LIFE_Rupis_EgyptianVultures","western europe","JuvSendim",16094,2019-08-10 07:11:00,"18134",2019-08-26 12:47:00,41.38648,-6.390967,41.38895,-6.385813,"Portugal","Portugal",21.94640046,"confirmed dead",1,"unknown","Y","N","N","carcass found","unknown","Ornitela_2G","backpack",25,"Chick marked in the nest on the 01.08.2019. Found dead 02.09.2019 awaiting necropsy results",0.00316863866542174,0.998667824074073,"Spain","Spain",17
"Poiares_48797733001","Neophron percnopterus","LIFE_Rupis_EgyptianVultures","western europe","Poiares",48797733001,2017-06-01 12:34:00,"17488",2018-04-05 07:00:00,40.8981,-6.9674,14.0555,-11.87497,"Portugal","Portugal",169.7673611,"likely transmitter failure",54,"F","Y","N","Y","inferred from transmissions",NA,"Ecotone SKUA H GRIFFON LF","backpack",35,"Bird was found weak May29th_taken to rehab centre for 3 days treatment and released at Penedo do Durao on 3rd June. Data transmissions were erratic from winter 2017-18_two isolated GPS locations received from summer range after months of receiving no data. Bird never resighted since. Suspected transmitter failure. ",2.88794652116587,14.685625,"Portugal","Mali",171
"Rupis_48511694900","Neophron percnopterus","LIFE_Rupis_EgyptianVultures","western europe","Rupis",48511694900,2016-07-15 06:00:00,"18555",2020-10-20 09:00:00,41.47712,-6.270032,14.91315,-8.250733,"Spain","Mali",1559.040972,"alive",25,"unknown","Y","N","N","active",NA,"Ecotone Skua-H","backpack",35,"Data received from Mali on Oct 12th after 11 months of no data due to faulty transmitter https://www.4vultures.org/surprise-gps-data-received-from-egyptian-vulture-rupis/",0.208493749595529,1,"Spain","Mali",1201
"Akaga_171362","Neophron percnopterus","Neophron percnopterus Bulgaria/Greece","balkans","Akaga",171362,2018-05-16 00:15:00,"18046",2019-05-30 06:19:00,41.59422,25.64131,12.42761,40.24209,"Bulgaria","Ethiopia",531.0727431,"unknown",11,"unknown","Y","Y","N",NA,NA,"Ornitela","backpack",30,NA,0.238178117528186,1.00063888888889,"Bulgaria","Ethiopia",380
"Anahita_200640","Neophron percnopterus","Neophron percnopterus Bulgaria/Greece","balkans","Anahita",200640,2020-08-06 11:14:00,"18520",2020-09-16 00:00:00,41.61692,25.65063,36.81611,36.31757,"Bulgaria","Lebanon",84.65621528,"confirmed dead",2,"unknown","Y","N","N","found alive","Shot","Ornitela","legloop",30,"The bird was shot in Lebanon but found by our partners there and currently is under rehabilitation",1.43300088226444,0.998429398148148,"Bulgaria","Turkey",40
"Andi_182261","Neophron percnopterus","Neophron percnopterus Bulgaria/Greece","balkans","Andi",182261,2019-05-15 01:04:00,"18500",2020-10-31 00:00:00,41.5944,25.64131,14.46279,27.01891,"Bulgaria",NA,469.1234722,"unknown",11,"M","Y","Y","N",NA,NA,"Ornitela","backpack",30,"",0.367544988824115,0.999744212962962,"Bulgaria","Sudan",376
"Anna_171348","Neophron percnopterus","Neophron percnopterus Bulgaria/Greece","balkans","Anna",171348,2018-08-10 00:53:00,"17788",2018-09-15 00:01:00,41.63583,25.85589,37.04358,34.67748,"Bulgaria","Turkey",35.96383102,"confirmed dead",2,"F","Y","Y","N","resighted / recaptured","exhaustion","Ornitela","backpack",30,"would have died of exhaustion, but recaptured",1.28224194907367,0.999195601851852,"Bulgaria","Turkey",34
"Aoos_118154","Neophron percnopterus","Neophron percnopterus Bulgaria/Greece","balkans","Aoos",118154,2015-04-17 17:00:00,"18042",2019-05-27 08:17:00,40.13267,20.54217,40.023,20.69083,"Albania","Albania",2021.833333,"alive",54,"F","Y","N","N","active",NA,"Microwave satellite","backpack",45,"tagged in Greece, but bred in Albania",1.18282087296392,5.44583333333334,"Albania","Greece",978
"Arda_118147","Neophron percnopterus","Neophron percnopterus Bulgaria/Greece","balkans","Arda",118147,2012-08-17 12:00:00,"15705",2013-01-01 00:00:00,41.64133,25.8815,10.79567,28.50917,"Bulgaria","Sudan",199.5833333,"likely dead",2,"unknown","Y","N","N","inferred from transmissions","unknown","Microwave satellite","backpack",45,"The bird died on 29.12.2012. Since then it is transmitting from the same location",0.0539027798066329,1,"Bulgaria","Sudan",133
"Ardi_182265","Neophron percnopterus","Neophron percnopterus Bulgaria/Greece","unknown","Ardi",182265,2019-01-24 14:29:00,"17936",2019-02-10 00:00:00,11.79798,41.05655,20.4841,42.82687,"Ethiopia","Saudi Arabia",644.481713,"confirmed dead",54,"unknown","Y","N","N","carcass found","suspected poisoning","Ornitela","backpack",30,"mortality date in 2019, but still transmitting as of Oct 2020?",0.929943500995983,1.00034722222222,"Ethiopia","Saudi Arabia",17
"Asparuh_131250","Neophron percnopterus","Neophron percnopterus Bulgaria/Greece","balkans","Asparuh",131250,2013-08-14 10:00:00,"15957",2013-09-10 00:00:00,41.6255,25.89517,37.37717,21.8925,"Bulgaria",NA,28.70833333,"confirmed dead",2,"unknown","Y","N","N","terminated over water","drowned","Microwave satellite","backpack",45,"track ends in sea",1.28095745467569,1.00416666666667,"Bulgaria","Greece",27
"Awash_182257","Neophron percnopterus","Neophron percnopterus Bulgaria/Greece","unknown","Awash",182257,2019-12-09 11:05:00,"18463",2020-07-20 12:00:00,8.90153,39.91187,22.23419,40.33379,"Ethiopia","Saudi Arabia",305.619838,"confirmed dead",6,"","Y","N","N","carcass found","Unknown","Ornitela","legloop",30,"migrated around Red Sea - young bird, so hard to know its population!",0.527894296179717,1.00041550925926,"Ethiopia","Saudi Arabia",225
"Belgin_171346","Neophron percnopterus","Neophron percnopterus Bulgaria/Greece","balkans","Belgin",171346,2018-08-09 01:56:00,"17791",2018-09-18 00:17:00,41.63591,25.85634,38.14329,28.86849,"Bulgaria","Turkey",39.93148148,"likely dead",2,"unknown","Y","N","N","inferred from transmissions","drowned","Ornitela","backpack",30,"track ends in sea",0.724600126999627,1.00002314814815,"Bulgaria","Turkey",40
"Berenice_130672","Neophron percnopterus","Neophron percnopterus Bulgaria/Greece","balkans","Berenice",130672,2013-08-02 03:00:00,"15956",2013-09-09 12:00:00,39.8,21.68933,34.2145,23.16867,"Greece",NA,36.95833333,"confirmed dead",2,"unknown","Y","N","N","terminated over water","drowned","Microwave satellite","backpack",45,"track ends in sea",0.816405145814024,1.0375,"Greece",NA,35
"Blanka_171345","Neophron percnopterus","Neophron percnopterus Bulgaria/Greece","balkans","Blanka",171345,2018-08-02 06:02:00,"17812",2018-10-09 00:00:00,41.64997,25.84464,11.79961,41.72454,"Bulgaria","Ethiopia",77.7497338,"confirmed dead",2,"F","Y","Y","N","carcass found","probably injured by people/animals and suffered to death","Ornitela","backpack",30,"The bird died on 21.10 in the morning",0.818655795049476,1.00001041666667,"Bulgaria","Ethiopia",68
"Boris_149505","Neophron percnopterus","Neophron percnopterus Bulgaria/Greece","balkans","Boris",149505,2015-07-21 04:00:00,"18046",2019-05-30 04:00:00,41.59483,25.64133,41.61667,25.65183,"Bulgaria","Bulgaria",1927.875,"alive",54,"M","Y","N","N","active",NA,"Microwave satellite","backpack",45,NA,0.0152764842734551,0.999999999999999,"Bulgaria","Bulgaria",1410
"Boyana_171357","Neophron percnopterus","Neophron percnopterus Bulgaria/Greece","balkans","Boyana",171357,2018-05-16 00:16:00,"18045",2019-05-30 03:09:00,41.59446,25.64116,13.19594,17.18089,"Bulgaria","Chad",898.1742593,"alive",11,"F","Y","Y","N","active",NA,"Ornitela","backpack",30,NA,0.0319836820666256,0.999791666666667,"Bulgaria","Chad",379
"Castor_135955","Neophron percnopterus","Neophron percnopterus Bulgaria/Greece","balkans","Castor",135955,2014-05-14 11:00:00,"16846",2016-02-15 01:00:00,40.62333,21.51933,6.76017,42.83233,"Greece","Ethiopia",641.5833333,"unknown",54,"unknown","Y","N","Y","unknown","unknown","Microwave satellite","backpack",45,"tagged after found disorientated due to lead poisoning",0.0107924503676179,1,"Greece","Ethiopia",643
"Chuupa_182258","Neophron percnopterus","Neophron percnopterus Bulgaria/Greece","middle east","Chuupa",182258,2019-01-20 09:16:00,"18565",2020-10-31 00:00:00,8.9010933,39.90649,9.731875,41.25142,"Ethiopia",NA,648.7091782,"alive",8,"","Y","N","N","still transmitting",NA,"Ornitela","backpack",30,"breeds in central Anatolia",0.00470966578073519,1.00002893518519,"Ethiopia","Ethiopia",650
"Dalol_182250","Neophron percnopterus","Neophron percnopterus Bulgaria/Greece","unknown","Dalol",182250,2019-12-15 05:19:00,"18565",2020-10-31 00:00:00,11.713746,40.9760387,11.65166,40.93007,"Ethiopia",NA,319.8584722,"alive",6,"","Y","N","N","still transmitting",NA,"Ornitela","legloop",30,"migrated around Red Sea - young bird, so hard to know its population!",0.015119241046854,1.00005555555555,"Ethiopia","Ethiopia",321
"Deni_200636","Neophron percnopterus","Neophron percnopterus Bulgaria/Greece","balkans","Deni",200636,2020-08-03 04:57:00,"18565",2020-10-31 00:00:00,41.59466,25.64153,14.29487,19.50808,"Bulgaria",NA,87.95199074,"alive",2,"","Y","Y","N","active",NA,"Ornitela","legloop",30,"",0.0952585104642196,1.00016319444445,"Bulgaria","Chad",89
"Dobromir_118150","Neophron percnopterus","Neophron percnopterus Bulgaria/Greece","balkans","Dobromir",118150,2012-08-16 18:00:00,"17068",2016-09-24 02:00:00,43.14567,27.63883,14.50783,30.302,"Bulgaria","Sudan",1499.333333,"unknown",2,"unknown","Y","N","N","unknown","shot","Microwave satellite","backpack",45,"probably killed but no evidence could be obtained. Last locations from inside a village",0.583417937588748,1,"Bulgaria","Sudan",1490
"Elodie_135956","Neophron percnopterus","Neophron percnopterus Bulgaria/Greece","balkans","Elodie",135956,2016-09-01 10:00:00,"17421",2017-09-13 03:00:00,43.64833,26.0605,15.01317,7.67117,"Bulgaria","Niger",375.7083333,"confirmed dead",2,"F","Y","Y","N","transmitter recovered","shot","Microwave satellite","backpack",45,NA,0.011753653361367,1,"Bulgaria","Niger",376
"Ertale_182252","Neophron percnopterus","Neophron percnopterus Bulgaria/Greece","balkans","Ertale",182252,2019-01-26 09:05:00,"18045",2019-05-30 00:32:00,11.54074,40.81602,39.22865,31.83261,"Ethiopia","Turkey",642.766331,"alive",54,"unknown","Y","N","N","active",NA,"Ornitela","backpack",30,"tagged in Horn of Africa. Population determination based on where they migrated to. For birds that did not migrate, left as HoA",0.327123947019208,0.999222222222222,"Ethiopia","Turkey",124
"Fer_182253","Neophron percnopterus","Neophron percnopterus Bulgaria/Greece","balkans","Fer",182253,2019-05-15 01:04:00,"18246",2019-12-17 00:00:00,41.59443,25.64137,36.71949,28.72986,"Bulgaria","Turkey",534.1948843,"confirmed dead",11,"M","Y","Y","N","carcass found","Unknown","Ornitela","backpack",30,"mortality date in 2019, but still transmitting as of Oct 2020?",0.0235677908693752,1.00039814814815,"Bulgaria","Turkey",216
"Hedjet_171349","Neophron percnopterus","Neophron percnopterus Bulgaria/Greece","balkans","Hedjet",171349,2019-08-02 05:27:00,"18538",2020-10-31 00:00:00,41.63582,25.85594,15.16983,18.83415,"Bulgaria",NA,428.1618287,"unknown",2,"unknown","Y","N","N","active",NA,"Ornitela","backpack",30,"",0.863480596517946,7.94894328703704,"Bulgaria","Chad",365
"Heracles_130676","Neophron percnopterus","Neophron percnopterus Bulgaria/Greece","balkans","Heracles",130676,2013-08-22 07:00:00,"15957",2013-09-10 00:00:00,39.79217,21.55817,36.90367,21.88883,"Greece",NA,21.83333333,"confirmed dead",2,"unknown","Y","N","N","terminated over water","drowned","Microwave satellite","backpack",45,"track ends in sea",0.457226159004439,0.999999999999999,"Greece","Greece",19
"Ibrahim_131248","Neophron percnopterus","Neophron percnopterus Bulgaria/Greece","balkans","Ibrahim",131248,2013-08-02 14:00:00,"15972",2013-09-25 04:00:00,41.618,25.6495,34.981,25.241,"Bulgaria",NA,52.5,"likely transmitter failure",2,"unknown","Y","N","N","inferred from transmissions","unknown","Microwave satellite","backpack",45,"Not clear if the bird really died or the transmitter failed. ",0.244064967414702,1.00833333333333,"Bulgaria",NA,38
"Ikaros_118145","Neophron percnopterus","Neophron percnopterus Bulgaria/Greece","balkans","Ikaros",118145,2012-08-12 19:00:00,"15589",2012-09-07 00:00:00,39.80383,21.68783,35.2265,26.26983,"Greece",NA,29.45833333,"confirmed dead",2,"unknown","Y","N","N","terminated over water","drowned","Microwave satellite","backpack",45,"track ends in sea",0.883964325203041,0.9875,"Greece",NA,21
"Iliaz_118153","Neophron percnopterus","Neophron percnopterus Bulgaria/Greece","balkans","Iliaz",118153,2012-08-30 06:00:00,"18046",2019-05-30 12:00:00,41.44,25.56833,41.2745,25.19317,"Bulgaria","Bulgaria",2982.875,"alive",2,"unknown","Y","N","N","active",NA,"Microwave satellite","backpack",45,NA,0.0453742062033718,1.10833333333333,"Bulgaria","Bulgaria",2444
"Ilin_130675","Neophron percnopterus","Neophron percnopterus Bulgaria/Greece","balkans","Ilin",130675,2013-08-20 09:00:00,"16004",2013-10-27 17:00:00,41.76817,21.72317,41.99067,21.45017,"The former Yugoslav Republic of Macedonia","The former Yugoslav Republic of Macedonia",67.33333333,"confirmed dead",2,"unknown","Y","N","N","carcass found","predation","Microwave satellite","backpack",45,"Found dead near the nest, killed by predator",0.0383900261207921,6.04166666666667,"The former Yugoslav Republic of Macedonia","The former Yugoslav Republic of Macedonia",18
"Ilina_130674","Neophron percnopterus","Neophron percnopterus Bulgaria/Greece","balkans","Ilina",130674,2013-08-05 09:00:00,"15972",2013-09-25 00:00:00,41.769,21.72467,36.32067,30.084,"The former Yugoslav Republic of Macedonia",NA,56.875,"confirmed dead",2,"unknown","Y","N","N","carcass found","predation","Microwave satellite","backpack",45,"Most probably killed by Bonneli's eagle",1.27585845302721,0.995833333333333,"The former Yugoslav Republic of Macedonia","Turkey",40
"Izi_171354","Neophron percnopterus","Neophron percnopterus Bulgaria/Greece","balkans","Izi",171354,2020-05-22 03:53:00,"18565",2020-10-31 00:00:00,41.59438,25.64132,32.61349,35.01388,"Bulgaria",NA,160.9961227,"alive",11,"unknown","Y","Y","N","active",NA,"Ornitela","legloop",30,"",1.39041417629669,0.999105324074074,"Bulgaria","Israel",162
"Jenny_149507","Neophron percnopterus","Neophron percnopterus Bulgaria/Greece","balkans","Jenny",149507,2015-07-30 10:00:00,"18044",2019-05-28 02:00:00,41.58367,25.65033,41.59167,25.44517,"Bulgaria","Bulgaria",1918.708333,"alive",54,"F","Y","N","N","active",NA,"Microwave satellite","backpack",45,NA,0.0186589189048621,0.999999999999999,"Bulgaria","Bulgaria",1388
"Katerina_130671","Neophron percnopterus","Neophron percnopterus Bulgaria/Greece","balkans","Katerina",130671,2013-08-24 08:00:00,"15969",2013-10-01 00:00:00,41.14467,26.18267,32.53917,27.41,"Greece","Egypt",371.9583333,"likely dead",2,"unknown","Y","N","N","inferred from transmissions","drowned","Microwave satellite","backpack",45,"Bird drowned on the 18/9/2013 although carcass likely washed up on beach in Egypt on the 10/10/2013. Contacted locals to try to find it. Claimed they never did but a year later there were some fixes from Alexandria!!",1.15276605661852,2.63333333333333,"Greece",NA,22
"Lazaros_108050","Neophron percnopterus","Neophron percnopterus Bulgaria/Greece","balkans","Lazaros",108050,2012-06-23 22:00:00,"15795",2013-03-31 10:00:00,39.789,21.7325,41.05583,24.14917,"Greece","Greece",280.5,"confirmed dead",54,"F","Y","N","Y","carcass found","poisoning","Microwave satellite","backpack",45,"Tagged after being found poisoned in Meteora; poisoned again one year later",2.33985215968541,1.01666666666667,"Greece","Greece",282
"Lenka_171345","Neophron percnopterus","Neophron percnopterus Bulgaria/Greece","balkans","Lenka",171345,2019-08-26 02:30:00,"18215",2019-11-17 00:00:00,41.64299,25.87877,35.02529,26.07087,"Bulgaria","Greece",81.0878588,"confirmed dead",2,"F","Y","Y","N","carcass found","Unknown","Ornitela","backpack",30,"",0.014720628765474,1.00065277777778,"Bulgaria",NA,82
"Levkipos_118146","Neophron percnopterus","Neophron percnopterus Bulgaria/Greece","balkans","Levkipos",118146,2012-08-07 16:00:00,"16466",2015-02-01 00:00:00,41.089,26.13933,10.86567,26.57283,"Greece","Sudan",1044.416667,"likely transmitter failure",2,"unknown","Y","N","N","inferred from transmissions","unknown","Microwave satellite","backpack",45,"The bird died on 26.01.2015. Since then transmitter was sending signal from the same location",0.0776934029907308,1,"Greece","Sudan",897
"Loma_182260","Neophron percnopterus","Neophron percnopterus Bulgaria/Greece","middle east","Loma",182260,2019-12-16 03:56:00,"18367",2020-04-16 00:00:00,11.713746,40.9760387,36.40784,44.77937,"Ethiopia","Iraq",120.875544,"confirmed dead",54,"","Y","N","N","carcass found","shot","Ornitela","legloop",30,"cause of death officially unknown, but circumstances indicate it was shot (picked up within minutes of dying!)",0.142725894144882,1.01474074074074,"Ethiopia","Iraq",122
"Lomets_118149","Neophron percnopterus","Neophron percnopterus Bulgaria/Greece","balkans","Lomets",118149,2016-08-26 12:00:00,"17058",2016-09-14 02:00:00,43.648,26.05967,34.9825,32.51567,"Bulgaria","Cyprus",18.58333333,"confirmed dead",2,"M","Y","Y","N","terminated over water","drowned","Microwave satellite","backpack",45,"Track ends in sea. Captive-bred from Vienna Zoo; originates from Turkish population",1.54377052954015,1,"Bulgaria","Cyprus",20
"Lucky_193632","Neophron percnopterus","Neophron percnopterus Bulgaria/Greece","balkans","Lucky",193632,2020-06-24 08:31:00,"18563",2020-10-31 00:00:00,41.59387,25.64417,11.52976,29.79725,"Bulgaria",NA,125.7726505,"alive",25,"unknown","Y","N","N","active",NA,"Ornitela","legloop",30,"",1.10579117877094,0.997793981481482,"Bulgaria","Sudan",127
"Macedonia_61952","Neophron percnopterus","Neophron percnopterus Bulgaria/Greece","balkans","Macedonia",61952,2011-08-10 05:00:00,"15233",2011-09-17 00:00:00,41.18317,21.717,40.5305,23.20483,"The former Yugoslav Republic of Macedonia",NA,39,"confirmed dead",2,"unknown","Y","N","N","terminated over water","drowned","Microwave satellite","backpack",45,"track ends in sea",0.771181247160405,1.00416666666667,"The former Yugoslav Republic of Macedonia","Greece",34
"Maria_149504","Neophron percnopterus","Neophron percnopterus Bulgaria/Greece","balkans","Maria",149504,2016-08-14 02:00:00,"17081",2016-10-08 00:00:00,41.61867,25.65083,31.117,36.889,"Bulgaria","Saudi Arabia",65,"likely dead",2,"unknown","Y","N","N","inferred from transmissions","unknown","Microwave satellite","backpack",45,"The bird died on 10.10.2016. Since then transmitter was sending signal from the same location",1.89307441895939,1,"Bulgaria","Jordan",42
"Neli_200641","Neophron percnopterus","Neophron percnopterus Bulgaria/Greece","balkans","Neli",200641,2020-08-06 11:13:00,"18545",2020-10-31 00:00:00,41.61696,25.65046,36.39122,28.19098,"Bulgaria",NA,64.6662037,"unknown",2,"","Y","Y","N",NA,NA,"Ornitela","legloop",30,"",0.336881043280318,1.00113078703704,"Bulgaria",NA,33
"Nikola-Spasimir_182267","Neophron percnopterus","Neophron percnopterus Bulgaria/Greece","balkans","Nikola-Spasimir",182267,2019-08-02 06:49:00,"18146",2019-09-08 00:00:00,41.64357,25.87223,38.04099,21.83073,"Bulgaria","Mediterranean sea",35.86762731,"confirmed dead",2,"F","Y","Y","N","inferred from transmissions","Natural barrier","Ornitela","backpack",30,"",1.01416802797621,1.00228935185185,"Bulgaria","Greece",21
"Odiseas_118149","Neophron percnopterus","Neophron percnopterus Bulgaria/Greece","balkans","Odiseas",118149,2012-09-11 14:00:00,"15599",2012-09-16 10:00:00,41.10467,26.24133,41.09317,26.24183,"Greece","Greece",4.833333333,"confirmed dead",3,"unknown","Y","N","Y","carcass found","exhaustion","Microwave satellite","backpack",45,"Found dead near Dadia; This individual was rescued before tagging; Probable reason of death - bad physical condition",0.00269997421053878,0.972222222222222,"Greece","Greece",6
"Oriana_182256","Neophron percnopterus","Neophron percnopterus Bulgaria/Greece","balkans","Oriana",182256,2019-08-02 12:11:00,"18565",2020-10-31 00:00:00,41.62311,25.89028,13.78963,16.92137,"Bulgaria",NA,454.7043056,"alive",2,"F","Y","Y","N","active",NA,"Ornitela","backpack",30,"",0.592215708113984,1.0008125,"Bulgaria","Chad",442
"Panteley_171360","Neophron percnopterus","Neophron percnopterus Bulgaria/Greece","balkans","Panteley",171360,2018-05-16 00:28:00,"18045",2019-05-30 01:16:00,41.59446,25.64143,41.59856,23.84307,"Bulgaria","Bulgaria",898.1695602,"alive",11,"M","Y","Y","N","active",NA,"Ornitela","backpack",30,NA,0.849839210902912,0.997680555555555,"Bulgaria","Bulgaria",378
"Paschalis_130670","Neophron percnopterus","Neophron percnopterus Bulgaria/Greece","balkans","Paschalis",130670,2013-08-14 16:00:00,"16115",2014-02-15 00:00:00,41.14533,26.18267,14.44867,10.169,"Greece","Niger",199.4583333,"confirmed dead",2,"unknown","Y","N","N","transmitter recovered","hunting","Microwave satellite","backpack",45,"Killed by Nigerian hunter on 27.2.2014; exported to be sold in Nigeria",0.201386142119836,1,"Greece","Niger",175
"Polya_171356","Neophron percnopterus","Neophron percnopterus Bulgaria/Greece","balkans","Polya",171356,2018-05-16 00:14:00,"18389",2020-05-08 00:00:00,41.59454,25.64137,37.31413,30.38422,"Bulgaria","Turkey",898.1585648,"confirmed dead",11,"F","Y","Y","N","carcass found","Electrocuted","Ornitela","backpack",30,NA,1.40738072126191,1.0008912037037,"Bulgaria","Turkey",723
"Red Cliff_130673","Neophron percnopterus","Neophron percnopterus Bulgaria/Greece","balkans","Red Cliff",130673,2013-08-28 15:00:00,"15969",2013-09-21 02:00:00,40.10867,20.08083,36.49417,22.364,"Albania",NA,23.45833333,"confirmed dead",2,"unknown","Y","N","N","terminated over water","drowned","Microwave satellite","backpack",45,"track ends in sea",0.876272453259869,1,"Albania",NA,22
"Regina_149506","Neophron percnopterus","Neophron percnopterus Bulgaria/Greece","balkans","Regina",149506,2016-08-27 04:00:00,"17052",2016-09-08 02:00:00,43.64817,26.0595,36.2745,30.43483,"Bulgaria",NA,11.91666667,"likely dead",2,"F","Y","Y","N","inferred from transmissions","drowned","Microwave satellite","backpack",45,"Track ends in sea. Captive-bred from Vienna Zoo; originates from Turkish population",1.19874894869436,1,"Bulgaria",NA,13
"Romana_171345","Neophron percnopterus","Neophron percnopterus Bulgaria/Greece","balkans","Romana",171345,2019-08-02 05:53:00,"18131",2019-08-24 00:00:00,41.63573,25.85603,41.64749,25.87501,"Bulgaria","Bulgaria",21.20766204,"confirmed dead",2,"F","Y","Y","N","carcass found","Collision with powerline","Ornitela","backpack",30,"",0.00191114885675185,1.53771412037037,"Bulgaria","Bulgaria",15
"Sanie_131249","Neophron percnopterus","Neophron percnopterus Bulgaria/Greece","balkans","Sanie",131249,2013-08-01 02:00:00,"17077",2016-10-03 01:00:00,41.6415,25.88183,13.04167,40.399,"Bulgaria","Ethiopia",1158.958333,"unknown",2,"unknown","Y","N","N","unknown","unknown","Microwave satellite","backpack",45,"Since 04.10 the transmitter sending signal from the same location",0.469944008437356,1,"Bulgaria","Ethiopia",1149
"Sava_200638","Neophron percnopterus","Neophron percnopterus Bulgaria/Greece","balkans","Sava",200638,2020-08-06 07:14:00,"18564",2020-10-31 00:00:00,41.47174,25.70244,13.25033,26.99307,"Bulgaria",NA,84.04365741,"alive",2,"unknown","Y","N","N","active",NA,"Ornitela","legloop",30,"",1.11748165354418,1.00353587962963,"Bulgaria","Sudan",85
"Sharka_182256","Neophron percnopterus","Neophron percnopterus Bulgaria/Greece","balkans","Sharka",182256,2019-05-15 01:04:00,"18032",2019-05-18 00:00:00,41.59423,25.64156,41.59809,25.62113,"Bulgaria","Bulgaria",0.999247685,"confirmed dead",2,"F","Y","Y","N","carcass found","Killed by a predator","Ornitela","backpack",30,"",0.0115277267270475,0.983831018518519,"Bulgaria","Bulgaria",2
"Simeon_200639","Neophron percnopterus","Neophron percnopterus Bulgaria/Greece","balkans","Simeon",200639,2020-08-07 14:14:00,"18563",2020-10-31 00:00:00,41.47201,25.70263,14.68102,10.1171,"Bulgaria",NA,81.8965625,"alive",2,"","Y","Y","N","active",NA,"Ornitela","legloop",30,"",0.148631761920322,1.00230324074074,"Bulgaria","Niger",59
"Sofia_171345","Neophron percnopterus","Neophron percnopterus Bulgaria/Greece","balkans","Sofia",171345,2020-05-22 04:00:00,"18423",2020-06-12 00:00:00,41.59438,25.64136,42.02726,26.63578,"Bulgaria","Bulgaria",18.90826389,"confirmed dead",23,"F","Y","Y","N","carcass found","Electrocuted","Ornitela","legloop",30,"",0.081647950721878,0.999525462962963,"Bulgaria","Bulgaria",20
"Solomon_200637","Neophron percnopterus","Neophron percnopterus Bulgaria/Greece","balkans","Solomon",200637,2020-08-05 14:00:00,"18565",2020-10-31 00:00:00,41.63543,25.73202,19.21164,41.30624,"Bulgaria",NA,85.5171412,"alive",2,"unknown","Y","N","N","active",NA,"Ornitela","legloop",30,"",0.49998275068123,1.00020138888889,"Bulgaria","Saudi Arabia",87
"Spartacus_61952","Neophron percnopterus","Neophron percnopterus Bulgaria/Greece","balkans","Spartacus",61952,2010-08-19 04:00:00,"14980",2011-01-07 00:00:00,41.64117,25.88117,12.46517,16.29233,"Bulgaria","Chad",148.0416667,"confirmed dead",2,"unknown","Y","N","N","carcass found","shot","Microwave satellite","backpack",45,NA,0.0382733246073906,1,"Bulgaria","Chad",132
"Svetlina_118152","Neophron percnopterus","Neophron percnopterus Bulgaria/Greece","balkans","Svetlina",118152,2012-08-17 10:00:00,"16220",2014-05-31 00:00:00,41.62283,25.8975,14.71,39.88833,"Bulgaria","Sudan",748.625,"likely dead",2,"unknown","Y","N","N","inferred from transmissions","unknown","Microwave satellite","backpack",45,"The bird died on 09.06.2014 and since then the transmitter is sending signal from the same location",0.681046256865801,1,"Bulgaria","Eritrea",652
"Volen_118148","Neophron percnopterus","Neophron percnopterus Bulgaria/Greece","balkans","Volen",118148,2012-08-16 16:00:00,"16341",2014-09-28 04:00:00,43.18,27.43567,28.74617,31.9875,"Bulgaria","Egypt",772.5,"unknown",2,"unknown","Y","N","N","unknown",NA,"Microwave satellite","backpack",45,"Last locations are from a roosting site in Egypt. No more locations after that. The bird might have died or the transmitter failed",2.21951867400048,0.999999999999999,"Bulgaria","Egypt",772
"Wesal_182264","Neophron percnopterus","Neophron percnopterus Bulgaria/Greece","middle east","Wesal",182264,2019-04-15 06:14:00,"18234",2020-12-05 00:00:00,32.027298,35.862385,6.137265,43.56491,"Jordan","Ethiopia",232.8148958,"confirmed dead",54,"","Y","N","Y","carcass found","poisoning","Ornitela","backpack",30,"confiscated by RSCN in Jordan, rehabilitated for >1 year",0.0368437106339981,1.00018055555556,"Jordan","Ethiopia",234
"Zara_171348","Neophron percnopterus","Neophron percnopterus Bulgaria/Greece","balkans","Zara",171348,2020-05-22 04:00:00,"18565",2020-10-31 00:00:00,41.59436,25.64128,21.60761,40.23666,"Bulgaria",NA,160.95,"alive",23,"F","Y","Y","N","active",NA,"Ornitela","legloop",30,"",1.13845636408218,0.998813657407408,"Bulgaria","Saudi Arabia",162
"Zikmund_171349","Neophron percnopterus","Neophron percnopterus Bulgaria/Greece","balkans","Zikmund",171349,2018-08-10 02:49:00,"17784",2018-09-11 00:19:00,41.63609,25.85622,41.64567,25.87895,"Bulgaria","Greece",30.88912037,"confirmed dead",2,"F","Y","Y","N","resighted / recaptured","human imprinting","Ornitela","backpack",30,"would have died due to too strong affinity to humans",0.0734813619518431,1.00071527777778,"Bulgaria","Bulgaria",26
"Bibei-2HN_137397","Neophron percnopterus","Neophron percnopterus. GREFA. Spain","western europe","Bibei-2HN",137397,2015-07-20 14:00:00,"18046",2019-05-30 09:00:00,40.46833,-3.83983,40.61617,-4.72033,"Spain","Spain",1927.833333,"alive",2,"F","Y","N","N","active",NA,"Microwave PTT-100 GPS/Argos solar","backpack",45,NA,0.116304970678568,1,"Spain","Spain",1353
"Chandoiro-201253_201253","Neophron percnopterus","Neophron percnopterus. GREFA. Spain","western europe","Chandoiro-201253",201253,2020-07-24 07:01:00,"18564",2020-10-31 00:00:00,42.47942,-6.842127,14.51155,-6.650145,"Spain","Mauritania",97.02798611,"alive",2,"F","Y","N","N","active",NA,"Ornitela OT-30 2G","backpack",30,NA,0.353230586640135,0.9996875,"Spain","Mali",98
"Covas-95R_5019","Neophron percnopterus","Neophron percnopterus. GREFA. Spain","western europe","Covas-95R",5019,2016-07-26 05:00:00,"17378",2017-08-01 00:00:00,42.33044,-7.284108,15.22086,-4.696387,"Spain","Mauritania",536.4996065,"likely dead",2,"M","Y","N","N","inferred from transmissions",NA,"e-obs Bird GSM solar","backpack",48,"suspected mortality, same location for a long time",0.0122731688455739,1,"Spain","Mali",342
"Encina-9FJ_5783","Neophron percnopterus","Neophron percnopterus. GREFA. Spain","western europe","Encina-9FJ",5783,2017-07-21 05:00:00,"17556",2018-01-26 05:00:00,42.3284,-7.284745,15.36824,-4.459707,"Spain","Mali",189,"unknown",2,"F","Y","N","N","unknown",NA,"e-obs Bird GSM solar","backpack",48,NA,0.191580177082294,0.999982638888889,"Spain","Mali",174
"Langullo-9FC_5782","Neophron percnopterus","Neophron percnopterus. GREFA. Spain","western europe","Langullo-9FC",5782,2017-07-20 05:00:00,"17423",2017-09-15 05:00:00,40.48221,-4.167468,34.52032,-4.935395,"Spain","Morocco",56.99965278,"unknown",2,"F","Y","N","N","unknown",NA,"e-obs Bird GSM solar","backpack",48,NA,1.00976122264622,1.09997222222222,"Spain","Morocco",24
"Larouco-2HP_48500703772","Neophron percnopterus","Neophron percnopterus. GREFA. Spain","western europe","Larouco-2HP",48500703772,2016-07-25 05:08:00,"18114",2019-08-14 18:00:00,40.95475,-4.100033,41.33878,-5.983533,"Spain","Spain",1106.786806,"unknown",2,"M","Y","N","N","unknown",NA,"Ecotone SAKER-M","backpack",21,NA,0.70389151247066,7.82493055555556,"Spain","Spain",206
"Manzaneda-95P_6471","Neophron percnopterus","Neophron percnopterus. GREFA. Spain","western europe","Manzaneda-95P",6471,2018-08-06 05:00:00,"18510",2020-09-09 12:30:00,41.20507,-4.827073,14.48579,-12.46215,"Spain","Senegal",760.9999306,"likely dead",3,"M","Y","N","N","inferred from transmissions",NA,"e-obs Bird GSM solar","backpack",48,"suspected mortality, same location for a long time",2.30441105627611e-05,1.4,"Spain","Senegal",686
"Mata-181686_181686","Neophron percnopterus","Neophron percnopterus. GREFA. Spain","western europe","Mata-181686",181686,2019-07-25 17:22:00,"18271",2020-01-11 17:04:00,42.32494,-7.185443,17.12988,-11.85479,"Spain","Mauritania",168.6420023,"unknown",2,"M","Y","N","N","unknown",NA,"Ornitela OT-30 2G","backpack",30,NA,0.02294271309441,1.00600694444444,"Spain","Mauritania",146
"Montejo-95N_181641","Neophron percnopterus","Neophron percnopterus. GREFA. Spain","western europe","Montejo-95N",181641,2018-08-02 08:50:00,"18045",2019-05-30 02:38:00,41.53552,-3.589222,41.47945,-3.582363,"Spain","Spain",819.8722222,"alive",54,"M","Y","N","N","active",NA,"Ornitela OT-30 2G","backpack",30,NA,0.000876632879303964,0.999064814814814,"Spain","Spain",301
"Xeos-9FH_370","Neophron percnopterus","Neophron percnopterus. GREFA. Spain","western europe","Xeos-9FH",370,2017-07-29 13:32:00,"17559",2018-01-29 00:18:00,42.48844,-6.844,14.1019,-12.12526,"Spain","Mali",183.4480208,"unknown",2,"M","Y","N","N","unknown",NA,"Microwave GSM","backpack",45,NA,0.114606814689429,1.00088888888889,"Spain","Mali",180
"Agata_119157","Neophron percnopterus","Released Egyptian Vultures in Italy","italy","Agata",119157,2015-08-26 08:00:00,"16676",2015-08-30 00:00:00,37.39733,13.36967,37.84917,12.596,"Italy","Italy",8,"confirmed dead",3,"F","Y","Y","N","terminated over water","Drop in the sea","Microwave Solar Argos/GPS PTT","backpack",NA,NA,0.491562866370912,1,"Italy","Italy",4
"Aneta_48500502206","Neophron percnopterus","Released Egyptian Vultures in Italy","italy","Aneta",48500502206,2015-09-07 00:01:00,"16702",2015-09-24 00:00:00,39.10625,16.89193,36.762,14.84447,"Italy","Egypt",25.99930556,"confirmed dead",3,"F","Y","Y","N","terminated over water","Drop in the sea","Ecotone Saker","backpack",35,NA,0.363248313738607,1,"Italy","Italy",18
"Apollo_16093","Neophron percnopterus","Released Egyptian Vultures in Italy","italy","Apollo",16093,2017-07-24 23:09:00,"17435",2017-09-27 04:48:00,40.24659,16.10241,34.53762,9.782465,"Italy","Algeria",64.23530093,"unknown",15,"M","Y","Y","N","unknown",NA,"Ornitela 2G","backpack",25,NA,0.250231696675558,1.00083333333333,"Italy","Tunisia",60
"Birba_200140","Neophron percnopterus","Released Egyptian Vultures in Italy","italy","Birba",200140,2020-08-09 06:25:00,"18550",2020-10-16 00:00:00,42.71598,11.51457,16.64053,-3.664605,"Italy","Mali",80.99572917,"alive",2,"F","y","y","N","active",NA,"Ornitela OT25","backpack",25,"",0.636393084481843,1.00131828703704,"Italy","Mali",67
"Carmen_48500501963","Neophron percnopterus","Released Egyptian Vultures in Italy","italy","Carmen",48500501963,2015-09-07 00:01:00,"16725",2015-10-17 00:00:00,39.10623,16.8919,36.84068,14.59947,"Italy","Italy",110.9993056,"confirmed dead",3,"F","Y","Y","N","terminated over water","unknown","Ecotone Saker","backpack",35,"looks to have died at see and tx floated long after",0.410933082510625,1,"Italy",NA,41
"Clint_190554","Neophron percnopterus","Released Egyptian Vultures in Italy","italy","Clint",190554,2020-08-08 07:10:00,"18546",2020-10-12 00:00:00,42.72044,11.51777,20.27434,0.8041033,"Italy","Mali",63.94658565,"alive",2,"M","y","y","N","active",NA,"Ornitela OT25","backpack",25,"",0.174193822109214,2.27927777777778,"Italy","Mali",49
"Diego_190555","Neophron percnopterus","Released Egyptian Vultures in Italy","italy","Diego",190555,2019-07-29 00:05:00,"18556",2020-10-22 00:00:00,40.64505,16.66178,37.80005,12.68538,"Italy","Italy",459.2289931,"alive",13,"M","y","y","N","active",NA,"Ornitela OT25","backpack",25,"",0.548941933822084,1.00091782407407,"Italy","Italy",447
"Fabio_190557","Neophron percnopterus","Released Egyptian Vultures in Italy","italy","Fabio",190557,2020-08-05 07:22:00,"18544",2020-10-09 12:35:00,42.72046,11.51778,36.83753,14.68614,"Italy","Italy",82.1174537,"Confirmed dead",26,"M","y","y","N","terminated over water","drop in the sea","Ornitela OT25","backpack",25,"Looks to have died at see and then floated long after",0.558089195552105,1.00137847222222,"Italy","Italy",51
"Francesca_190554","Neophron percnopterus","Released Egyptian Vultures in Italy","italy","Francesca",190554,2019-07-29 00:04:00,"18130",2019-08-25 00:00:00,40.64525,16.66168,40.21984,18.18204,"Italy","Italy",24.1683912,"returned to captivity",25,"F","y","y","N","recaptured","human imprinting","Ornitela OT25","backpack",25,"Too tame with humans, recaptured and returned to captivity",0.232112274257483,0.998167824074074,"Italy","Italy",25
"Jane_190556","Neophron percnopterus","Released Egyptian Vultures in Italy","italy","Jane",190556,2019-07-29 04:30:00,"18555",2020-10-21 00:00:00,40.6451,16.66189,16.29704,-7.237675,"Italy","Mauritania",458.0821528,"alive",13,"F","y","y","N","active",NA,"Ornitela OT25","backpack",25,"",0.179013466902115,1.00020833333333,"Italy","Mauritania",437
"Karel_119158","Neophron percnopterus","Released Egyptian Vultures in Italy","italy","Karel",119158,2015-09-10 15:00:00,"16727",2015-10-20 08:00:00,39.1015,16.88783,36.75033,15.0645,"Italy","Italy",38.70833333,"likely transmitter failure",3,"M","Y","Y","N","inferred from transmissions","unknown","Microwave Solar Argos/GPS PTT","backpack",NA,NA,0.572826813531513,0.995833333333333,"Italy","Italy",40
"Kate_190557","Neophron percnopterus","Released Egyptian Vultures in Italy","italy","Kate",190557,2019-07-29 00:07:00,"18256",2019-12-27 00:00:00,40.64519,16.66182,37.18958,13.96676,"Italy","Italy",150.2581019,"confirmed dead",13,"F","y","y","N","carcass found","unknown","Ornitela OT25","backpack",25,"",0.14310848663529,1.70023611111111,"Italy","Italy",143
"Sara_23306","Neophron percnopterus","Released Egyptian Vultures in Italy","italy","Sara",23306,2015-08-26 20:00:00,"18046",2019-05-30 04:00:00,39.9165,18.3045,40.6455,16.641,"Italy","Niger",1891.416667,"alive",3,"F","Y","Y","N","active",NA,"Microwave Solar Argos/GPS PTT","backpack",NA,NA,0.336433503676615,1,"Italy","Italy",1372
"Tobia_48500501945","Neophron percnopterus","Released Egyptian Vultures in Italy","italy","Tobia",48500501945,2015-09-07 00:01:00,"18046",2019-05-30 05:00:00,39.1062,16.8919,37.49265,14.56805,"Italy","Mali",1464.165972,"unknown",3,"M","Y","Y","N",NA,NA,"Ecotone Saker","backpack",35,NA,0.64467348915326,1.02083333333333,"Italy","Italy",1349
"Zoe_202342","Neophron percnopterus","Released Egyptian Vultures in Italy","italy","Zoe",202342,2020-08-05 07:27:00,"18510",2020-09-07 00:00:00,42.72146,11.51639,41.45144,14.39996,"Italy","Italy",30.8806713,"returned to captivity",13,"F","y","y","N","recaptured","exhaustion","Ornitela OT25","backpack",25,"Found exhaused, recaptured and returned to captivity",0.341049129753885,0.995009259259258,"Italy","Italy",29
