"study.name","species","tag","id","id.tag","sex","age.at.deployment","captive.raised","rehabilitated","start.date","end.date","start.lat","start.long","end.lat","end.long","start.country","end.country","deployment.duration","n.locs","fate","how.fate.determined","cause.of.death","death.or.failure.date","comments"
"Egyptian vulture (Neophron percnopterus) in Arribes del Duero (Salamanca) - SALORO","Neophron percnopterus",17020,"BatuecasA","BatuecasA_17020",NA,NA,NA,NA,2017-06-15 14:48:52,2019-05-31 02:58:00,41.0535354614258,-6.66370344161987,41.0592727661133,-6.77112483978271,"Spain","Spain",714.506342592593,716,"alive","still transmitting",NA,NA,NA
"Egyptian vulture (Neophron percnopterus) in Arribes del Duero (Salamanca) - SALORO","Neophron percnopterus",17022,"BatuecasP","BatuecasP_17022",NA,NA,NA,NA,2017-08-01 00:02:30,2019-05-31 00:46:01,41.0628547668457,-6.76650333404541,40.8399391174316,-6.5398530960083,"Spain","Spain",668.030219907407,668,"alive","still transmitting",NA,NA,NA
"Egyptian vulture (Neophron percnopterus) in Arribes del Duero (Salamanca) - SALORO","Neophron percnopterus",17017,"Camaces","Camaces_17017",NA,NA,NA,NA,2017-07-31 12:29:37,2017-09-12 02:12:05,41.0091133117676,-6.74357175827026,32.0903854370117,-6.67693519592285,"Spain","Morocco",42.5711574074074,27,"NA","NA",NA,NA,NA
"Egyptian vulture (Neophron percnopterus) in Arribes del Duero (Salamanca) - SALORO","Neophron percnopterus",17021,"Huebra","Huebra_17021",NA,NA,NA,NA,2017-06-15 14:57:25,2019-04-17 03:57:20,41.0571098327637,-6.66048669815063,41.0262756347656,-6.67901659011841,"Spain","Spain",670.541608796296,656,"NA","NA",NA,NA,NA
"Egyptian Vulture (Neophron percnopterus), Turkey, Armenia, Ethiopia ","Neophron percnopterus",130662,"Agri","Agri_130662",NA,NA,NA,NA,2013-06-22 01:00:00,2014-07-22 06:35:02,40.08083,43.667,39.834,43.012,"Turkey","Turkey",395.232662037037,325,"NA","NA",NA,NA,NA
"Egyptian Vulture (Neophron percnopterus), Turkey, Armenia, Ethiopia ","Neophron percnopterus",118176,"Aras","Aras_118176",NA,NA,NA,NA,2012-08-18 13:00:00,2013-02-05 01:00:00,40.12183,43.5835,9.8985,40.27417,"Turkey","Ethiopia",170.5,164,"NA","NA",NA,NA,NA
"Egyptian Vulture (Neophron percnopterus), Turkey, Armenia, Ethiopia ","Neophron percnopterus",210,"Ardahan","Ardahan_210",NA,NA,NA,NA,2013-06-22 01:14:53,2014-09-18 09:14:56,40.07148,43.66676,14.39814,43.5663,"Turkey","Yemen",453.333368055556,451,"NA","NA",NA,NA,NA
"Egyptian Vulture (Neophron percnopterus), Turkey, Armenia, Ethiopia ","Neophron percnopterus",48500703868,"Armenia2","Armenia2_48500703868",NA,NA,NA,NA,2015-07-22 05:01:00,2015-10-19 00:01:00,39.491799,46.35705,7.678216,43.102183,"Armenia","Ethiopia",88.7916666666667,90,"NA","NA",NA,NA,NA
"Egyptian Vulture (Neophron percnopterus), Turkey, Armenia, Ethiopia ","Neophron percnopterus",48500704009,"Armenia3","Armenia3_48500704009",NA,NA,NA,NA,2015-07-24 00:02:00,2015-11-08 00:01:00,39.5061,46.345799,6.092233,44.763116,"Armenia","Ethiopia",106.999305555556,91,"NA","NA",NA,NA,NA
"Egyptian Vulture (Neophron percnopterus), Turkey, Armenia, Ethiopia ","Neophron percnopterus",118174,"Arpacay","Arpacay_118174",NA,NA,NA,NA,2012-08-20 17:00:00,2012-09-27 13:00:00,40.123,43.60117,31.72117,44.4315,"Turkey","Iraq",37.8333333333333,31,"NA","NA",NA,NA,NA
"Egyptian Vulture (Neophron percnopterus), Turkey, Armenia, Ethiopia ","Neophron percnopterus",132087,"Cabuk","Cabuk_132087",NA,NA,NA,NA,2014-07-01 03:00:35,2016-02-03 06:10:19,40.0833,43.6676,10.4471,40.306,"Turkey","Ethiopia",582.131759259259,512,"NA","NA",NA,NA,"errant last point?"
"Egyptian Vulture (Neophron percnopterus), Turkey, Armenia, Ethiopia ","Neophron percnopterus",127589,"Djibouti","Djibouti_127589",NA,NA,NA,NA,2013-04-04 22:47:53,2014-05-04 08:00:30,11.1891,42.764,10.424,42.231,"Djibouti","Ethiopia",394.383761574074,348,"NA","NA",NA,NA,NA
"Egyptian Vulture (Neophron percnopterus), Turkey, Armenia, Ethiopia ","Neophron percnopterus",132084,"Haydi","Haydi_132084",NA,NA,NA,NA,2014-06-09 02:46:24,2016-09-23 23:29:08,40.0813,43.6665,1.6518,37.8023,"Turkey","Kenya",837.863009259259,672,"NA","NA",NA,NA,NA
"Egyptian Vulture (Neophron percnopterus), Turkey, Armenia, Ethiopia ","Neophron percnopterus",118175,"Igdir","Igdir_118175",NA,NA,NA,NA,2012-08-22 05:00:00,2015-03-02 01:00:00,40.12167,43.5835,5.22433,42.18067,"Turkey","Ethiopia",921.833333333333,875,"NA","NA",NA,NA,NA
"Egyptian Vulture (Neophron percnopterus), Turkey, Armenia, Ethiopia ","Neophron percnopterus",132086,"Iste","Iste_132086",NA,NA,NA,NA,2014-06-10 02:36:30,2019-05-31 05:09:33,40.0831,43.6674,39.8085,42.5348,"Turkey","Turkey",1816.10628472222,1747,"alive","still transmitting",NA,NA,NA
"Egyptian Vulture (Neophron percnopterus), Turkey, Armenia, Ethiopia ","Neophron percnopterus",118174,"Logiya","Logiya_118174",NA,NA,NA,NA,2013-12-01 05:00:00,2019-05-31 01:00:00,11.71533,40.974,39.09167,46.96917,"Ethiopia","Iran (Islamic Republic of)",2006.83333333333,1826,"alive","still transmitting",NA,NA,NA
"Egyptian Vulture (Neophron percnopterus), Turkey, Armenia, Ethiopia ","Neophron percnopterus",132085,"Mille","Mille_132085",NA,NA,NA,NA,2013-11-26 08:48:06,2016-09-22 21:21:15,9.4482,40.3726,11.7224,40.989,"Ethiopia","Ethiopia",1031.52302083333,557,"NA","NA",NA,NA,"errant last point?"
"Egyptian Vulture (Neophron percnopterus), Turkey, Armenia, Ethiopia ","Neophron percnopterus",48500703778,"Orada","Orada_48500703778",NA,NA,NA,NA,2015-07-21 12:08:00,2017-02-11 00:01:00,39.511333,46.398683,9.369466,40.443066,"Armenia","Ethiopia",570.495138888889,572,"NA","NA",NA,NA,NA
"Egyptian Vulture (Neophron percnopterus), Turkey, Armenia, Ethiopia ","Neophron percnopterus",10007,"Serhat","Serhat_10007",NA,NA,NA,NA,2014-06-17 15:59:00,2014-10-31 01:24:00,40.19459,43.63137,10.52807,40.45,"Turkey","Ethiopia",135.392361111111,125,"NA","NA",NA,NA,NA
"Egyptian Vulture (Neophron percnopterus), Turkey, Armenia, Ethiopia ","Neophron percnopterus",209,"Tuzluca","Tuzluca_209",NA,NA,NA,NA,2013-06-22 01:14:53,2016-10-06 00:08:52,40.081,43.66704,18.41782,41.78732,"Turkey","Saudi Arabia",1201.95415509259,1192,"NA","NA",NA,NA,NA
"Egyptian vulture in France (grands Causses-Baronnies)","Neophron percnopterus",181635,"Baronnies_2019_Imm_wild_OR181635_5T","Baronnies_2019_Imm_wild_OR181635_5T_181635",NA,NA,NA,NA,2019-04-01 17:25:34,2019-05-31 03:36:13,44.434383392334,5.32294511795044,43.8816757202148,5.80304336547852,"France","France",59.4240625,61,"alive","still transmitting",NA,NA,NA
"Egyptian vulture in France (grands Causses-Baronnies)","Neophron percnopterus",171075,"Causses_2018_Imm_wild_OR171075_4X","Causses_2018_Imm_wild_OR171075_4X_171075",NA,NA,NA,NA,2018-04-05 12:00:05,2019-05-31 03:34:00,44.2037544250488,3.25566506385803,36.4459037780762,-5.96907997131348,"France","Spain",420.648553240741,422,"alive","still transmitting",NA,NA,NA
"Egyptian vulture Kobierzycki Gardon ","Neophron percnopterus",707,"Gardon_2016_Ad_wild_MW707 ","Gardon_2016_Ad_wild_MW707 _707",NA,NA,NA,NA,2016-03-29 06:46:53,2019-05-31 00:54:23,44.2314,4.41436,44.37492,4.43744,"France","France",1157.75520833333,925,"alive","still transmitting",NA,NA,NA
"Egyptian vulture Kobierzycki Pyrenees","Neophron percnopterus",17996,"Ossau_2018_Ad_wild_OR17996_PC0","Ossau_2018_Ad_wild_OR17996_PC0_17996",NA,NA,NA,NA,2018-04-21 03:44:05,2019-05-31 04:33:53,43.0697326660156,-0.415683329105377,43.0693626403809,-0.425459980964661,"France","France",405.034583333333,308,"alive","still transmitting",NA,NA,NA
"Egyptian vulture Kobierzycki Pyrenees","Neophron percnopterus",48601087785,"Pyrenees_2015_Imm_wild_EC48601087785","Pyrenees_2015_Imm_wild_EC48601087785_48601087785",NA,NA,NA,NA,2015-06-29 00:00:00,2016-10-29 00:00:00,43.408666,-1.508783,15.841316,-16.113983,"France","Senegal",488,405,"NA","NA",NA,NA,NA
"Egyptian vulture Kobierzycki Vaucluse","Neophron percnopterus",5018,"Provence_2016_Ad_wild_EO5018_Salomé_8P","Provence_2016_Ad_wild_EO5018_Salomé_8P_5018",NA,NA,NA,NA,2016-10-01 05:00:48,2019-05-29 06:02:34,43.9509471,5.122738,43.6599439,5.0051528,"France","France",970.042893518519,503,"alive","still transmitting",NA,NA,"errant last point? has a straight shot from Africa back to France"
"Egyptian Vulture Reintroduction Israel","Neophron percnopterus",3515,"00 White 2013","00 White 2013_3515",NA,NA,NA,NA,2014-04-04 05:00:23,2019-05-31 05:01:11,32.752136,35.0134302,34.3754469,38.1383517,"Israel","Syrian Arab Republic",1883.00055555556,1757,"alive","still transmitting",NA,NA,NA
"Egyptian Vulture Reintroduction Israel","Neophron percnopterus",3516,"18 White","18 White_3516",NA,NA,NA,NA,2014-04-22 04:00:23,2014-04-28 04:00:23,32.7534508,35.0138107,32.3123878,35.1483145,"Israel","Israel",6,7,"NA","NA",NA,NA,"very few fixes"
"Egyptian Vulture Reintroduction Israel","Neophron percnopterus",3517,"19 White","19 White_3517",NA,NA,NA,NA,2014-04-22 04:00:23,2014-08-28 04:00:23,32.7534673,35.0137975,18.1509497,42.0875706,"Israel","Saudi Arabia",128,127,"NA","NA",NA,NA,NA
"Egyptian Vulture Reintroduction Israel","Neophron percnopterus",3514,"A02 Green 2013","A02 Green 2013_3514",NA,NA,NA,NA,2014-04-04 05:00:23,2017-04-25 05:00:23,32.7520933,35.0134463,32.7514688,35.0136806,"Israel","Israel",1117,1109,"NA","NA",NA,NA,NA
"Egyptian Vulture Reintroduction Israel","Neophron percnopterus",17113,"A17 Green","A17 Green_17113",NA,NA,NA,NA,2017-04-16 00:05:08,2017-07-05 00:05:52,32.5593185424805,34.9385528564453,32.4719161987305,34.9839401245117,"Israel","Israel",80.0005092592593,81,"NA","NA",NA,NA,"errant last point?"
"Egyptian Vulture Reintroduction Israel","Neophron percnopterus",171087,"A25 Green","A25 Green_171087",NA,NA,NA,NA,2017-12-13 00:05:39,2018-04-23 02:34:12,32.7523002624512,35.0133895874023,32.6949234008789,35.7062454223633,"Israel","Syrian Arab Republic",131.103159722222,132,"NA","NA",NA,NA,"errant last point?"
"Egyptian Vulture Reintroduction Israel","Neophron percnopterus",171080,"A26 Green","A26 Green_171080",NA,NA,NA,NA,2017-12-13 04:06:06,2019-05-31 02:10:05,32.7521781921387,35.0134048461914,30.6077175140381,35.0776214599609,"Israel","Israel",533.91943287037,357,"alive","still transmitting",NA,NA,NA
"Egyptian Vulture Reintroduction Israel","Neophron percnopterus",17112,"A46 Green","A46 Green_17112",NA,NA,NA,NA,2017-04-16 00:05:15,2018-05-12 01:40:08,32.558952331543,34.9392013549805,37.7271614074707,41.2758445739746,"Israel","Turkey",391.065891203704,392,"NA","NA",NA,NA,NA
"Egyptian Vulture Reintroduction Israel","Neophron percnopterus",171082,"A47 Green","A47 Green_171082",NA,NA,NA,NA,2017-12-13 04:05:37,2018-08-25 02:40:48,32.7522583007812,35.013370513916,11.9321546554565,41.7313919067383,"Israel","Ethiopia",254.941099537037,256,"NA","NA",NA,NA,NA
"Egyptian Vulture Reintroduction Israel","Neophron percnopterus",17111,"C39 Blue","C39 Blue_17111",NA,NA,NA,NA,2017-04-16 00:05:05,2018-07-24 02:21:28,32.5589027404785,34.9394340515137,32.5586547851562,34.9393997192383,"Israel","Israel",464.094710648148,465,"NA","NA",NA,NA,NA
"Egyptian Vulture Reintroduction Israel","Neophron percnopterus",17113,"EV10","EV10_17113",NA,NA,NA,NA,2017-07-15 00:05:45,2017-08-23 00:08:17,32.4717864990234,34.9839248657227,18.093189239502,31.2134971618652,"Israel","Sudan",39.0017592592593,39,"NA","NA",NA,NA,NA
"Egyptian Vulture Reintroduction Israel","Neophron percnopterus",180323,"H42 Blue","H42 Blue_180323",NA,NA,NA,NA,2018-12-13 15:05:42,2019-01-14 03:55:04,32.7504615783691,35.0175018310547,30.1605987548828,38.8301620483398,"Israel","Saudi Arabia",31.5342824074074,33,"NA","NA",NA,NA,NA
"Egyptian Vulture Reintroduction Israel","Neophron percnopterus",171086,"H42 Green","H42 Green_171086",NA,NA,NA,NA,2017-12-13 04:06:06,2019-05-31 02:14:51,32.7521629333496,35.0134239196777,30.5069255828857,34.202751159668,"Israel","Egypt",533.922743055556,428,"alive","still transmitting",NA,NA,NA
"Egyptian Vulture Reintroduction Israel","Neophron percnopterus",171084,"H50 Green","H50 Green_171084",NA,NA,NA,NA,2017-12-13 04:06:06,2018-08-09 02:44:13,32.7521705627441,35.0134429931641,28.132869720459,34.204158782959,"Israel","Egypt",238.943136574074,240,"NA","NA",NA,NA,NA
"Egyptian Vulture Reintroduction Israel","Neophron percnopterus",180324,"H54 Green","H54 Green_180324",NA,NA,NA,NA,2018-12-22 04:09:31,2019-05-21 02:09:01,32.752082824707,35.0137596130371,36.3173980712891,40.2204170227051,"Israel","Syrian Arab Republic",149.916319444444,148,"alive","still transmitting",NA,NA,NA
"Egyptian Vulture Reintroduction Israel","Neophron percnopterus",180325,"H57 Green","H57 Green_180325",NA,NA,NA,NA,2018-12-23 04:10:33,2019-04-05 05:37:53,32.7520942687988,35.0134773254395,38.4248046875,37.1483573913574,"Israel","Turkey",103.060648148148,99,"NA","NA",NA,NA,NA
"Egyptian Vulture Reintroduction Israel","Neophron percnopterus",16124,"H60 Blue","H60 Blue_16124",NA,NA,NA,NA,2017-12-13 05:22:00,2019-05-31 01:52:24,32.7521781921387,35.0134162902832,33.0797233581543,35.6780815124512,"Israel","Syrian Arab Republic",533.854444444444,361,"alive","still transmitting",NA,NA,NA
"Egyptian Vulture Reintroduction Israel","Neophron percnopterus",180326,"H70 Green","H70 Green_180326",NA,NA,NA,NA,2018-12-22 04:10:54,2019-05-31 01:29:04,32.7521095275879,35.0135231018066,39.9306869506836,40.6540908813477,"Israel","Turkey",159.887615740741,157,"alive","still transmitting",NA,NA,NA
"Egyptian Vulture Reintroduction Israel","Neophron percnopterus",180327,"H73 Blue","H73 Blue_180327",NA,NA,NA,NA,2018-12-24 04:10:34,2019-03-30 03:02:16,32.7522201538086,35.0135307312012,37.0267181396484,35.5578918457031,"Israel","Turkey",95.9525694444444,97,"NA","NA",NA,NA,NA
"Egyptian Vulture Reintroduction Israel","Neophron percnopterus",171081,"H81 Green","H81 Green_171081",NA,NA,NA,NA,2017-10-25 09:12:59,2019-05-31 01:48:06,32.7534790039062,35.0140037536621,36.9463233947754,35.895206451416,"Israel","Turkey",582.691053240741,512,"alive","still transmitting",NA,NA,NA
"Egyptian Vulture Reintroduction Israel","Neophron percnopterus",180320,"H92 Green","H92 Green_180320",NA,NA,NA,NA,2018-12-23 04:10:03,2019-03-19 03:21:51,32.7522315979004,35.013484954834,32.752140045166,35.0133628845215,"Israel","Israel",85.9665277777778,74,"NA","NA",NA,NA,NA
"Egyptian Vulture Reintroduction Israel","Neophron percnopterus",171085,"H94 Blue","H94 Blue_171085",NA,NA,NA,NA,2017-12-13 04:06:05,2019-05-18 02:26:12,32.752124786377,35.0134391784668,36.4323081970215,33.8768844604492,"Israel","Turkey",520.930636574074,521,"alive","still transmitting",NA,NA,NA
"Egyptian Vulture Reintroduction Israel","Neophron percnopterus",16013,"R0","R0_16013",NA,NA,NA,NA,2016-04-05 02:36:31,2016-10-02 04:08:17,32.558837890625,34.9392166137695,29.4908790588379,33.2136154174805,"Israel","Egypt",180.063726851852,180,"NA","NA",NA,NA,NA
"Egyptian Vulture Reintroduction Israel","Neophron percnopterus",16012,"R1","R1_16012",NA,NA,NA,NA,2016-04-05 02:40:01,2018-05-05 06:42:22,32.5589752197266,34.9392204284668,14.5695133209229,24.0495777130127,"Israel","Sudan",760.168298611111,639,"NA","NA",NA,NA,NA
"Egyptian Vulture Reintroduction Israel","Neophron percnopterus",16015,"R2","R2_16015",NA,NA,NA,NA,2016-04-05 02:41:19,2017-12-07 05:14:37,32.5588684082031,34.9392967224121,10.8401212692261,26.8512878417969,"Israel","Sudan",611.106458333333,387,"NA","NA",NA,NA,NA
"Egyptian Vulture Reintroduction Israel","Neophron percnopterus",16011,"R3","R3_16011",NA,NA,NA,NA,2016-04-05 02:41:01,2016-04-15 02:47:01,32.5609397888184,34.9389610290527,32.5978965759277,35.0148582458496,"Israel","Israel",10.0041666666667,11,"NA","NA",NA,NA,NA
"Egyptian Vulture Reintroduction Israel","Neophron percnopterus",16014,"R4","R4_16014",NA,NA,NA,NA,2016-04-05 02:40:31,2016-05-26 01:50:49,32.555248260498,34.9339752197266,36.5025444030762,36.5279083251953,"Israel","Turkey",50.9654861111111,52,"NA","NA",NA,NA,NA
"Egyptian Vulture Reintroduction Israel","Neophron percnopterus",119246,"White 08","White 08_119246",NA,NA,NA,NA,2013-03-15 15:32:00,2013-08-20 05:00:00,32.85542,33.88082,32.75267,35.013,NA,"Israel",157.561111111111,158,"NA","NA",NA,NA,"has a random point in the Med"
"Egyptian Vulture Reintroduction Israel","Neophron percnopterus",119245,"White 12","White 12_119245",NA,NA,NA,NA,2013-03-13 13:00:00,2015-09-01 04:00:00,32.75817,35.008,26.67967,34.0385,"Israel","Egypt",901.625,903,"NA","NA",NA,NA,NA
"Egyptian Vulture Reintroduction Israel","Neophron percnopterus",16126,"X34 Blue","X34 Blue_16126",NA,NA,NA,NA,2017-04-16 03:34:01,2018-08-26 03:29:07,32.5589866638184,34.9392738342285,17.5775241851807,42.2926483154297,"Israel","Saudi Arabia",496.996597222222,497,"NA","NA",NA,NA,NA
"Egyptian Vulture Reintroduction Israel","Neophron percnopterus",180321,"X86 Blue","X86 Blue_180321",NA,NA,NA,NA,2018-12-24 04:11:04,2019-01-04 04:14:27,32.7521820068359,35.0134582519531,32.697940826416,34.9985466003418,"Israel","Israel",11.002349537037,12,"NA","NA",NA,NA,NA
"Egyptian Vulture Reintroduction Israel","Neophron percnopterus",119246,"Yellow 04","Yellow 04_119246",NA,NA,NA,NA,2013-11-14 06:00:00,2015-04-30 06:07:16,32.75283,35.0115,32.66925,34.11225,"Israel",NA,532.005046296296,533,"NA","NA",NA,NA,"looks like erroneous points in the Med"
"Egyptian Vulture wild-birds Israel","Neophron percnopterus",180318,"Amud H08 Blue","Amud H08 Blue_180318",NA,NA,NA,NA,2018-08-20 14:46:03,2019-05-31 02:03:21,32.8888969421387,35.4968910217285,32.933177947998,35.5636138916016,"Israel","Israel",283.470347222222,284,"alive","still transmitting",NA,NA,NA
"Egyptian Vulture wild-birds Israel","Neophron percnopterus",180319,"Gamla 2018 H36 Green","Gamla 2018 H36 Green_180319",NA,NA,NA,NA,2018-07-11 13:14:20,2018-11-09 07:24:35,32.8987197875977,35.7655944824219,10.6874866485596,29.2283763885498,"Syrian Arab Republic","Sudan",120.757118055556,72,"NA","NA",NA,NA,NA
"Egyptian Vulture wild-birds Israel","Neophron percnopterus",180322,"Gamla 2018 J4107","Gamla 2018 J4107_180322",NA,NA,NA,NA,2018-07-11 12:04:02,2019-05-31 04:27:12,32.8986129760742,35.7642288208008,15.401481628418,24.9682235717773,"Syrian Arab Republic","Sudan",323.68275462963,303,"alive","still transmitting",NA,NA,NA
"Egyptian Vulture wild-birds Israel","Neophron percnopterus",190588,"Segev-Shalom 2019 I00","Segev-Shalom 2019 I00_190588",NA,NA,NA,NA,2019-04-18 07:40:23,2019-04-27 03:03:15,30.7135601043701,35.4150581359863,30.2219161987305,42.4998474121094,"Jordan","Saudi Arabia",8.8075462962963,10,"NA","NA",NA,NA,NA
"Egyptian Vulture wild-birds Israel","Neophron percnopterus",171405,"Tlalim C48 Blue","Tlalim C48 Blue_171405",NA,NA,NA,NA,2019-03-18 11:30:51,2019-05-31 02:11:05,30.821870803833,34.8367500305176,31.0106525421143,34.880256652832,"Israel","Israel",73.6112731481481,75,"alive","still transmitting",NA,NA,NA
"Egyptian vultures Dagestan2","Neophron percnopterus",114,"Gurman","Gurman_114",NA,NA,NA,NA,2017-07-24 12:12:00,2018-11-05 03:13:00,43.00113,47.20156,13.63651,43.82801,"Russia","Yemen",468.625694444444,450,"NA","NA",NA,NA,NA
"Egyptian vultures Dagestan2","Neophron percnopterus",115,"Kapchug","Kapchug_115",NA,NA,NA,NA,2017-07-23 10:37:00,2017-09-26 04:27:00,42.98421,47.18025,38.94358,48.07419,"Russia","Iran (Islamic Republic of)",64.7430555555556,32,"NA","NA",NA,NA,NA
"Egyptian vultures Dagestan2","Neophron percnopterus",116,"Malysh","Malysh_116",NA,NA,NA,NA,2017-07-23 08:18:00,2017-10-23 05:04:00,42.98465,47.18038,21.25244,40.69915,"Russia","Saudi Arabia",91.8652777777778,70,"NA","NA",NA,NA,NA
"Egyptian vultures Dagestan2","Neophron percnopterus",117,"Sarygush","Sarygush_117",NA,NA,NA,NA,2017-07-23 08:18:00,2017-10-03 12:50:00,42.98449,47.18051,34.69149,44.03065,"Russia","Iraq",72.1888888888889,48,"NA","NA",NA,NA,"possible mortality or dropped tx?"
"Egyptian vultures in Djibouti","Neophron percnopterus",127589,"127589","127589_127589",NA,NA,NA,NA,2013-03-11 05:56:36,2014-02-01 01:41:35,11.7859,42.8239,12.1023,43.2168,"Djibouti","Djibouti",326.822905092593,253,"NA","NA",NA,NA,NA
"ISPRA","Neophron percnopterus",NA,"AF5AF11F","AF5AF11F_NA",NA,NA,NA,NA,2018-08-16 08:59:07,2018-09-13 05:00:08,40.6451833,16.66185,34.5325767,9.9806167,"Italy","Tunisia",27.8340393518519,25,"NA","NA",NA,NA,NA
"ISPRA","Neophron percnopterus",NA,"B05AF11F","B05AF11F_NA",NA,NA,NA,NA,2018-08-16 09:30:07,2018-09-09 05:00:09,40.64519,16.6618667,37.7986367,13.0746333,"Italy","Italy",23.8125231481481,25,"NA","NA",NA,NA,NA
"LIFE_Rupis_EgyptianVultures","Neophron percnopterus",48505470927,"NeoPer_Bruco","NeoPer_Bruco_48505470927",NA,NA,NA,NA,2017-07-20 06:00:00,2018-01-05 06:00:00,41.195016,-6.680866,13.897333,-9.689583,"Spain","Mali",169,165,"NA","NA",NA,NA,NA
"LIFE_Rupis_EgyptianVultures","Neophron percnopterus",48797733050,"NeoPer_Douro","NeoPer_Douro_48797733050",NA,NA,NA,NA,2017-06-13 06:00:00,2019-05-15 09:28:00,40.9598,-6.833833,40.3603,-6.044333,"Spain","Spain",701.144444444444,690,"alive","still transmitting",NA,NA,NA
"LIFE_Rupis_EgyptianVultures","Neophron percnopterus",48505476460,"NeoPer_Faia","NeoPer_Faia_48505476460",NA,NA,NA,NA,2017-06-13 08:00:00,2019-05-30 06:00:00,40.926366,-6.943999,40.947616,-6.632316,"Portugal","Spain",715.916666666667,717,"alive","still transmitting",NA,NA,NA
"LIFE_Rupis_EgyptianVultures","Neophron percnopterus",48797733001,"NeoPer_Poiares","NeoPer_Poiares_48797733001",NA,NA,NA,NA,2017-06-01 12:34:00,2018-04-05 03:32:00,40.898099,-6.9674,41.044966,-6.81915,"Portugal","Spain",307.623611111111,172,"NA","NA",NA,NA,"errant last point? has a straight shot back from Africa to Spain"
"LIFE_Rupis_EgyptianVultures","Neophron percnopterus",48511694900,"NeoPer_Rupis","NeoPer_Rupis_48511694900",NA,NA,NA,NA,2016-07-15 06:00:00,2019-05-31 05:59:00,41.477116,-6.270032,41.447499,-6.339133,"Spain","Spain",1049.99930555556,1005,"alive","still transmitting",NA,NA,NA
"McGrady.Meyburg","Neophron percnopterus",1,"1","1_1",NA,NA,NA,NA,2018-01-22 09:00:00,2018-09-13 08:00:00,23.23667,58.42733,23.06783,58.27083,"Oman","Oman",233.958333333333,64,"NA","NA",NA,NA,NA
"McGrady.Meyburg","Neophron percnopterus",2,"139","139_2",NA,NA,NA,NA,2018-01-23 12:24:00,2018-12-13 06:38:00,23.522387,58.445302,23.339587,58.458533,"Oman","Oman",323.759722222222,297,"NA","NA",NA,NA,NA
"McGrady.Meyburg","Neophron percnopterus",3,"143580","143580_3",NA,NA,NA,NA,2015-01-09 09:57:30,2015-12-13 01:59:15,23.3449,58.4553,23.3765,58.6502,"Oman","Oman",337.667881944444,331,"NA","NA",NA,NA,NA
"McGrady.Meyburg","Neophron percnopterus",4,"143581","143581_4",NA,NA,NA,NA,2015-01-10 07:11:48,2015-02-04 02:34:35,23.3448,58.455,22.6999,58.5501,"Oman","Oman",24.8074884259259,26,"NA","NA",NA,NA,NA
"McGrady.Meyburg","Neophron percnopterus",5,"171325","171325_5",NA,NA,NA,NA,2018-01-15 00:14:32,2019-05-31 01:22:03,23.358963,58.591347,23.458584,58.623455,"Oman","Oman",501.046886574074,319,"alive","still transmitting",NA,NA,NA
"McGrady.Meyburg","Neophron percnopterus",6,"171326","171326_6",NA,NA,NA,NA,2018-01-22 00:24:30,2019-05-31 00:02:05,23.377052,58.313049,23.411156,58.271946,"Oman","Oman",493.98443287037,466,"alive","still transmitting",NA,NA,NA
"McGrady.Meyburg","Neophron percnopterus",7,"171327","171327_7",NA,NA,NA,NA,2018-01-18 00:08:38,2018-06-17 00:01:48,23.333981,58.459003,23.551989,58.438744,"Oman","Oman",149.99525462963,147,"NA","NA",NA,NA,NA
"McGrady.Meyburg","Neophron percnopterus",8,"171328","171328_8",NA,NA,NA,NA,2018-01-21 00:03:26,2019-05-31 01:20:33,23.111874,58.837193,23.117653,58.864574,"Oman","Oman",495.053553240741,278,"alive","still transmitting",NA,NA,NA
"McGrady.Meyburg","Neophron percnopterus",9,"171329","171329_9",NA,NA,NA,NA,2018-01-20 00:17:15,2019-03-12 08:23:53,23.285469,58.333851,23.340397,58.463329,"Oman","Oman",416.337939814815,290,"NA","NA",NA,NA,NA
"McGrady.Meyburg","Neophron percnopterus",10,"171330","171330_10",NA,NA,NA,NA,2018-01-19 11:07:59,2019-05-31 01:23:21,23.338934,58.449287,23.340204,58.432285,"Oman","Oman",496.59400462963,439,"alive","still transmitting",NA,NA,NA
"McGrady.Meyburg","Neophron percnopterus",11,"47638","47638_11",NA,NA,NA,NA,2018-01-21 05:00:00,2018-09-29 07:00:00,23.33067,58.45033,23.33433,58.477,"Oman","Oman",251.083333333333,252,"NA","NA",NA,NA,NA
"McGrady.Meyburg","Neophron percnopterus",12,"70107","70107_12",NA,NA,NA,NA,2018-01-13 02:00:00,2019-05-31 00:00:00,23.33967,58.45383,22.71383,59.02233,"Oman","Oman",502.916666666667,502,"alive","still transmitting",NA,NA,NA
"McGrady.Meyburg","Neophron percnopterus",13,"80","80_13",NA,NA,NA,NA,2016-01-21 12:19:00,2017-10-04 07:12:00,23.334163,58.4669,22.359565,59.350093,"Oman","Oman",621.786805555556,457,"NA","NA",NA,NA,NA
"McGrady.Meyburg","Neophron percnopterus",14,"93","93_14",NA,NA,NA,NA,2016-01-19 10:25:00,2016-02-25 12:03:00,23.339907,58.459848,23.529223,58.494677,"Oman","Oman",37.0680555555556,38,"NA","NA",NA,NA,"possible mortality / dropped tx"
"McGrady.Meyburg","Neophron percnopterus",15,"95784","95784_15",NA,NA,NA,NA,2018-01-20 12:00:00,2019-05-26 02:00:00,23.33417,58.46533,23.46683,58.61817,"Oman","Oman",490.583333333333,452,"alive","still transmitting",NA,NA,NA
"Neophron percnopterus Bulgaria/Greece","Neophron percnopterus",171362,"Akaga","Akaga_171362",NA,NA,NA,NA,2018-05-16 00:15:07,2019-05-31 05:29:28,41.5942153930664,25.6413116455078,12.432448387146,40.2346000671387,"Bulgaria","Ethiopia",380.218298611111,381,"alive","still transmitting",NA,NA,NA
"Neophron percnopterus Bulgaria/Greece","Neophron percnopterus",182254,"Alimerah","Alimerah_182254",NA,NA,NA,NA,2019-01-25 07:55:42,2019-05-31 01:33:15,11.6735982894897,40.9737014770508,11.781662940979,41.0378837585449,"Ethiopia","Ethiopia",125.734409722222,127,"alive","still transmitting",NA,NA,NA
"Neophron percnopterus Bulgaria/Greece","Neophron percnopterus",182261,"Andi","Andi_182261",NA,NA,NA,NA,2019-05-15 01:04:35,2019-05-31 00:05:29,41.5944023132324,25.6413116455078,41.598804473877,25.6389541625977,"Bulgaria","Bulgaria",15.9589583333333,17,"alive","still transmitting",NA,NA,NA
"Neophron percnopterus Bulgaria/Greece","Neophron percnopterus",171348,"Anna","Anna_171348",NA,NA,NA,NA,2018-08-10 00:53:11,2018-09-16 00:01:06,41.6358299255371,25.8558883666992,37.2334861755371,34.842529296875,"Bulgaria","Turkey",36.9638310185185,36,"NA","NA",NA,NA,NA
"Neophron percnopterus Bulgaria/Greece","Neophron percnopterus",118154,"Aoos","Aoos_118154",NA,NA,NA,NA,2015-04-17 17:00:00,2019-05-29 13:00:00,40.13267,20.54217,39.92,20.3865,"Albania","Greece",1502.83333333333,1124,"alive","still transmitting",NA,NA,NA
"Neophron percnopterus Bulgaria/Greece","Neophron percnopterus",118147,"Arda","Arda_118147",NA,NA,NA,NA,2012-08-13 00:41:00,2013-03-06 02:00:00,41.644,25.878,10.7955,28.50933,"Bulgaria","Sudan",205.054861111111,157,"NA","NA",NA,NA,NA
"Neophron percnopterus Bulgaria/Greece","Neophron percnopterus",182265,"Ardi","Ardi_182265",NA,NA,NA,NA,2019-01-24 14:29:25,2019-05-31 01:05:32,11.797981262207,41.0565452575684,20.2385387420654,43.1984634399414,"Ethiopia","Saudi Arabia",126.441747685185,128,"alive","still transmitting",NA,NA,NA
"Neophron percnopterus Bulgaria/Greece","Neophron percnopterus",131250,"Asparuh","Asparuh_131250",NA,NA,NA,NA,2013-08-04 12:06:00,2013-09-13 03:00:00,41.6,25.985,33.62233,20.8535,"Bulgaria",NA,39.6208333333333,33,"NA","NA",NA,NA,NA
"Neophron percnopterus Bulgaria/Greece","Neophron percnopterus",171346,"Belgin","Belgin_171346",NA,NA,NA,NA,2018-08-09 01:56:15,2018-09-19 00:07:05,41.6359100341797,25.8563442230225,36.3196792602539,30.4336242675781,"Bulgaria","Turkey",40.9241898148148,42,"NA","NA",NA,NA,NA
"Neophron percnopterus Bulgaria/Greece","Neophron percnopterus",130672,"Berenice","Berenice_130672",NA,NA,NA,NA,2013-08-02 03:00:00,2013-09-12 14:17:00,39.8,21.68933,33.144,23.253,"Greece",NA,41.4701388888889,38,"NA","NA",NA,NA,NA
"Neophron percnopterus Bulgaria/Greece","Neophron percnopterus",171345,"Blanka","Blanka_171345",NA,NA,NA,NA,2018-08-02 06:02:56,2018-10-20 00:02:35,41.6499671936035,25.8446407318115,11.9076204299927,41.5852508544922,"Bulgaria","Ethiopia",78.7497569444444,80,"NA","NA",NA,NA,NA
"Neophron percnopterus Bulgaria/Greece","Neophron percnopterus",149505,"Boris","Boris_149505",NA,NA,NA,NA,2015-07-21 04:00:00,2019-05-31 02:00:00,41.59483,25.64133,41.6195,25.6535,"Bulgaria","Bulgaria",1409.91666666667,1411,"alive","still transmitting",NA,NA,NA
"Neophron percnopterus Bulgaria/Greece","Neophron percnopterus",171357,"Boyana","Boyana_171357",NA,NA,NA,NA,2018-05-16 00:16:39,2019-05-31 03:10:17,41.5944633483887,25.6411590576172,13.1813917160034,17.1974182128906,"Bulgaria","Chad",380.120578703704,381,"alive","still transmitting",NA,NA,NA
"Neophron percnopterus Bulgaria/Greece","Neophron percnopterus",135955,"Castor","Castor_135955",NA,NA,NA,NA,2014-05-14 11:00:00,2016-02-16 01:00:00,40.62333,21.51933,6.84033,42.90383,"Greece","Ethiopia",642.583333333333,644,"NA","NA",NA,NA,NA
"Neophron percnopterus Bulgaria/Greece","Neophron percnopterus",182258,"Chuupa","Chuupa_182258",NA,NA,NA,NA,2019-01-20 09:16:22,2019-05-24 07:41:51,8.8565502166748,39.9194183349609,11.1525964736938,42.3186264038086,"Ethiopia","Djibouti",123.934363425926,85,"alive","still transmitting",NA,NA,NA
"Neophron percnopterus Bulgaria/Greece","Neophron percnopterus",118150,"Dobromir","Dobromir_118150",NA,NA,NA,NA,2012-08-16 18:00:00,2016-09-25 02:00:00,43.14567,27.63883,14.59233,30.36117,"Bulgaria","Sudan",1500.33333333333,1492,"NA","NA",NA,NA,NA
"Neophron percnopterus Bulgaria/Greece","Neophron percnopterus",135956,"Elodie","Elodie_135956",NA,NA,NA,NA,2016-08-28 06:44:28,2017-09-15 06:30:15,43.1555,26.27962,15.01174,7.6714,"Bulgaria","Niger",382.990127314815,380,"NA","NA",NA,NA,NA
"Neophron percnopterus Bulgaria/Greece","Neophron percnopterus",182252,"Ertale","Ertale_182252",NA,NA,NA,NA,2019-01-26 09:05:59,2019-05-31 00:31:40,11.5407419204712,40.8160171508789,39.6517028808594,31.7637882232666,"Ethiopia","Turkey",124.642835648148,126,"alive","still transmitting",NA,NA,NA
"Neophron percnopterus Bulgaria/Greece","Neophron percnopterus",182251,"Fentale","Fentale_182251",NA,NA,NA,NA,2019-01-22 09:02:55,2019-05-04 01:42:13,9.06249523162842,39.910343170166,11.7461786270142,40.9827537536621,"Ethiopia","Ethiopia",101.693958333333,103,"alive","still transmitting",NA,NA,NA
"Neophron percnopterus Bulgaria/Greece","Neophron percnopterus",182253,"Fer","Fer_182253",NA,NA,NA,NA,2019-05-15 01:04:28,2019-05-31 00:00:33,41.5944290161133,25.6413707733154,41.5984954833984,25.6386852264404,"Bulgaria","Bulgaria",15.9556134259259,17,"alive","still transmitting",NA,NA,NA
"Neophron percnopterus Bulgaria/Greece","Neophron percnopterus",130676,"Heracles","Heracles_130676",NA,NA,NA,NA,2013-08-22 07:00:00,2013-09-14 03:00:00,39.79217,21.55817,36.23,21.58833,"Greece",NA,22.8333333333333,24,"NA","NA",NA,NA,NA
"Neophron percnopterus Bulgaria/Greece","Neophron percnopterus",131248,"Ibrahim","Ibrahim_131248",NA,NA,NA,NA,2013-08-02 14:00:00,2013-09-26 01:15:00,41.618,25.6495,35.161,24.811,"Bulgaria","Greece",54.46875,43,"NA","NA",NA,NA,NA
"Neophron percnopterus Bulgaria/Greece","Neophron percnopterus",118145,"Ikaros","Ikaros_118145",NA,NA,NA,NA,2012-08-12 19:00:00,2012-09-14 08:00:00,39.80383,21.68783,33.55917,22.21517,"Greece",NA,32.5416666666667,27,"NA","NA",NA,NA,NA
"Neophron percnopterus Bulgaria/Greece","Neophron percnopterus",118153,"Iliaz","Iliaz_118153",NA,NA,NA,NA,2012-08-30 06:00:00,2019-05-31 06:00:00,41.44,25.56833,41.188,25.15467,"Bulgaria","Greece",2465,2446,"alive","still transmitting",NA,NA,"amazing figure of ontogenic migration development"
"Neophron percnopterus Bulgaria/Greece","Neophron percnopterus",130675,"Ilin","Ilin_130675",NA,NA,NA,NA,2013-08-19 07:47:00,2013-10-28 08:44:00,41.762,21.735,41.952,21.766,"The former Yugoslav Republic of Macedonia","The former Yugoslav Republic of Macedonia",70.0395833333333,25,"NA","NA",NA,NA,NA
"Neophron percnopterus Bulgaria/Greece","Neophron percnopterus",130674,"Ilina","Ilina_130674",NA,NA,NA,NA,2013-08-05 09:00:00,2013-10-03 01:37:00,41.769,21.72467,36.29,27.381,"The former Yugoslav Republic of Macedonia",NA,58.6923611111111,49,"NA","NA",NA,NA,NA
"Neophron percnopterus Bulgaria/Greece","Neophron percnopterus",149507,"Jenny","Jenny_149507",NA,NA,NA,NA,2015-07-30 10:00:00,2019-05-29 04:00:00,41.58367,25.65033,41.5865,25.447,"Bulgaria","Bulgaria",1398.75,1391,"alive","still transmitting",NA,NA,NA
"Neophron percnopterus Bulgaria/Greece","Neophron percnopterus",130671,"Katerina","Katerina_130671",NA,NA,NA,NA,2013-08-09 13:49:00,2014-09-01 07:00:00,41.161,26.237,31.18817,30.06317,"Greece","Egypt",387.715972222222,68,"NA","NA",NA,NA,NA
"Neophron percnopterus Bulgaria/Greece","Neophron percnopterus",108050,"Lazaros","Lazaros_108050",NA,NA,NA,NA,2012-06-23 22:00:00,2013-04-01 10:00:00,39.789,21.7325,40.82683,23.80817,"Greece","Greece",281.5,283,"NA","NA",NA,NA,NA
"Neophron percnopterus Bulgaria/Greece","Neophron percnopterus",118146,"Levkipos","Levkipos_118146",NA,NA,NA,NA,2012-08-07 16:00:00,2015-06-20 00:46:59,41.089,26.13933,10.86591,26.57287,"Greece","Sudan",1046.36596064815,1008,"NA","NA",NA,NA,"possible mortality or dropped tx in early 2015?"
"Neophron percnopterus Bulgaria/Greece","Neophron percnopterus",118149,"Lomets","Lomets_118149",NA,NA,NA,NA,2016-08-26 12:00:00,2016-09-15 02:00:00,43.648,26.05967,31.531,33.05483,"Bulgaria",NA,19.5833333333333,21,"NA","NA",NA,NA,NA
"Neophron percnopterus Bulgaria/Greece","Neophron percnopterus",182263,"Lucy","Lucy_182263",NA,NA,NA,NA,2019-01-24 08:32:34,2019-05-31 02:12:12,11.8721685409546,40.8714332580566,12.4964962005615,40.912841796875,"Ethiopia","Ethiopia",126.735856481481,128,"alive","still transmitting",NA,NA,NA
"Neophron percnopterus Bulgaria/Greece","Neophron percnopterus",61952,"Macedonia","Macedonia_61952",NA,NA,NA,NA,2011-08-10 05:00:00,2011-09-19 05:00:00,41.18317,21.717,33.471,22.31083,"The former Yugoslav Republic of Macedonia",NA,40,37,"NA","NA",NA,NA,NA
"Neophron percnopterus Bulgaria/Greece","Neophron percnopterus",149504,"Maria","Maria_149504",NA,NA,NA,NA,2016-08-11 00:44:34,2016-10-19 02:00:00,41.6219,25.62263,27.6115,35.71333,"Bulgaria","Saudi Arabia",69.0523842592593,60,"NA","NA",NA,NA,NA
"Neophron percnopterus Bulgaria/Greece","Neophron percnopterus",118149,"Odiseas","Odiseas_118149",NA,NA,NA,NA,2012-09-11 14:00:00,2012-09-17 10:00:00,41.10467,26.24133,41.09317,26.24183,"Greece","Greece",5.83333333333333,7,"NA","NA",NA,NA,NA
"Neophron percnopterus Bulgaria/Greece","Neophron percnopterus",171360,"Panteley","Panteley_171360",NA,NA,NA,NA,2018-05-16 00:28:19,2019-05-31 01:16:11,41.5944633483887,25.6414337158203,41.6271705627441,23.7311496734619,"Bulgaria","Bulgaria",380.033240740741,380,"alive","still transmitting",NA,NA,NA
"Neophron percnopterus Bulgaria/Greece","Neophron percnopterus",130670,"Paschalis","Paschalis_130670",NA,NA,NA,NA,2013-08-13 00:47:00,2014-03-03 03:00:00,41.158,25.834,14.21717,9.96533,"Greece","Niger",202.092361111111,198,"NA","NA",NA,NA,NA
"Neophron percnopterus Bulgaria/Greece","Neophron percnopterus",171356,"Polya","Polya_171356",NA,NA,NA,NA,2018-05-16 00:14:35,2019-05-31 01:56:08,41.5945434570312,25.6413745880127,16.4630241394043,33.922119140625,"Bulgaria","Sudan",380.070520833333,381,"alive","still transmitting",NA,NA,NA
"Neophron percnopterus Bulgaria/Greece","Neophron percnopterus",182266,"Qero","Qero_182266",NA,NA,NA,NA,2019-01-22 12:00:36,2019-05-31 01:37:07,8.90513801574707,39.7713966369629,10.7928533554077,40.6768112182617,"Ethiopia","Ethiopia",128.567025462963,130,"alive","still transmitting",NA,NA,NA
"Neophron percnopterus Bulgaria/Greece","Neophron percnopterus",130673,"Red Cliff","Red Cliff_130673",NA,NA,NA,NA,2013-08-28 15:00:00,2013-09-22 03:00:00,40.10867,20.08083,34.9315,21.81183,"Albania",NA,24.5,23,"NA","NA",NA,NA,NA
"Neophron percnopterus Bulgaria/Greece","Neophron percnopterus",149506,"Regina","Regina_149506",NA,NA,NA,NA,2016-08-27 04:00:00,2016-09-09 02:00:00,43.64817,26.0595,35.12017,32.5695,"Bulgaria",NA,12.9166666666667,14,"NA","NA",NA,NA,NA
"Neophron percnopterus Bulgaria/Greece","Neophron percnopterus",131249,"Sanie","Sanie_131249",NA,NA,NA,NA,2013-08-01 02:00:00,2016-10-04 01:00:00,41.6415,25.88183,12.91217,40.32033,"Bulgaria","Ethiopia",1159.95833333333,1153,"NA","NA",NA,NA,NA
"Neophron percnopterus Bulgaria/Greece","Neophron percnopterus",182256,"Sharka","Sharka_182256",NA,NA,NA,NA,2019-05-15 01:04:34,2019-05-17 00:18:00,41.5942344665527,25.6415615081787,41.5998954772949,25.6224899291992,"Bulgaria","Bulgaria",1.96766203703704,3,"alive","still transmitting",NA,NA,"only 3 points!"
"Neophron percnopterus Bulgaria/Greece","Neophron percnopterus",61952,"Spartacus","Spartacus_61952",NA,NA,NA,NA,2010-08-19 04:00:00,2011-01-15 07:00:00,41.64117,25.88117,12.459,16.2475,"Bulgaria","Chad",149.125,141,"NA","NA",NA,NA,NA
"Neophron percnopterus Bulgaria/Greece","Neophron percnopterus",118152,"Svetlina","Svetlina_118152",NA,NA,NA,NA,2012-08-17 10:00:00,2014-09-06 01:00:00,41.62283,25.8975,17.91383,38.27433,"Bulgaria","Sudan",749.625,751,"NA","NA",NA,NA,NA
"Neophron percnopterus Bulgaria/Greece","Neophron percnopterus",118148,"Volen","Volen_118148",NA,NA,NA,NA,2012-08-16 16:00:00,2014-09-29 02:00:00,43.18,27.43567,25.584,31.48183,"Bulgaria","Egypt",773.416666666667,772,"NA","NA",NA,NA,NA
"Neophron percnopterus Bulgaria/Greece","Neophron percnopterus",182264,"Wesal","Wesal_182264",NA,NA,NA,NA,2019-04-15 06:14:35,2019-05-31 00:16:04,30.6972408294678,35.5799446105957,37.1926460266113,39.2326164245605,"Jordan","Turkey",45.7510300925926,47,"alive","still transmitting",NA,NA,NA
"Neophron percnopterus Bulgaria/Greece","Neophron percnopterus",171349,"Zikmund","Zikmund_171349",NA,NA,NA,NA,2018-08-10 02:49:43,2018-09-12 00:09:53,41.6360855102539,25.8562202453613,40.863338470459,25.9008731842041,"Bulgaria","Greece",32.8890046296296,28,"NA","NA",NA,NA,NA
"Neophron percnopterus. GREFA. Spain","Neophron percnopterus",137397,"2HN","2HN_137397",NA,NA,NA,NA,2015-07-20 14:00:00,2019-05-30 09:00:00,40.46833,-3.83983,40.61617,-4.72033,"Spain","Spain",1409.79166666667,1352,"alive","still transmitting",NA,NA,NA
"Neophron percnopterus. GREFA. Spain","Neophron percnopterus",48500703772,"2HP","2HP_48500703772",NA,NA,NA,NA,2016-07-25 05:08:00,2019-05-31 00:00:00,40.95475,-4.100033,41.128332,-6.191566,"Spain","Spain",1039.78611111111,200,"alive","still transmitting",NA,NA,"highly intermittent fixes"
"Neophron percnopterus. GREFA. Spain","Neophron percnopterus",181641,"95N","95N_181641",NA,NA,NA,NA,2018-08-02 08:50:30,2019-05-31 04:52:35,41.5355224609375,-3.58922171592712,41.479133605957,-3.58197999000549,"Spain","Spain",301.834780092593,303,"alive","still transmitting",NA,NA,NA
"Neophron percnopterus. GREFA. Spain","Neophron percnopterus",6471,"95P","95P_6471",NA,NA,NA,NA,2018-08-06 05:00:47,2019-05-31 05:00:23,41.2050675,-4.8270731,14.9075802,-16.1349591,"Spain","Senegal",297.999722222222,280,"alive","still transmitting",NA,NA,NA
"Neophron percnopterus. GREFA. Spain","Neophron percnopterus",5019,"95R","95R_5019",NA,NA,NA,NA,2016-07-26 05:00:48,2018-01-14 17:00:20,42.330439,-7.2841079,15.5337375,-8.0311284,"Spain","Mauritania",537.499675925926,424,"NA","NA",NA,NA,NA
"Neophron percnopterus. GREFA. Spain","Neophron percnopterus",5782,"9FC","9FC_5782",NA,NA,NA,NA,2017-07-20 05:00:53,2017-09-16 05:00:41,40.482207,-4.1674682,30.6457038,-2.9051532,"Spain","Algeria",57.9998611111111,26,"NA","NA",NA,NA,"very few fixes"
"Neophron percnopterus. GREFA. Spain","Neophron percnopterus",370,"9FH","9FH_370",NA,NA,NA,NA,2017-07-31 01:08:19,2018-01-30 00:25:14,42.48747,-6.84458,13.91717,-12.05842,"Spain","Mali",182.970081018519,176,"NA","NA",NA,NA,NA
"Neophron percnopterus. GREFA. Spain","Neophron percnopterus",5783,"9FJ","9FJ_5783",NA,NA,NA,NA,2017-07-21 05:00:23,2018-01-27 05:00:23,42.3284003,-7.2847455,15.3656605,-4.454049,"Spain","Mali",190,176,"NA","NA",NA,NA,NA
"Omanvulture","Neophron percnopterus",16095,"16095","16095_16095",NA,NA,NA,NA,2018-01-19 10:49:05,2019-05-31 01:23:18,23.3350315093994,58.4574317932129,23.3148574829102,58.6541900634766,"Oman","Oman",496.607094907407,497,"alive","still transmitting",NA,NA,NA
"Omanvulture","Neophron percnopterus",171318,"171318","171318_171318",NA,NA,NA,NA,2018-01-20 09:48:05,2019-05-31 00:26:36,23.3392658233643,58.4492835998535,27.2252140045166,56.1697463989258,"Oman","Iran (Islamic Republic of)",495.610081018519,497,"alive","still transmitting",NA,NA,NA
"Released Egyptian Vultures in Italy","Neophron percnopterus",119157,"Agata","Agata_119157",NA,NA,NA,NA,2015-08-26 08:00:00,2015-09-05 08:35:12,37.39733,13.36967,36.848,13.251,"Italy",NA,10.0244444444444,11,"NA","NA",NA,NA,NA
"Released Egyptian Vultures in Italy","Neophron percnopterus",48500502206,"Aneta","Aneta_48500502206",NA,NA,NA,NA,2015-09-07 00:01:00,2015-10-04 00:03:00,39.10625,16.891933,33.018032,21.71635,"Italy",NA,27.0013888888889,28,"NA","NA",NA,NA,NA
"Released Egyptian Vultures in Italy","Neophron percnopterus",16093,"Apollo","Apollo_16093",NA,NA,NA,NA,2017-07-24 23:09:19,2017-09-28 04:54:15,40.2465896606445,16.102409362793,32.4999885559082,8.30298519134521,"Italy","Algeria",65.239537037037,62,"NA","NA",NA,NA,NA
"Released Egyptian Vultures in Italy","Neophron percnopterus",48500501963,"Carmen","Carmen_48500501963",NA,NA,NA,NA,2015-09-07 00:01:00,2015-12-27 00:00:00,39.106233,16.891899,31.652416,25.787883,"Italy",NA,110.999305555556,111,"NA","NA",NA,NA,"looks to have died at see and tx floated long after"
"Released Egyptian Vultures in Italy","Neophron percnopterus",119158,"Karel","Karel_119158",NA,NA,NA,NA,2015-09-08 12:12:44,2015-10-21 12:26:57,38.997,16.881,36.869,14.246,"Italy",NA,43.0098726851852,43,"NA","NA",NA,NA,NA
"Released Egyptian Vultures in Italy","Neophron percnopterus",23306,"Sara","Sara_23306",NA,NA,NA,NA,2015-08-26 20:00:00,2019-05-31 04:00:00,39.9165,18.3045,40.59433,16.671,"Italy","Italy",1373.33333333333,1373,"alive","still transmitting",NA,NA,NA
"Released Egyptian Vultures in Italy","Neophron percnopterus",48500501945,"Tobia","Tobia_48500501945",NA,NA,NA,NA,2015-09-07 00:01:00,2019-05-31 05:00:00,39.1062,16.891899,39.419316,16.685149,"Italy","Italy",1362.20763888889,1350,"alive","still transmitting",NA,NA,NA
