study.name,species,tag,id,id.tag,sex,age.at.deployment,age.at.deployment.standard,captive.raised,rehabilitated,start.date,end.date,start.date.adjusted,end.date.adjusted,start.lat,start.long,end.lat,end.long,start.country,end.country,deployment.duration,n.locs,fate,how.fate.determined,cause.of.death,comments
Neophron percnopterus Bulgaria/Greece,Neophron percnopterus,182261,Andi,Andi_182261,M,2cal_year,2cal_year,Y,N,5/15/19 1:04,5/15/19 1:04,5/15/19 0:00,5/31/19 0:00,41.59440231,25.64131165,41.59880447,25.63895416,Bulgaria,Bulgaria,15.95895833,17,alive,NA,NA,NA
Neophron percnopterus Bulgaria/Greece,Neophron percnopterus,171360,Panteley,Panteley_171360,M,2cal_year,2,Y,N,5/16/18 0:28,5/16/18 0:28,5/16/18 0:00,5/31/19 0:00,41.59446335,25.64143372,41.62717056,23.73114967,Bulgaria,Bulgaria,380.0332407,380,alive,NA,NA,NA
Neophron percnopterus Bulgaria/Greece,Neophron percnopterus,182253,Fer,Fer_182253,NA,2cal_year,2,Y,N,5/15/19 1:04,5/15/19 1:04,5/15/19 0:00,5/31/19 0:00,41.59442902,25.64137077,41.59849548,25.63868523,Bulgaria,Bulgaria,15.95561343,17,alive,NA,NA,NA
Neophron percnopterus Bulgaria/Greece,Neophron percnopterus,149507,Jenny,Jenny_149507,F,adult,Ad,N,N,7/30/15 10:00,7/30/15 10:00,7/30/15 0:00,5/29/19 0:00,41.58367,25.65033,41.5865,25.447,Bulgaria,Bulgaria,1398.75,1391,alive,NA,NA,NA
Neophron percnopterus Bulgaria/Greece,Neophron percnopterus,149505,Boris,Boris_149505,M,adult,Ad,N,N,7/21/15 4:00,7/21/15 4:00,7/21/15 0:00,5/31/19 0:00,41.59483,25.64133,41.6195,25.6535,Bulgaria,Bulgaria,1409.916667,1411,alive,NA,NA,NA
Neophron percnopterus Bulgaria/Greece,Neophron percnopterus,171357,Boyana,Boyana_171357,F,2cal_year,2,Y,N,5/16/18 0:16,5/16/18 0:16,5/16/18 0:00,5/31/19 0:00,41.59446335,25.64115906,13.18139172,17.19741821,Bulgaria,Chad,380.1205787,381,alive,NA,NA,NA
Neophron percnopterus Bulgaria/Greece,Neophron percnopterus,182258,Chuupa,Chuupa_182258,NA,2cal_year,2,N,N,1/20/19 9:16,1/20/19 9:16,1/20/19 0:00,5/24/19 0:00,8.856550217,39.91941833,11.15259647,42.3186264,Ethiopia,Djibouti,123.9343634,85,alive,NA,NA,NA
Egyptian Vulture Reintroduction Israel,Neophron percnopterus,171086,H42 Green,H42 Green_171086,NA,570,2,Y,N,12/13/17 4:06,12/13/17 4:06,NA,NA,32.75216293,35.01342392,30.50692558,34.20275116,Israel,Egypt,533.9227431,428,alive,NA,NA,Age units are days
Neophron percnopterus Bulgaria/Greece,Neophron percnopterus,171362,Akaga,Akaga_171362,NA,2cal_year,2,Y,N,5/16/18 0:15,5/16/18 0:15,5/16/18 0:00,5/31/19 0:00,41.59421539,25.64131165,12.43244839,40.23460007,Bulgaria,Ethiopia,380.2182986,381,alive,NA,NA,NA
Neophron percnopterus Bulgaria/Greece,Neophron percnopterus,182266,Qero,Qero_182266,M,2cal_year,2,N,N,1/22/19 12:00,1/22/19 12:00,1/22/19 0:00,5/31/19 0:00,8.905138016,39.77139664,10.79285336,40.67681122,Ethiopia,Ethiopia,128.5670255,130,alive,NA,NA,NA
Neophron percnopterus Bulgaria/Greece,Neophron percnopterus,182254,Alimerah,Alimerah_182254,NA,2cal_year,2,N,N,1/25/19 7:55,1/25/19 7:55,1/25/19 0:00,5/31/19 0:00,11.67359829,40.97370148,11.78166294,41.03788376,Ethiopia,Ethiopia,125.7344097,127,alive,NA,NA,NA
Neophron percnopterus Bulgaria/Greece,Neophron percnopterus,182251,Fentale,Fentale_182251,NA,3cal_year,3,N,N,1/22/19 9:02,1/22/19 9:02,1/22/19 0:00,4/5/19 1:42,9.062495232,39.91034317,11.74617863,40.98275375,Ethiopia,Ethiopia,101.6939583,103,alive,NA,NA,NA
Neophron percnopterus Bulgaria/Greece,Neophron percnopterus,182263,Lucy,Lucy_182263,NA,4cal_year,4,N,N,1/24/19 8:32,1/24/19 8:32,1/24/19 0:00,5/31/19 0:00,11.87216854,40.87143326,12.4964962,40.9128418,Ethiopia,Ethiopia,126.7358565,128,alive,NA,NA,NA
Egyptian vulture Kobierzycki Gardon ,Neophron percnopterus,707,Gardon_2016_Ad_wild_MW707 ,Gardon_2016_Ad_wild_MW707 _707,NA,7,Ad,N,N,3/29/16 6:46,3/29/16 6:46,NA,NA,44.2314,4.41436,44.37492,4.43744,France,France,1157.755208,925,alive,telemetry data: still moving,NA,adult captured at breeding site in Gardon. born in 2009 in Herault and ringed in 2009.
Egyptian vulture Kobierzycki Pyrenees,Neophron percnopterus,17996,Ossau_2018_Ad_wild_OR17996_PC0,Ossau_2018_Ad_wild_OR17996_PC0_17996,NA,adult,Ad,N,N,4/21/18 3:44,4/21/18 3:44,NA,NA,43.06973267,-0.415683329,43.06936264,-0.425459981,France,France,405.0345833,308,alive,telemetry data: still moving,NA,Adult caught in Ossau (Castet) 21/04/2018. age unknown
Egyptian vulture in France (grands Causses-Baronnies),Neophron percnopterus,181635,Baronnies_2019_Imm_wild_OR181635_5T,Baronnies_2019_Imm_wild_OR181635_5T_181635,NA,1,1,N,Y,4/1/19 17:25,4/1/19 17:25,NA,NA,44.43438339,5.322945118,43.88167572,5.803043365,France,France,59.4240625,61,alive,telemetry data: still moving,NA,"born wild, found weakened in Baronnies in autumn 2018. kept in rehabilitation whole winter. released in Baronnies in April 2019"
Neophron percnopterus Bulgaria/Greece,Neophron percnopterus,118153,Iliaz,Iliaz_118153,NA,juv,1,N,N,8/30/12 6:00,8/30/12 6:00,8/30/12 0:00,5/31/19 0:00,41.44,25.56833,41.188,25.15467,Bulgaria,Greece,2465,2446,alive,NA,NA,NA
Neophron percnopterus Bulgaria/Greece,Neophron percnopterus,118154,Aoos,Aoos_118154,F,adult,Ad,N,N,4/17/15 17:00,4/17/15 17:00,4/17/15 0:00,5/29/19 0:00,40.13267,20.54217,39.92,20.3865,Greece,Greece,1502.833333,1124,alive,NA,NA,"tagged in Greece, but bred in Albania"
"Egyptian Vulture (Neophron percnopterus), Turkey, Armenia, Ethiopia ",Neophron percnopterus,118174,Logiya,Logiya_118174,NA,SUBADULT (~2.5 YEARS),2,N,N,12/1/13 5:00,12/1/13 5:00,12/1/13 0:00,NA,11.71533,40.974,39.09167,46.96917,Ethiopia,Iran (Islamic Republic of),2006.833333,1826,alive,NA,NA,NA
Omanvulture,Neophron percnopterus,171318,171318,171318_171318,NA,2,2,N,N,1/20/18 9:48,1/20/18 9:48,1/20/18 0:00,NA,23.33926582,58.4492836,27.225214,56.1697464,Oman,Iran (Islamic Republic of),495.610081,497,alive,NA,NA,
Egyptian Vulture Reintroduction Israel,Neophron percnopterus,171080,A26 Green,A26 Green_171080,NA,208,1,Y,N,12/13/17 4:06,12/13/17 4:06,NA,NA,32.75217819,35.01340485,30.60771751,35.07762146,Israel,Israel,533.9194329,357,alive,NA,NA,Age units are days
Egyptian Vulture wild-birds Israel,Neophron percnopterus,180318,Amud H08 Blue,Amud H08 Blue_180318,NA,Adult,Ad,N,Y,8/20/18 14:46,8/20/18 14:46,NA,NA,32.88889694,35.49689102,32.93317795,35.56361389,Israel,Israel,283.4703472,284,alive,NA,NA,"Found not flying, treated for a week at the Is Israel Wildlife Hospital and released. Migrated 2018 and returned to the same area in 2019, seen in a nest with two chicks."
Egyptian Vulture wild-birds Israel,Neophron percnopterus,171405,Tlalim C48 Blue,Tlalim C48 Blue_171405,NA,Adult,Ad,N,Y,3/18/19 11:30,3/18/19 11:30,NA,NA,30.8218708,34.83675003,31.01065254,34.88025665,Israel,Israel,73.61127315,75,alive,NA,NA,"Found (probably) posioned, treated for a week at the Is Israel Wildlife Hospital and released."
Omanvulture,Neophron percnopterus,16095,16095,16095_16095,NA,2,2,N,N,1/19/18 10:49,1/19/18 10:49,1/19/18 0:00,NA,23.33503151,58.45743179,23.31485748,58.65419006,Oman,Oman,496.6070949,497,alive,NA,NA,
Neophron percnopterus Bulgaria/Greece,Neophron percnopterus,182265,Ardi,Ardi_182265,NA,adult,Ad,N,N,1/24/19 14:29,1/24/19 14:29,1/24/19 0:00,5/31/19 0:00,11.79798126,41.05654526,20.23853874,43.19846344,Ethiopia,Saudi Arabia,126.4417477,128,alive,NA,NA,NA
Neophron percnopterus. GREFA. Spain,Neophron percnopterus,6471,95P,95P_6471,NA,NA,NA,N,N,8/6/18 5:00,8/6/18 5:00,NA,NA,41.2050675,-4.8270731,14.9075802,-16.1349591,Spain,Senegal,297.9997222,280,alive,NA,NA,NA
Egyptian vulture in France (grands Causses-Baronnies),Neophron percnopterus,171075,Causses_2018_Imm_wild_OR171075_4X,Causses_2018_Imm_wild_OR171075_4X_171075,NA,1,1,N,Y,4/5/18 12:00,4/5/18 12:00,NA,NA,44.20375443,3.255665064,36.44590378,-5.969079971,France,Spain,420.6485532,422,alive,telemetry data: still moving,NA,"born wild in Gorges de la Dourbie, found weakened in Sept 2017. released in sept 2017, found again. Kept in captivity and rehabilitated the whole winter 2017-2018. released 05/04/2018. recovered again in Dourbie Canyon on 16 May 2018."
LIFE_Rupis_EgyptianVultures,Neophron percnopterus,48505476460,NeoPer_Faia,NeoPer_Faia_48505476460,NA,Adult,Ad,N,N,6/13/17 8:00,6/13/17 8:00,NA,NA,40.926366,-6.943999,40.947616,-6.632316,Portugal,Spain,715.9166667,717,alive,Normal movements,NA,NA
Egyptian vulture (Neophron percnopterus) in Arribes del Duero (Salamanca) - SALORO,Neophron percnopterus,17022,BatuecasP,BatuecasP_17022,F,<1,1,N,N,8/1/17 0:02,8/1/17 0:02,NA,NA,41.06285477,-6.766503334,40.83993912,-6.539853096,Spain,Spain,668.0302199,668,alive,NA,NA,Nonmigratory
Egyptian vulture (Neophron percnopterus) in Arribes del Duero (Salamanca) - SALORO,Neophron percnopterus,17020,BatuecasA,BatuecasA_17020,M,>3 adult,Ad,N,N,6/15/17 14:48,6/15/17 14:48,NA,NA,41.05353546,-6.663703442,41.05927277,-6.77112484,Spain,Spain,714.5063426,716,alive,NA,NA,NA
LIFE_Rupis_EgyptianVultures,Neophron percnopterus,48797733050,NeoPer_Douro,NeoPer_Douro_48797733050,NA,Adult,Ad,N,N,6/13/17 6:00,6/13/17 6:00,NA,NA,40.9598,-6.833833,40.3603,-6.044333,Spain,Spain,701.1444444,690,alive,Transmitter detached due to harness failure_Bird was seen incubating at nest several days later identified by colour ring,NA,Transmitter confirmed detached on 7th May 2019_Bird resighted a couple of days later incubating alive and well https://www.4vultures.org/2019/05/28/the-mystery-of-egyptian-vulture-douro-s-lost-gps-transmitter/
LIFE_Rupis_EgyptianVultures,Neophron percnopterus,48511694900,NeoPer_Rupis,NeoPer_Rupis_48511694900,NA,TY,3,N,N,7/15/16 6:00,7/15/16 6:00,NA,NA,41.477116,-6.270032,41.447499,-6.339133,Spain,Spain,1049.999306,1005,alive,Normal movements,NA,NA
Neophron percnopterus. GREFA. Spain,Neophron percnopterus,137397,2HN,2HN_137397,NA,NA,NA,N,N,7/20/15 14:00,7/20/15 14:00,NA,NA,40.46833,-3.83983,40.61617,-4.72033,Spain,Spain,1409.791667,1352,alive,NA,NA,NA
Neophron percnopterus. GREFA. Spain,Neophron percnopterus,48500703772,2HP,2HP_48500703772,NA,NA,NA,N,N,7/25/16 5:08,7/25/16 5:08,NA,NA,40.95475,-4.100033,41.128332,-6.191566,Spain,Spain,1039.786111,200,alive,NA,NA,NA
Neophron percnopterus. GREFA. Spain,Neophron percnopterus,181641,95N,95N_181641,NA,NA,NA,N,N,8/2/18 8:50,8/2/18 8:50,NA,NA,41.53552246,-3.589221716,41.47913361,-3.58197999,Spain,Spain,301.8347801,303,alive,NA,NA,NA
Neophron percnopterus Bulgaria/Greece,Neophron percnopterus,171356,Polya,Polya_171356,F,2cal_year,22,Y,N,5/16/18 0:14,5/16/18 0:14,5/16/18 0:00,5/31/19 0:00,41.59454346,25.64137459,16.46302414,33.92211914,Bulgaria,Sudan,380.0705208,381,alive,NA,NA,NA
Egyptian Vulture Reintroduction Israel,Neophron percnopterus,17113,EV10,EV10_17113,NA,224,1,Y,N,7/15/17 0:05,7/15/17 0:05,NA,NA,32.4717865,34.98392487,18.09318924,31.21349716,Israel,Sudan,39.00175926,39,alive,Seen,NA,"Age units are days, transmitter stopped working, bird seen alive summer 2019"
Egyptian Vulture Reintroduction Israel,Neophron percnopterus,16015,R2,R2_16015,NA,305,1,Y,N,4/5/16 2:41,4/5/16 2:41,NA,NA,32.55886841,34.93929672,10.84012127,26.85128784,Israel,Sudan,611.1064583,387,alive,Seen,NA,"Age units are days, transmitter fell, seen alive June 2019"
Egyptian Vulture Reintroduction Israel,Neophron percnopterus,3515,00 White 2013,00 White 2013_3515,NA,312,1,Y,N,4/4/14 5:00,4/4/14 5:00,NA,NA,32.752136,35.0134302,34.3754469,38.1383517,Israel,Syrian Arab Republic,1883.000556,1757,alive,NA,NA,Age units are days
Egyptian Vulture Reintroduction Israel,Neophron percnopterus,16124,H60 Blue,H60 Blue_16124,NA,550,2,Y,N,12/13/17 5:22,12/13/17 5:22,NA,NA,32.75217819,35.01341629,33.07972336,35.67808151,Israel,Syrian Arab Republic,533.8544444,361,alive,NA,NA,Age units are days
Neophron percnopterus Bulgaria/Greece,Neophron percnopterus,182252,Ertale,Ertale_182252,NA,adult,Ad,N,N,1/26/19 9:05,1/26/19 9:05,1/26/19 0:00,5/31/19 0:00,11.54074192,40.81601715,39.65170288,31.76378822,Ethiopia,Turkey,124.6428356,126,alive,NA,NA,NA
Egyptian Vulture Reintroduction Israel,Neophron percnopterus,171081,H81 Green,H81 Green_171081,NA,155,1,Y,N,10/25/17 9:12,10/25/17 9:12,NA,NA,32.753479,35.01400375,36.94632339,35.89520645,Israel,Turkey,582.6910532,512,alive,NA,NA,Age units are days
Egyptian Vulture Reintroduction Israel,Neophron percnopterus,180326,H70 Green,H70 Green_180326,NA,543,2,Y,N,12/22/18 4:10,12/22/18 4:10,NA,NA,32.75210953,35.0135231,39.93068695,40.65409088,Israel,Turkey,159.8876157,157,alive,NA,NA,Age units are days
Neophron percnopterus Bulgaria/Greece,Neophron percnopterus,182264,Wesal,Wesal_182264,NA,adult,Ad,N,Y,4/15/19 6:14,4/15/19 6:14,4/15/19 0:00,5/31/19 0:00,30.69724083,35.57994461,37.19264603,39.23261642,Jordan,Turkey,45.75103009,47,alive,NA,NA,"confiscated by RSCN in Jordan, rehabilitated for >1 year, and released"
"Egyptian Vulture (Neophron percnopterus), Turkey, Armenia, Ethiopia ",Neophron percnopterus,132086,Iste,Iste_132086,NA,Adult 5+,Ad,N,N,6/10/14 2:36,6/10/14 2:36,6/10/14 0:00,NA,40.0831,43.6674,39.8085,42.5348,Turkey,Turkey,1816.106285,1747,alive,NA,NA,NA
Egyptian Vulture Reintroduction Israel,Neophron percnopterus,180327,H73 Blue,H73 Blue_180327,NA,577,2,Y,N,12/24/18 4:10,12/24/18 4:10,NA,NA,32.75222015,35.01353073,37.02671814,35.55789185,Israel,Turkey,95.95256944,97,Almost certainly dead,GPS on roads after a few days on the ground,NA,Age units are days
Neophron percnopterus Bulgaria/Greece,Neophron percnopterus,171348,Anna,Anna_171348,F,juv,1,Y,N,8/10/18 0:53,8/10/18 0:53,8/10/18 0:00,9/16/18 0:00,41.63582993,25.85588837,37.23348618,34.8425293,Bulgaria,Turkey,36.96383102,36,captive,recaptured,exhaustion,"would have died of exhaustion, but recaptured"
Neophron percnopterus Bulgaria/Greece,Neophron percnopterus,182256,Sharka,Sharka_182256,NA,2cal_year,2,Y,N,5/15/19 1:04,5/15/19 1:04,5/15/19 0:00,5/17/19 0:00,41.59423447,25.64156151,41.59989548,25.62248993,Bulgaria,Bulgaria,1.967662037,3,dead,carcass found,killed by predator,Killed by predator 3 days after the release
Neophron percnopterus Bulgaria/Greece,Neophron percnopterus,61952,Spartacus,Spartacus_61952,NA,juv,1,N,N,8/19/10 4:00,8/19/10 4:00,8/19/10 0:00,1/15/11 0:00,41.64117,25.88117,12.459,16.2475,Bulgaria,Chad,149.125,141,dead,carcass retrieved,shot,NA
Neophron percnopterus Bulgaria/Greece,Neophron percnopterus,118148,Volen,Volen_118148,NA,juv,1,N,N,8/16/12 16:00,8/16/12 16:00,8/16/12 0:00,9/29/14 0:00,43.18,27.43567,25.584,31.48183,Bulgaria,Egypt,773.4166667,772,dead,NA,NA,Last locations are from a roosting site in Egypt. No more locations after that. The bird might have died or the transmitter failed
Egyptian Vulture Reintroduction Israel,Neophron percnopterus,171084,H50 Green,H50 Green_171084,NA,207,1,Y,N,12/13/17 4:06,12/13/17 4:06,NA,NA,32.75217056,35.01344299,28.13286972,34.20415878,Israel,Egypt,238.9431366,240,dead,Found,"Found in a drinking pool, possibly drowned after exhaustion",Age units are days
Egyptian Vulture Reintroduction Israel,Neophron percnopterus,119245,White 12,White 12_119245,NA,370,2,Y,N,3/13/13 13:00,3/13/13 13:00,NA,NA,32.75817,35.008,26.67967,34.0385,Israel,Egypt,901.625,903,dead,Found,NA,Age units are days
Neophron percnopterus Bulgaria/Greece,Neophron percnopterus,171345,Blanka,Blanka_171345,F,juv,1,Y,N,8/2/18 6:02,8/2/18 6:02,8/2/18 0:00,10/21/18 0:00,41.64996719,25.84464073,11.90762043,41.58525085,Bulgaria,Ethiopia,78.74975694,80,dead,retrieved transmitter and carcass,probably injured by people/animals and suffered to death,The bird died on 21.10 in the morning
Neophron percnopterus Bulgaria/Greece,Neophron percnopterus,131249,Sanie,Sanie_131249,NA,juv,1,N,N,8/1/13 2:00,8/1/13 2:00,8/1/13 0:00,4/10/16 1:00,41.6415,25.88183,12.91217,40.32033,Bulgaria,Ethiopia,1159.958333,1153,dead,inferred from transmissions,unknown,Since 04.10 the transmitter sending signal from the same location
Neophron percnopterus Bulgaria/Greece,Neophron percnopterus,135955,Castor,Castor_135955,NA,adult,Ad,N,Y,5/14/14 11:00,5/14/14 11:00,5/14/14 0:00,2/16/16 0:00,40.62333,21.51933,6.84033,42.90383,Greece,Ethiopia,642.5833333,644,dead,transmission ended,unknown,tagged after found disorientated due to lead poisoning
"Egyptian Vulture (Neophron percnopterus), Turkey, Armenia, Ethiopia ",Neophron percnopterus,118175,Igdir,Igdir_118175,NA,ADULT (5+ years),Ad,N,N,8/22/12 5:00,8/22/12 5:00,8/23/12 0:00,NA,40.12167,43.5835,5.22433,42.18067,Turkey,Ethiopia,921.8333333,875,dead,bird / tag recovery,poisoning,NA
Neophron percnopterus Bulgaria/Greece,Neophron percnopterus,171349,Zikmund,Zikmund_171349,F,juv,1,Y,N,8/10/18 2:49,8/10/18 2:49,8/10/18 0:00,12/9/18 0:09,41.63608551,25.85622025,40.86333847,25.90087318,Bulgaria,Greece,32.88900463,28,dead,recaptured,human imprinting,would have died due to too strong affinity to humans
Neophron percnopterus Bulgaria/Greece,Neophron percnopterus,131248,Ibrahim,Ibrahim_131248,NA,juv,1,N,N,8/2/13 14:00,8/2/13 14:00,8/2/13 0:00,9/26/13 0:00,41.618,25.6495,35.161,24.811,Bulgaria,Greece,54.46875,43,dead,transmission ended,unknown,Not clear if the bird really died or the transmitter failed. 
Neophron percnopterus Bulgaria/Greece,Neophron percnopterus,108050,Lazaros,Lazaros_108050,F,adult,Ad,N,Y,6/23/12 22:00,6/23/12 22:00,6/23/12 0:00,1/4/13 10:00,39.789,21.7325,40.82683,23.80817,Greece,Greece,281.5,283,dead,carcass retrieved,poisoning,Tagged after being found poisoned in Meteora; poisoned again one year later
Neophron percnopterus Bulgaria/Greece,Neophron percnopterus,118149,Odiseas,Odiseas_118149,NA,juv,1,N,Y,9/11/12 14:00,9/11/12 14:00,9/11/12 0:00,9/17/12 0:00,41.10467,26.24133,41.09317,26.24183,Greece,Greece,5.833333333,7,dead,carcass retrieved,exhaustion,Found dead near Dadia; This individual was rescued before tagging; Probable reason of death - bad physical condition
Neophron percnopterus Bulgaria/Greece,Neophron percnopterus,130674,Ilina,Ilina_130674,NA,juv,1,N,N,8/5/13 9:00,8/5/13 9:00,8/17/13 0:00,9/28/13 0:00,41.768439,21.722818,36.370124,27.463838,North Macedonia,Greece,NA,49,dead,found feathers,predation,Most probably killed by Bonneli's eagle
Egyptian Vulture Reintroduction Israel,Neophron percnopterus,180321,X86 Blue,X86 Blue_180321,NA,219,1,Y,N,12/24/18 4:11,12/24/18 4:11,NA,NA,32.75218201,35.01345825,32.69794083,34.9985466,Israel,Israel,11.00234954,12,dead,Found,Electrocuted,Age units are days
Egyptian Vulture Reintroduction Israel,Neophron percnopterus,16011,R3,R3_16011,NA,293,1,Y,N,4/5/16 2:41,4/5/16 2:41,NA,NA,32.56093979,34.93896103,32.59789658,35.01485825,Israel,Israel,10.00416667,11,dead,Found,Probably snake bite,Age units are days
Egyptian Vulture Reintroduction Israel,Neophron percnopterus,119246,White 08,White 08_119246,NA,392,2,Y,N,3/15/13 15:32,3/15/13 15:32,NA,NA,32.85542,33.88082,32.75267,35.013,Israel,Israel,157.5611111,158,dead,Found,Killed by Bonnelie's eagle,Age units are days
Egyptian Vulture Reintroduction Israel,Neophron percnopterus,17113,A17 Green,A17 Green_17113,NA,663,2,Y,N,4/16/17 0:05,4/16/17 0:05,NA,NA,32.55931854,34.93855286,32.4719162,34.98394012,Israel,Israel,80.00050926,81,dead,Found,Hit a train when feeding on a dead boer,Age units are days
Egyptian Vulture Reintroduction Israel,Neophron percnopterus,17111,C39 Blue,C39 Blue_17111,NA,701,2,Y,N,4/16/17 0:05,4/16/17 0:05,NA,NA,32.55890274,34.93943405,32.55865479,34.93939972,Israel,Israel,464.0947106,465,dead,Found,Hit a train when feeding on a dead boer,Age units are days
Neophron percnopterus Bulgaria/Greece,Neophron percnopterus,130673,Red Cliff,Red Cliff_130673,NA,juv,1,N,N,8/28/13 15:00,8/28/13 15:00,8/28/13 0:00,9/21/13 0:00,40.108776,20.080818,34.986369,21.844228,Albania,Mediterranean Sea,NA,23,dead,inferred from transmissions,drowned,track ends in sea
Neophron percnopterus Bulgaria/Greece,Neophron percnopterus,149506,Regina,Regina_149506,F,juv,1,Y,N,8/27/16 4:00,8/27/16 4:00,8/26/16 0:00,9/9/16 0:00,43.648184,26.059656,32.168295,34.495682,Bulgaria,Mediterranean Sea,NA,14,dead,inferred from transmissions,drowned,Track ends in sea. Captive-bred from Vienna Zoo; originates from Turkish population
Neophron percnopterus Bulgaria/Greece,Neophron percnopterus,118149,Lomets,Lomets_118149,M,juv,1,Y,N,8/26/16 12:00,8/26/16 12:00,8/26/16 0:00,9/15/16 0:00,43.648184,26.059656,31.529424,33.055494,Bulgaria,Mediterranean Sea,NA,21,dead,inferred from transmissions,drowned,Track ends in sea. Captive-bred from Vienna Zoo; originates from Turkish population
Neophron percnopterus Bulgaria/Greece,Neophron percnopterus,131250,Asparuh,Asparuh_131250,NA,juv,1,N,N,8/4/13 12:06,8/4/13 12:06,8/14/13 0:00,9/9/13 0:00,41.62086,25.89908,34.03137,20.696162,Bulgaria,Mediterranean Sea,NA,33,dead,inferred from transmissions,drowned,track ends in sea
Neophron percnopterus Bulgaria/Greece,Neophron percnopterus,171346,Belgin,Belgin_171346,NA,juv,1,N,N,8/9/18 1:56,8/9/18 1:56,8/9/18 0:00,9/19/18 0:00,41.63591003,25.85634422,36.31967926,30.43362427,Bulgaria,Mediterranean Sea,40.92418981,42,dead,inferred from transmissions,drowned,track ends in sea
Neophron percnopterus Bulgaria/Greece,Neophron percnopterus,130676,Heracles,Heracles_130676,NA,juv,1,N,N,8/22/13 7:00,8/22/13 7:00,8/22/13 0:00,9/9/13 0:00,39.792453,21.55826,35.71414,21.047781,Bulgaria,Mediterranean Sea,NA,24,dead,inferred from transmissions,drowned,track ends in sea
Neophron percnopterus Bulgaria/Greece,Neophron percnopterus,130672,Berenice,Berenice_130672,NA,juv,1,N,N,8/2/13 3:00,8/2/13 3:00,8/2/13 0:00,5/9/13 0:00,39.802314,21.678794,34.450101,23.22607,Greece,Mediterranean Sea,NA,38,dead,inferred from transmissions,drowned,track ends in sea
Neophron percnopterus Bulgaria/Greece,Neophron percnopterus,118145,Ikaros,Ikaros_118145,NA,juv,1,N,N,8/12/12 19:00,8/12/12 19:00,8/12/12 0:00,9/9/12 0:00,39.802314,21.678794,NA,NA,Greece,Mediterranean Sea,NA,27,dead,inferred from transmissions,drowned,track ends in sea
Neophron percnopterus Bulgaria/Greece,Neophron percnopterus,130671,Katerina,Katerina_130671,NA,juv,1,N,N,8/9/13 13:49,8/9/13 13:49,8/9/13 0:00,9/18/13 0:00,41.161,26.237,31.18817,30.06317,Greece,Mediterranean Sea,387.7159722,68,dead,inferred from transmissions,drowned,Bird drowned on the 18/9/2013 although carcass likely washed up on beach in Egypt on the 10/10/2013. Contacted locals to try to find it. Claimed they never did but a year later there were some fixes from Alexandria!!
Neophron percnopterus Bulgaria/Greece,Neophron percnopterus,61952,Macedonia,Macedonia_61952,NA,juv,1,N,N,8/10/11 5:00,8/10/11 5:00,8/10/11 0:00,9/17/11 0:00,41.18333,21.717103,33.602018,22.39048,North Macedonia,Mediterranean Sea,NA,37,dead,inferred from transmissions,drowned,track ends in sea
Neophron percnopterus Bulgaria/Greece,Neophron percnopterus,135956,Elodie,Elodie_135956,F,juv,1,Y,N,8/28/16 6:44,8/28/16 6:44,8/28/16 0:00,9/15/17 0:00,43.1555,26.27962,15.01174,7.6714,Bulgaria,Niger,382.9901273,380,dead,retrieved transmitter and asked locals,shot,NA
Neophron percnopterus Bulgaria/Greece,Neophron percnopterus,130670,Paschalis,Paschalis_130670,NA,juv,1,N,N,8/13/13 0:47,8/13/13 0:47,8/13/13 0:00,3/3/14 3:00,41.158,25.834,14.21717,9.96533,Greece,Niger,202.0923611,198,dead,"tag retrieved, asked locals",hunting,Killed by Nigerian hunter on 27.2.2014; exported to be sold in Nigeria
Neophron percnopterus Bulgaria/Greece,Neophron percnopterus,130675,Ilin,Ilin_130675,NA,juv,1,N,N,8/19/13 7:47,8/19/13 7:47,8/19/13 0:00,10/28/13 0:00,41.762,21.735,41.952,21.766,North Macedonia,North Macedonia,70.03958333,25,dead,found carcass,predation,"Found dead near the nest, killed by predator"
Neophron percnopterus Bulgaria/Greece,Neophron percnopterus,149504,Maria,Maria_149504,NA,juv,1,N,N,8/11/16 0:44,8/11/16 0:44,8/11/16 0:00,10/19/16 0:00,41.6219,25.62263,27.6115,35.71333,Bulgaria,Saudi Arabia,69.05238426,60,dead,inferred from transmissions,unknown,The bird died on 10.10.2016. Since then transmitter was sending signal from the same location
Neophron percnopterus Bulgaria/Greece,Neophron percnopterus,118147,Arda,Arda_118147,NA,juv,1,N,N,8/13/12 0:41,8/13/12 0:41,8/13/12 0:00,12/29/13 0:00,41.644,25.878,10.7955,28.50933,Bulgaria,Sudan,205.0548611,157,dead,inferred from transmissions,unknown,The bird died on 29.12.2012. Since then it is transmitting from the same location
Neophron percnopterus Bulgaria/Greece,Neophron percnopterus,118150,Dobromir,Dobromir_118150,NA,juv,1,N,N,8/16/12 18:00,8/16/12 18:00,8/16/12 0:00,9/25/16 0:00,43.14567,27.63883,14.59233,30.36117,Bulgaria,Sudan,1500.333333,1492,dead,inferred from transmissions,shot,probably killed but no evidence could be obtained. Last locations from inside a village
Neophron percnopterus Bulgaria/Greece,Neophron percnopterus,118152,Svetlina,Svetlina_118152,NA,juv,1,N,N,8/17/12 10:00,8/17/12 10:00,8/17/12 0:00,6/9/14 1:00,41.62283,25.8975,17.91383,38.27433,Bulgaria,Sudan,749.625,751,dead,inferred from transmissions,unknown,The bird died on 09.06.2014 and since then the transmitter is sending signal from the same location
Neophron percnopterus Bulgaria/Greece,Neophron percnopterus,118146,Levkipos,Levkipos_118146,NA,juv,1,N,N,8/7/12 16:00,8/7/12 16:00,8/7/12 0:00,1/26/15 0:00,41.089,26.13933,10.86591,26.57287,Greece,Sudan,1046.365961,1008,dead,inferred from transmissions,unknown,The bird died on 26.01.2015. Since then transmitter was sending signal from the same location
Egyptian Vulture Reintroduction Israel,Neophron percnopterus,171085,H94 Blue,H94 Blue_171085,NA,545,2,Y,N,12/13/17 4:06,12/13/17 4:06,NA,NA,32.75212479,35.01343918,36.4323082,33.87688446,Israel,Turkey,520.9306366,521,dead,Found,Electrocuted,Age units are days
Egyptian Vulture Reintroduction Israel,Neophron percnopterus,180325,H57 Green,H57 Green_180325,NA,549,2,Y,N,12/23/18 4:10,12/23/18 4:10,NA,NA,32.75209427,35.01347733,38.42480469,37.14835739,Israel,Turkey,103.0606481,99,dead,Found,Electrocuted,Age units are days
Egyptian Vulture Reintroduction Israel,Neophron percnopterus,17112,A46 Green,A46 Green_17112,NA,691,2,Y,N,4/16/17 0:05,4/16/17 0:05,NA,NA,32.55895233,34.93920135,37.72716141,41.27584457,Israel,Turkey,391.0658912,392,dead,Found,Electrocuted,Age units are days
Neophron percnopterus. GREFA. Spain,Neophron percnopterus,5782,9FC,9FC_5782,NA,NA,NA,N,N,7/20/17 5:00,7/20/17 5:00,NA,NA,40.482207,-4.1674682,30.6457038,-2.9051532,Spain,Algeria,57.99986111,26,NA,NA,NA,NA
Egyptian vultures in Djibouti,Neophron percnopterus,127589,127589,127589_127589,NA,2,2,N,N,3/11/13 5:56,3/11/13 5:56,3/11/13 0:00,NA,11.7859,42.8239,12.1023,43.2168,Djibouti,Djibouti,326.8229051,253,NA,NA,NA,"intermittant after 4 Mar 2014, last location 7 Jun 2018. Bird seemingly alive at that time."
"Egyptian Vulture (Neophron percnopterus), Turkey, Armenia, Ethiopia ",Neophron percnopterus,48500703778,Orada,Orada_48500703778,NA,2nd Year,2,N,N,7/21/15 12:08,7/21/15 12:08,7/5/14 0:00,NA,39.511333,46.398683,9.369466,40.443066,Armenia,Ethiopia,570.4951389,572,NA,NA,NA,NA
"Egyptian Vulture (Neophron percnopterus), Turkey, Armenia, Ethiopia ",Neophron percnopterus,48500703868,Armenia2,Armenia2_48500703868,NA,3RD YEAR,3,N,N,7/22/15 5:01,7/22/15 5:01,7/22/15 0:00,NA,39.491799,46.35705,7.678216,43.102183,Armenia,Ethiopia,88.79166667,90,NA,NA,NA,NA
"Egyptian Vulture (Neophron percnopterus), Turkey, Armenia, Ethiopia ",Neophron percnopterus,48500704009,Armenia3,Armenia3_48500704009,NA,Adult,Ad,N,N,7/24/15 0:02,7/24/15 0:02,7/24/15 0:00,NA,39.5061,46.345799,6.092233,44.763116,Armenia,Ethiopia,106.9993056,91,NA,NA,NA,NA
"Egyptian Vulture (Neophron percnopterus), Turkey, Armenia, Ethiopia ",Neophron percnopterus,127589,Djibouti,Djibouti_127589,NA,4th winter,4,N,N,4/4/13 22:47,4/4/13 22:47,4/4/13 0:00,NA,11.1891,42.764,10.424,42.231,Djibouti,Ethiopia,394.3837616,348,NA,NA,NA,NA
"Egyptian Vulture (Neophron percnopterus), Turkey, Armenia, Ethiopia ",Neophron percnopterus,132085,Mille,Mille_132085,NA,2nd year,2,N,N,11/26/13 8:48,11/26/13 8:48,12/1/13 0:00,NA,9.4482,40.3726,11.7224,40.989,Ethiopia,Ethiopia,1031.523021,557,NA,NA,NA,NA
Egyptian Vulture Reintroduction Israel,Neophron percnopterus,171082,A47 Green,A47 Green_171082,NA,182,1,Y,N,12/13/17 4:05,12/13/17 4:05,NA,NA,32.7522583,35.01337051,11.93215466,41.73139191,Israel,Ethiopia,254.9410995,256,NA,NA,NA,Age units are days
"Egyptian Vulture (Neophron percnopterus), Turkey, Armenia, Ethiopia ",Neophron percnopterus,132087,Cabuk,Cabuk_132087,NA,2nd year,2,N,N,7/1/14 3:00,7/1/14 3:00,7/5/14 0:00,NA,40.0833,43.6676,10.4471,40.306,Turkey,Ethiopia,582.1317593,512,NA,NA,NA,NA
"Egyptian Vulture (Neophron percnopterus), Turkey, Armenia, Ethiopia ",Neophron percnopterus,10007,Serhat,Serhat_10007,NA,5th Year,5,N,N,6/17/14 15:59,6/17/14 15:59,6/20/14 0:00,NA,40.19459,43.63137,10.52807,40.45,Turkey,Ethiopia,135.3923611,125,NA,NA,NA,NA
"Egyptian Vulture (Neophron percnopterus), Turkey, Armenia, Ethiopia ",Neophron percnopterus,118176,Aras,Aras_118176,NA,SA (2-3 years),2,N,N,8/18/12 13:00,8/18/12 13:00,8/17/12 0:00,NA,40.12183,43.5835,9.8985,40.27417,Turkey,Ethiopia,170.5,164,NA,NA,NA,NA
Egyptian vulture Kobierzycki Vaucluse,Neophron percnopterus,5018,Provence_2016_Ad_wild_EO5018_Salom√©_8P,Provence_2016_Ad_wild_EO5018_Salom√©_8P_5018,NA,NA,NA,N,N,10/1/16 5:00,10/1/16 5:00,NA,NA,43.9509471,5.122738,43.6599439,5.0051528,France,France,970.0428935,503,NA,NA,NA,NA
Egyptian vultures Dagestan2,Neophron percnopterus,115,Kapchug,Kapchug_115,NA,NA,NA,N,N,7/23/17 10:37,7/23/17 10:37,NA,NA,42.98421,47.18025,38.94358,48.07419,Russia,Iran (Islamic Republic of),64.74305556,32,NA,NA,NA,NA
Egyptian vultures Dagestan2,Neophron percnopterus,117,Sarygush,Sarygush_117,NA,NA,NA,N,N,7/23/17 8:18,7/23/17 8:18,NA,NA,42.98449,47.18051,34.69149,44.03065,Russia,Iraq,72.18888889,48,NA,NA,NA,NA
"Egyptian Vulture (Neophron percnopterus), Turkey, Armenia, Ethiopia ",Neophron percnopterus,118174,Arpacay,Arpacay_118174,NA,SA (3-4 years),3,N,N,8/20/12 17:00,8/20/12 17:00,8/21/12 0:00,NA,40.123,43.60117,31.72117,44.4315,Turkey,Iraq,37.83333333,31,NA,NA,NA,NA
Egyptian Vulture Reintroduction Israel,Neophron percnopterus,180320,H92 Green,H92 Green_180320,NA,223,1,Y,N,12/23/18 4:10,12/23/18 4:10,NA,NA,32.7522316,35.01348495,32.75214005,35.01336288,Israel,Israel,85.96652778,74,NA,NA,NA,"Age units are days, transmitter fell, seen alive March 2019"
ISPRA,Neophron percnopterus,NA,B05AF11F,B05AF11F_NA,NA,NA,NA,N,N,8/16/18 9:30,8/16/18 9:30,NA,NA,40.64519,16.6618667,37.7986367,13.0746333,Italy,Italy,23.81252315,25,NA,NA,NA,NA
Released Egyptian Vultures in Italy,Neophron percnopterus,48500501945,Tobia,Tobia_48500501945,NA,NA,NA,N,N,9/7/15 0:01,9/7/15 0:01,NA,NA,39.1062,16.891899,39.419316,16.685149,Italy,Italy,1362.207639,1350,NA,NA,NA,NA
"Egyptian Vulture (Neophron percnopterus), Turkey, Armenia, Ethiopia ",Neophron percnopterus,132084,Haydi,Haydi_132084,NA,3rd year,3,N,N,6/9/14 2:46,6/9/14 2:46,6/9/14 0:00,NA,40.0813,43.6665,1.6518,37.8023,Turkey,Kenya,837.8630093,672,NA,NA,NA,NA
Neophron percnopterus. GREFA. Spain,Neophron percnopterus,370,9FH,9FH_370,NA,NA,NA,N,N,7/31/17 1:08,7/31/17 1:08,NA,NA,42.48747,-6.84458,13.91717,-12.05842,Spain,Mali,182.970081,176,NA,NA,NA,NA
Neophron percnopterus. GREFA. Spain,Neophron percnopterus,5783,9FJ,9FJ_5783,NA,NA,NA,N,N,7/21/17 5:00,7/21/17 5:00,NA,NA,42.3284003,-7.2847455,15.3656605,-4.454049,Spain,Mali,190,176,NA,NA,NA,NA
Neophron percnopterus. GREFA. Spain,Neophron percnopterus,5019,95R,95R_5019,NA,NA,NA,N,N,7/26/16 5:00,7/26/16 5:00,NA,NA,42.330439,-7.2841079,15.5337375,-8.0311284,Spain,Mauritania,537.4996759,424,NA,NA,NA,NA
Egyptian Vulture Reintroduction Israel,Neophron percnopterus,119246,Yellow 04,Yellow 04_119246,NA,297,1,Y,N,11/14/13 6:00,11/14/13 6:00,NA,NA,32.75283,35.0115,32.66925,34.11225,Israel,NA,532.0050463,533,NA,NA,NA,Age units are days
Released Egyptian Vultures in Italy,Neophron percnopterus,48500502206,Aneta,Aneta_48500502206,NA,NA,NA,N,N,9/7/15 0:01,9/7/15 0:01,NA,NA,39.10625,16.891933,33.018032,21.71635,Italy,NA,27.00138889,28,NA,NA,NA,NA
Released Egyptian Vultures in Italy,Neophron percnopterus,48500501963,Carmen,Carmen_48500501963,NA,NA,NA,N,N,9/7/15 0:01,9/7/15 0:01,NA,NA,39.106233,16.891899,31.652416,25.787883,Italy,NA,110.9993056,111,NA,NA,NA,NA
McGrady.Meyburg,Neophron percnopterus,3,143580,143580_3,NA,1,1,N,N,1/9/15 9:57,1/9/15 9:57,1/9/15 0:00,NA,23.3449,58.4553,23.3765,58.6502,Oman,Oman,337.6678819,331,NA,NA,NA,Confirmed electrocution 13 Dec 2015
McGrady.Meyburg,Neophron percnopterus,4,143581,143581_4,NA,1,1,N,N,1/10/15 7:11,1/10/15 7:11,1/10/15 0:00,NA,23.3448,58.455,22.6999,58.5501,Oman,Oman,24.80748843,26,NA,NA,NA,abrupt loss of transmission 04 Feb 2015
McGrady.Meyburg,Neophron percnopterus,13,80,80_13,NA,1,1,N,N,1/21/16 12:19,1/21/16 12:19,1/21/16 0:00,NA,23.334163,58.4669,22.359565,59.350093,Oman,Oman,621.7868056,457,NA,NA,NA,gps ceased 04 Oct 2017
McGrady.Meyburg,Neophron percnopterus,2,139,139_2,NA,2,2,N,N,1/23/18 12:24,1/23/18 12:24,1/23/18 0:00,NA,23.522387,58.445302,23.339587,58.458533,Oman,Oman,323.7597222,297,NA,NA,NA,gps ceased 13 Dec 2018
McGrady.Meyburg,Neophron percnopterus,5,171325,171325_5,NA,2,2,N,N,1/15/18 0:14,1/15/18 0:14,1/14/18 0:00,NA,23.358963,58.591347,23.458584,58.623455,Oman,Oman,501.0468866,319,NA,NA,NA,
McGrady.Meyburg,Neophron percnopterus,6,171326,171326_6,NA,2,2,N,N,1/22/18 0:24,1/22/18 0:24,1/19/18 0:00,NA,23.377052,58.313049,23.411156,58.271946,Oman,Oman,493.9844329,466,NA,NA,NA,
McGrady.Meyburg,Neophron percnopterus,7,171327,171327_7,NA,2,2,N,N,1/18/18 0:08,1/18/18 0:08,1/16/18 0:00,NA,23.333981,58.459003,23.551989,58.438744,Oman,Oman,149.9952546,147,NA,NA,NA,Tag not performing well
McGrady.Meyburg,Neophron percnopterus,8,171328,171328_8,NA,2,2,N,N,1/21/18 0:03,1/21/18 0:03,1/20/18 0:00,NA,23.111874,58.837193,23.117653,58.864574,Oman,Oman,495.0535532,278,NA,NA,NA,
McGrady.Meyburg,Neophron percnopterus,9,171329,171329_9,NA,2,2,N,N,1/20/18 0:17,1/20/18 0:17,1/19/18 0:00,NA,23.285469,58.333851,23.340397,58.463329,Oman,Oman,416.3379398,290,NA,NA,NA,
McGrady.Meyburg,Neophron percnopterus,10,171330,171330_10,NA,2,2,N,N,1/19/18 11:07,1/19/18 11:07,1/19/18 0:00,NA,23.338934,58.449287,23.340204,58.432285,Oman,Oman,496.5940046,439,NA,NA,NA,
McGrady.Meyburg,Neophron percnopterus,11,47638,47638_11,NA,2,2,N,N,1/21/18 5:00,1/21/18 5:00,1/20/18 0:00,NA,23.33067,58.45033,23.33433,58.477,Oman,Oman,251.0833333,252,NA,NA,NA,gps ceased 29 Sept 2018
McGrady.Meyburg,Neophron percnopterus,15,95784,95784_15,NA,2,2,N,N,1/20/18 12:00,1/20/18 12:00,1/20/18 0:00,NA,23.33417,58.46533,23.46683,58.61817,Oman,Oman,490.5833333,452,NA,NA,NA,Tag not performing well
McGrady.Meyburg,Neophron percnopterus,12,70107,70107_12,NA,3,3,N,N,1/13/18 2:00,1/13/18 2:00,1/13/18 0:00,NA,23.33967,58.45383,22.71383,59.02233,Oman,Oman,502.9166667,502,NA,NA,NA,
McGrady.Meyburg,Neophron percnopterus,1,1,1_1,NA,NA,NA,N,N,1/22/18 9:00,1/22/18 9:00,NA,NA,23.23667,58.42733,23.06783,58.27083,Oman,Oman,233.9583333,64,NA,NA,NA,NA
McGrady.Meyburg,Neophron percnopterus,14,93,93_14,NA,NA,NA,N,N,1/19/16 10:25,1/19/16 10:25,NA,NA,23.339907,58.459848,23.529223,58.494677,Oman,Oman,37.06805556,38,NA,NA,NA,NA
Egyptian Vulture Reintroduction Israel,Neophron percnopterus,16126,X34 Blue,X34 Blue_16126,NA,660,2,Y,N,4/16/17 3:34,4/16/17 3:34,NA,NA,32.55898666,34.93927383,17.57752419,42.29264832,Israel,Saudi Arabia,496.9965972,497,NA,NA,NA,Age units are days
Egyptian vultures Dagestan2,Neophron percnopterus,116,Malysh,Malysh_116,NA,NA,NA,N,N,7/23/17 8:18,7/23/17 8:18,NA,NA,42.98465,47.18038,21.25244,40.69915,Russia,Saudi Arabia,91.86527778,70,NA,NA,NA,NA
"Egyptian Vulture (Neophron percnopterus), Turkey, Armenia, Ethiopia ",Neophron percnopterus,209,Tuzluca,Tuzluca_209,NA,Adult (5+ years),Ad,N,N,6/22/13 1:14,6/22/13 1:14,6/23/13 0:00,NA,40.081,43.66704,18.41782,41.78732,Turkey,Saudi Arabia,1201.954155,1192,NA,NA,NA,NA
Egyptian Vulture Reintroduction Israel,Neophron percnopterus,16012,R1,R1_16012,NA,324,1,Y,N,4/5/16 2:40,4/5/16 2:40,NA,NA,32.55897522,34.93922043,14.56951332,24.04957771,Israel,Sudan,760.1682986,639,NA,NA,NA,Age units are days
Egyptian Vulture wild-birds Israel,Neophron percnopterus,180319,Gamla 2018 H36 Green,Gamla 2018 H36 Green_180319,NA,Chick,1,N,N,7/11/18 13:14,7/11/18 13:14,NA,NA,32.89871979,35.76559448,10.68748665,29.22837639,Syrian Arab Republic,Sudan,120.7571181,72,NA,NA,NA,Tagged in the nest
Egyptian Vulture wild-birds Israel,Neophron percnopterus,180322,Gamla 2018 J4107,Gamla 2018 J4107_180322,NA,Chick,1,N,N,7/11/18 12:04,7/11/18 12:04,NA,NA,32.89861298,35.76422882,15.40148163,24.96822357,Syrian Arab Republic,Sudan,323.6827546,303,NA,NA,NA,Tagged in the nest
Egyptian Vulture Reintroduction Israel,Neophron percnopterus,180324,H54 Green,H54 Green_180324,NA,551,2,Y,N,12/22/18 4:09,12/22/18 4:09,NA,NA,32.75208282,35.01375961,36.31739807,40.22041702,Israel,Syrian Arab Republic,149.9163194,148,NA,NA,NA,Age units are days
ISPRA,Neophron percnopterus,NA,AF5AF11F,AF5AF11F_NA,NA,NA,NA,N,N,8/16/18 8:59,8/16/18 8:59,NA,NA,40.6451833,16.66185,34.5325767,9.9806167,Italy,Tunisia,27.83403935,25,NA,NA,NA,NA
"Egyptian Vulture (Neophron percnopterus), Turkey, Armenia, Ethiopia ",Neophron percnopterus,130662,Agri,Agri_130662,NA,Adult (5+ years),Ad,N,N,6/22/13 1:00,6/22/13 1:00,6/23/13 0:00,NA,40.08083,43.667,39.834,43.012,Turkey,Turkey,395.232662,325,NA,NA,NA,NA
Egyptian vultures Dagestan2,Neophron percnopterus,114,Gurman,Gurman_114,NA,NA,NA,N,N,7/24/17 12:12,7/24/17 12:12,NA,NA,43.00113,47.20156,13.63651,43.82801,Russia,Yemen,468.6256944,450,NA,NA,NA,NA
"Egyptian Vulture (Neophron percnopterus), Turkey, Armenia, Ethiopia ",Neophron percnopterus,210,Ardahan,Ardahan_210,NA,Adult (5+ years),Ad,N,N,6/22/13 1:14,6/22/13 1:14,6/24/13 0:00,NA,40.07148,43.66676,14.39814,43.5663,Turkey,Yemen,453.3333681,451,NA,NA,NA,NA
Released Egyptian Vultures in Italy,Neophron percnopterus,16093,Apollo,Apollo_16093,M,1,1,Y,N,7/24/17 23:09,7/24/17 23:09,NA,NA,40.24658966,16.10240936,32.49998856,8.302985191,Italy,Algeria,65.23953704,62,NA,,,
Released Egyptian Vultures in Italy,Neophron percnopterus,23306,Sara,Sara_23306,F,<1,1,Y,N,8/26/15 20:00,8/26/15 20:00,NA,NA,39.9165,18.3045,40.59433,16.671,Italy,Italy,1373.333333,1373,NA,,,
Released Egyptian Vultures in Italy,Neophron percnopterus,119157,Agata,Agata_119157,F,<1,1,Y,N,8/26/15 8:00,8/26/15 8:00,NA,NA,37.39733,13.36967,36.848,13.251,Italy,NA,10.02444444,11,NA,,,
Released Egyptian Vultures in Italy,Neophron percnopterus,119158,Karel,Karel_119158,M,<1,1,Y,N,9/8/15 12:12,9/8/15 12:12,NA,NA,38.997,16.881,36.869,14.246,Italy,NA,43.00987269,43,NA,,,
Egyptian Vulture Reintroduction Israel,Neophron percnopterus,16013,R0,R0_16013,NA,299,1,Y,N,4/5/16 2:36,4/5/16 2:36,NA,NA,32.55883789,34.93921661,29.49087906,33.21361542,Israel,Egypt,180.0637269,180,suspected mortality,Last location in a house,NA,Age units are days
Egyptian Vulture Reintroduction Israel,Neophron percnopterus,3514,A02 Green 2013,A02 Green 2013_3514,NA,298,1,Y,N,4/4/14 5:00,4/4/14 5:00,NA,NA,32.7520933,35.0134463,32.7514688,35.0136806,Israel,Israel,1117,1109,suspected mortality,"Last location very hostile, no data for a long period",NA,Age units are days
Egyptian Vulture Reintroduction Israel,Neophron percnopterus,3516,18 White,18 White_3516,NA,302,1,Y,N,4/22/14 4:00,4/22/14 4:00,NA,NA,32.7534508,35.0138107,32.3123878,35.1483145,Israel,Israel,6,7,suspected mortality,"Last location hostile and with good GSM cover, no data for a long period",NA,Age units are days
Egyptian Vulture Reintroduction Israel,Neophron percnopterus,180323,H42 Blue,H42 Blue_180323,NA,171,1,Y,N,12/13/18 15:05,12/13/18 15:05,NA,NA,32.75046158,35.01750183,30.16059875,38.83016205,Israel,Saudi Arabia,31.53428241,33,suspected mortality,"Same location for a long period, was searched for 4 months after disapearnace with nothing found",NA,Age units are days
Egyptian Vulture Reintroduction Israel,Neophron percnopterus,3517,19 White,19 White_3517,NA,297,1,Y,N,4/22/14 4:00,4/22/14 4:00,NA,NA,32.7534673,35.0137975,18.1509497,42.0875706,Israel,Saudi Arabia,128,127,suspected mortality,Same location for 4 months,NA,Age units are days
Egyptian Vulture wild-birds Israel,Neophron percnopterus,190588,Segev-Shalom 2019 I00,Segev-Shalom 2019 I00_190588,NA,SA,SA,N,Y,4/18/19 7:40,4/18/19 7:40,NA,NA,30.7135601,35.41505814,30.2219162,42.49984741,Jordan,Saudi Arabia,8.807546296,10,suspected mortality,"Transmitted from same location in SA-Iraq border for a few weeks, after roosting on what seems like a military antena",NA,"Found (probably) posioned, treated for a week at the Is Israel Wildlife Hospital and released."
Egyptian Vulture Reintroduction Israel,Neophron percnopterus,171087,A25 Green,A25 Green_171087,NA,582,2,Y,N,12/13/17 0:05,12/13/17 0:05,NA,NA,32.75230026,35.01338959,32.6949234,35.70624542,Israel,Syrian Arab Republic,131.1031597,132,suspected mortality,"Last location very hostile, no data for a long period",NA,Age units are days
Egyptian Vulture Reintroduction Israel,Neophron percnopterus,16014,R4,R4_16014,NA,292,1,Y,N,4/5/16 2:40,4/5/16 2:40,NA,NA,32.55524826,34.93397522,36.5025444,36.52790833,Israel,Turkey,50.96548611,52,suspected mortality,"Last location very hostile, no data for a long period",NA,Age units are days
Egyptian vulture (Neophron percnopterus) in Arribes del Duero (Salamanca) - SALORO,Neophron percnopterus,17017,Camaces,Camaces_17017,F,<1,1,N,N,7/31/17 12:29,7/31/17 12:29,NA,NA,41.00911331,-6.743571758,32.09038544,-6.676935196,Spain,Morocco,42.57115741,27,suspected mortality,NA,NA,Last location close to power line in Morocco not possible to send field team to investigate
LIFE_Rupis_EgyptianVultures,Neophron percnopterus,48797733001,NeoPer_Poiares,NeoPer_Poiares_48797733001,NA,Adult,Ad,N,Y,6/1/17 12:34,6/1/17 12:34,NA,NA,40.898099,-6.9674,41.044966,-6.81915,Portugal,Spain,307.6236111,172,suspected transmitter failure,two isolated GPS locations from April 2018 indciated the bird was close to the 2017 nest site after several months of no data_Bird never resighted so fate is unknown,NA,Bird was found weak May29th_taken to rehab centre for 3 days treatment and released at Penedo do Durao on 3rd June. Data transmissions were erratic from winter 2017-18_two isolated GPS locations received from summer range after months of receiving no data. Bird never resighted since. Suspected transmitter failure. 
LIFE_Rupis_EgyptianVultures,Neophron percnopterus,48505470927,NeoPer_Bruco,NeoPer_Bruco_48505470927,NA,ATY,3,N,N,7/20/17 6:00,7/20/17 6:00,NA,NA,41.195016,-6.680866,13.897333,-9.689583,Spain,Mali,169,165,unknown,Normal movements,NA,Fate unknown - data stopped transmitting in south-central Mali
Egyptian vulture Kobierzycki Pyrenees,Neophron percnopterus,48601087785,Pyrenees_2015_Imm_wild_EC48601087785,Pyrenees_2015_Imm_wild_EC48601087785_48601087785,NA,1,1,N,Y,6/29/15 0:00,6/29/15 0:00,NA,NA,43.408666,-1.508783,15.841316,-16.113983,France,Senegal,488,405,unknown,NA,NA,"born wild, found weakened in Western Pyrenees in autumn 2014. kept in rehabilitation whole winter. released in Western Pyrenees in 29/06/2015. last position in Senegal: possible death or transmitter failure"
Egyptian vulture (Neophron percnopterus) in Arribes del Duero (Salamanca) - SALORO,Neophron percnopterus,17021,Huebra,Huebra_17021,M,>3 adult,Ad,N,N,6/15/17 14:57,6/15/17 14:57,NA,NA,41.05710983,-6.660486698,41.02627563,-6.67901659,Spain,Spain,670.5416088,656,verified transmitter failure,NA,NA,NA