species,study.name,population,id,tag,id.tag,start.date,end.date,mortality.date,start.lat,start.long,end.lat,end.long,start.country,end.country,deployment.duration,fate,age.at.deployment.months,sex,migrant,captive.raised,rehabilitated,how.fate.determined,cause.of.death,transmitter.make.model,transmitter.attachment.method,transmitter.mass.grams,transmitter.mass.grams.binned,mean.GPS.dist.last10fixes,mean.GPS.fixrate.last10fixes,start.country.quant,end.country.quant,n.locs,origin,deployment.duration.months,age.at.fate.months,age.at.fate.simple,population.binned,fate.binned,fate.at.annual.stage,comments
Neophron percnopterus,Neophron percnopterus Bulgaria/Greece,balkans,Aoos,118154,Aoos_118154,4/17/15 17:00,10/29/20,10/31/20 0:00,40.13267,20.54217,12.93667,16.08683,Albania,NA,2021.833333,alive,54,F,Y,N,N,active,NA,Microwave satellite,backpack,45,40-48g,0.067401337,1.341666667,Albania,Chad,1210,N,66,120,adult,central & eastern,alive,NA,"tagged in Greece, but bred in Albania"
Neophron percnopterus,Neophron percnopterus Bulgaria/Greece,balkans,Arda,118147,Arda_118147,8/17/12 12:00,12/27/12,12/28/12 0:00,41.64133,25.8815,10.799,28.51017,Bulgaria,Sudan,199.5833333,likely dead,2,unknown,Y,N,N,inferred from transmissions,unknown,Microwave satellite,backpack,45,40-48g,0.119999305,1,Bulgaria,Sudan,129,N,4,6,juvenile,central & eastern,dead,non-breeding,The bird died on 29.12.2012. Since then it is transmitting from the same location
Neophron percnopterus,Neophron percnopterus Bulgaria/Greece,balkans,Asparuh,131250,Asparuh_131250,8/14/13 10:00,9/9/13,9/10/13 0:00,41.6255,25.89517,37.37717,21.8925,Bulgaria,Mediterranean Sea,28.70833333,likely dead,2,unknown,Y,N,N,terminated over water,drowned,Microwave satellite,backpack,45,40-48g,1.280957455,1.004166667,Bulgaria,Greece,27,N,0,2,juvenile,central & eastern,dead,fall migration,track ends in sea
Neophron percnopterus,Neophron percnopterus Bulgaria/Greece,balkans,Berenice,130672,Berenice_130672,8/2/13 3:00,9/8/13,9/9/13 12:00,39.8,21.68933,34.2145,23.16867,Greece,Mediterranean Sea,36.95833333,likely dead,2,unknown,Y,N,N,terminated over water,drowned,Microwave satellite,backpack,45,40-48g,0.816405146,1.0375,Greece,NA,35,N,1,3,juvenile,central & eastern,dead,fall migration,track ends in sea
Neophron percnopterus,Neophron percnopterus Bulgaria/Greece,balkans,Boris,149505,Boris_149505,7/21/15 4:00,10/30/20,10/31/20 0:00,41.59483,25.64133,10.81733,42.60233,Bulgaria,NA,1927.875,alive,54,M,Y,N,N,active,NA,Microwave satellite,backpack,45,40-48g,0.013024811,1,Bulgaria,Ethiopia,1926,N,63,117,adult,central & eastern,alive,NA,NA
Neophron percnopterus,Neophron percnopterus Bulgaria/Greece,balkans,Castor,135955,Castor_135955,5/14/14 11:00,2/15/16,2/15/16 1:00,40.62333,21.51933,6.76017,42.83233,Greece,Ethiopia,641.5833333,unknown,54,unknown,Y,N,Y,unknown,unknown,Microwave satellite,backpack,45,40-48g,0.01079245,1,Greece,Ethiopia,643,N,21,75,adult,central & eastern,unknown,non-breeding,tagged after found disorientated due to lead poisoning
Neophron percnopterus,Neophron percnopterus Bulgaria/Greece,balkans,Dobromir,118150,Dobromir_118150,8/16/12 18:00,9/24/16,9/24/16 2:00,43.14567,27.63883,14.50783,30.302,Bulgaria,Sudan,1499.333333,likely dead,2,unknown,Y,N,N,inferred from transmissions,unknown,Microwave satellite,backpack,45,40-48g,0.583417938,1,Bulgaria,Sudan,1490,N,49,51,adult,central & eastern,dead,fall migration,probably killed but no evidence could be obtained. Last locations from inside a village
Neophron percnopterus,Neophron percnopterus Bulgaria/Greece,balkans,Elodie,135956,Elodie_135956,9/1/16 10:00,9/12/17,9/13/17 3:00,43.64833,26.0605,15.01317,7.67117,Bulgaria,Niger,375.7083333,confirmed dead,2,F,Y,Y,N,transmitter recovered,shot,Microwave satellite,backpack,45,40-48g,0.011753653,1,Bulgaria,Niger,376,Y,12,14,juvenile,central & eastern,dead,non-breeding,NA
Neophron percnopterus,Neophron percnopterus Bulgaria/Greece,balkans,Heracles,130676,Heracles_130676,8/22/13 7:00,9/13/13,9/14/13 0:00,39.79217,21.55817,36.212,21.18317,Greece,Mediterranean Sea,21.83333333,likely dead,2,unknown,Y,N,N,terminated over water,drowned,Microwave satellite,backpack,45,40-48g,0.54068719,1,Greece,NA,23,N,0,2,juvenile,central & eastern,dead,fall migration,track ends in sea
Neophron percnopterus,Neophron percnopterus Bulgaria/Greece,balkans,Ibrahim,131248,Ibrahim_131248,8/2/13 14:00,9/24/13,9/25/13 4:00,41.618,25.6495,34.981,25.241,Bulgaria,NA,52.5,likely transmitter failure,2,unknown,Y,N,N,inferred from transmissions,NA,Microwave satellite,backpack,45,40-48g,0.244064967,1.008333333,Bulgaria,NA,38,N,1,3,juvenile,central & eastern,tx failure,fall migration,Not clear if the bird really died or the transmitter failed. 
Neophron percnopterus,Neophron percnopterus Bulgaria/Greece,balkans,Ikaros,118145,Ikaros_118145,8/12/12 19:00,9/6/12,9/7/12 0:00,39.80383,21.68783,35.2265,26.26983,Greece,Mediterranean Sea,29.45833333,likely dead,2,unknown,Y,N,N,terminated over water,drowned,Microwave satellite,backpack,45,40-48g,0.883964325,0.9875,Greece,NA,21,N,0,2,juvenile,central & eastern,dead,fall migration,track ends in sea
Neophron percnopterus,Neophron percnopterus Bulgaria/Greece,balkans,Iliaz,118153,Iliaz_118153,8/30/12 6:00,10/30/20,10/31/20 0:00,41.44,25.56833,13.797,18.53517,Bulgaria,NA,2982.875,alive,2,unknown,Y,N,N,active,NA,Microwave satellite,backpack,45,40-48g,0.089418223,1,Bulgaria,Chad,2886,N,98,100,adult,central & eastern,alive,NA,NA
Neophron percnopterus,Neophron percnopterus Bulgaria/Greece,balkans,Ilin,130675,Ilin_130675,8/20/13 9:00,9/7/13,9/8/13 0:00,41.76817,21.72317,41.76767,21.72417,The former Yugoslav Republic of Macedonia,The former Yugoslav Republic of Macedonia,67.33333333,confirmed dead,2,unknown,Y,N,N,carcass found,predation,Microwave satellite,backpack,45,40-48g,0.003440154,1.295833333,The former Yugoslav Republic of Macedonia,The former Yugoslav Republic of Macedonia,16,N,0,2,juvenile,central & eastern,dead,breeding,"Found dead near the nest, killed by predator"
Neophron percnopterus,Neophron percnopterus Bulgaria/Greece,balkans,Ilina,130674,Ilina_130674,8/5/13 9:00,9/24/13,9/25/13 0:00,41.769,21.72467,36.32067,30.084,The former Yugoslav Republic of Macedonia,Greece,56.875,confirmed dead,2,unknown,Y,N,N,carcass found,unknown,Microwave satellite,backpack,45,40-48g,1.275858453,0.995833333,The former Yugoslav Republic of Macedonia,Turkey,40,N,1,3,juvenile,central & eastern,dead,fall migration,Most probably killed by Bonneli's eagle
Neophron percnopterus,Neophron percnopterus Bulgaria/Greece,balkans,Jenny,149507,Jenny_149507,7/30/15 10:00,10/18/20,10/19/20 0:00,41.58367,25.65033,17.81533,23.2705,Bulgaria,Chad,1918.708333,confirmed dead,54,F,Y,N,N,carcass found,poisoning,Microwave satellite,backpack,45,40-48g,2.240607393,1.004166667,Bulgaria,Chad,1882,N,62,116,adult,central & eastern,dead,breeding,poisoned and recovered in Chad
Neophron percnopterus,Neophron percnopterus Bulgaria/Greece,balkans,Katerina,130671,Katerina_130671,8/24/13 8:00,9/17/13,9/18/13 0:00,41.14467,26.18267,36.283,26.75017,Greece,Mediterranean Sea,371.9583333,likely dead,2,unknown,Y,N,N,inferred from transmissions,drowned,Microwave satellite,backpack,45,40-48g,0.919754621,0.983333333,Greece,NA,19,N,0,2,juvenile,central & eastern,dead,breeding,Bird drowned on the 18/9/2013 although carcass likely washed up on beach in Egypt on the 10/10/2013. Contacted locals to try to find it. Claimed they never did but a year later there were some fixes from Alexandria!!
Neophron percnopterus,Neophron percnopterus Bulgaria/Greece,balkans,Lazaros,108050,Lazaros_108050,6/23/12 22:00,3/31/13,3/31/13 10:00,39.789,21.7325,41.05583,24.14917,Greece,Greece,280.5,confirmed dead,54,F,Y,N,Y,carcass found,poisoning,Microwave satellite,backpack,45,40-48g,2.33985216,1.016666667,Greece,Greece,282,N,9,63,adult,central & eastern,dead,spring migration,Tagged after being found poisoned in Meteora; poisoned again one year later
Neophron percnopterus,Neophron percnopterus Bulgaria/Greece,balkans,Levkipos,118146,Levkipos_118146,8/7/12 16:00,1/25/15,1/26/15 0:00,41.089,26.13933,10.42533,26.63217,Greece,Sudan,1044.416667,likely transmitter failure,2,unknown,Y,N,N,inferred from transmissions,NA,Microwave satellite,backpack,45,40-48g,0.126402017,1,Greece,Sudan,891,N,29,31,adult,central & eastern,tx failure,non-breeding,The bird died on 26.01.2015. Since then transmitter was sending signal from the same location
Neophron percnopterus,Neophron percnopterus Bulgaria/Greece,balkans,Lomets,118149,Lomets_118149,8/26/16 12:00,9/14/16,9/14/16 2:00,43.648,26.05967,34.9825,32.51567,Bulgaria,Mediterranean Sea,18.58333333,likely dead,2,M,Y,Y,N,terminated over water,drowned,Microwave satellite,backpack,45,40-48g,1.54377053,1,Bulgaria,Cyprus,20,Y,0,2,juvenile,central & eastern,dead,fall migration,Track ends in sea. Captive-bred from Vienna Zoo; originates from Turkish population
Neophron percnopterus,Neophron percnopterus Bulgaria/Greece,balkans,Macedonia,61952,Macedonia_61952,8/10/11 5:00,9/16/11,9/17/11 0:00,41.18317,21.717,40.5305,23.20483,The former Yugoslav Republic of Macedonia,NA,39,likely dead,2,unknown,Y,N,N,terminated over water,drowned,Microwave satellite,backpack,45,40-48g,0.771181247,1.004166667,The former Yugoslav Republic of Macedonia,Greece,34,N,1,3,juvenile,central & eastern,dead,fall migration,track ends in sea
Neophron percnopterus,Neophron percnopterus Bulgaria/Greece,balkans,Maria,149504,Maria_149504,8/14/16 2:00,10/7/16,10/8/16 0:00,41.61867,25.65083,31.117,36.889,Bulgaria,Saudi Arabia,65,likely dead,2,unknown,Y,N,N,inferred from transmissions,unknown,Microwave satellite,backpack,45,40-48g,1.893074419,1,Bulgaria,Jordan,42,N,1,3,juvenile,central & eastern,dead,fall migration,The bird died on 10.10.2016. Since then transmitter was sending signal from the same location
Neophron percnopterus,Neophron percnopterus Bulgaria/Greece,balkans,Odiseas,118149,Odiseas_118149,9/11/12 14:00,9/16/12,9/16/12 10:00,41.10467,26.24133,41.09317,26.24183,Greece,Greece,4.833333333,confirmed dead,3,unknown,Y,N,Y,carcass found,exhaustion,Microwave satellite,backpack,45,40-48g,0.002699974,0.972222222,Greece,Greece,6,N,0,3,juvenile,central & eastern,dead,breeding,Found dead near Dadia; This individual was rescued before tagging; Probable reason of death - bad physical condition
Neophron percnopterus,Neophron percnopterus Bulgaria/Greece,balkans,Paschalis,130670,Paschalis_130670,8/14/13 16:00,2/14/14,2/15/14 0:00,41.14533,26.18267,14.44867,10.169,Greece,Niger,199.4583333,confirmed dead,2,unknown,Y,N,N,transmitter recovered,hunting,Microwave satellite,backpack,45,40-48g,0.201386142,1,Greece,Niger,175,N,6,8,juvenile,central & eastern,dead,non-breeding,Killed by Nigerian hunter on 27.2.2014; exported to be sold in Nigeria
Neophron percnopterus,Neophron percnopterus Bulgaria/Greece,balkans,Red Cliff,130673,Red Cliff_130673,8/28/13 15:00,9/21/13,9/21/13 2:00,40.10867,20.08083,36.49417,22.364,Albania,Mediterranean Sea,23.45833333,likely dead,2,unknown,Y,N,N,terminated over water,drowned,Microwave satellite,backpack,45,40-48g,0.876272453,1,Albania,NA,22,N,0,2,juvenile,central & eastern,dead,fall migration,track ends in sea
Neophron percnopterus,Neophron percnopterus Bulgaria/Greece,balkans,Regina,149506,Regina_149506,8/27/16 4:00,9/8/16,9/8/16 2:00,43.64817,26.0595,36.2745,30.43483,Bulgaria,Mediterranean Sea,11.91666667,likely dead,2,F,Y,Y,N,inferred from transmissions,drowned,Microwave satellite,backpack,45,40-48g,1.198748949,1,Bulgaria,NA,13,Y,0,2,juvenile,central & eastern,dead,fall migration,Track ends in sea. Captive-bred from Vienna Zoo; originates from Turkish population
Neophron percnopterus,Neophron percnopterus Bulgaria/Greece,balkans,Sanie,131249,Sanie_131249,8/1/13 2:00,10/3/16,10/3/16 1:00,41.6415,25.88183,13.04167,40.399,Bulgaria,Ethiopia,1158.958333,likely dead,2,unknown,Y,N,N,inferred from transmissions,unknown,Microwave satellite,backpack,45,40-48g,0.469944008,1,Bulgaria,Ethiopia,1149,N,38,40,adult,central & eastern,dead,breeding,Since 04.10 the transmitter sending signal from the same location
Neophron percnopterus,Neophron percnopterus Bulgaria/Greece,balkans,Spartacus,61952,Spartacus_61952,8/19/10 4:00,1/6/11,1/7/11 0:00,41.64117,25.88117,12.46517,16.29233,Bulgaria,Chad,148.0416667,confirmed dead,2,unknown,Y,N,N,carcass found,shot,Microwave satellite,backpack,45,40-48g,0.038273325,1,Bulgaria,Chad,132,N,4,6,juvenile,central & eastern,dead,non-breeding,NA
Neophron percnopterus,Neophron percnopterus Bulgaria/Greece,balkans,Svetlina,118152,Svetlina_118152,8/17/12 10:00,6/8/14,6/9/14 0:00,41.62283,25.8975,15.1975,39.44333,Bulgaria,Sudan,748.625,likely dead,2,unknown,Y,N,N,inferred from transmissions,unknown,Microwave satellite,backpack,45,40-48g,1.116765057,1,Bulgaria,Eritrea,661,N,21,23,adult,central & eastern,dead,spring migration,The bird died on 09.06.2014 and since then the transmitter is sending signal from the same location
Neophron percnopterus,Neophron percnopterus Bulgaria/Greece,balkans,Volen,118148,Volen_118148,8/16/12 16:00,9/28/14,9/28/14 4:00,43.18,27.43567,28.74617,31.9875,Bulgaria,Egypt,772.5,unknown,2,unknown,Y,N,N,unknown,NA,Microwave satellite,backpack,45,40-48g,2.219518674,1,Bulgaria,Egypt,772,N,25,27,adult,central & eastern,unknown,fall migration,Last locations are from a roosting site in Egypt. No more locations after that. The bird might have died or the transmitter failed
Neophron percnopterus,Neophron percnopterus Bulgaria/Greece,balkans,Akaga,171362,Akaga_171362,5/16/18 0:15,10/29/19,10/31/20 0:00,41.59421539,25.64131165,10.29648209,41.05477905,Bulgaria,Ethiopia,531.0727431,confirmed dead,11,unknown,Y,Y,N,transmitter recovered,unknown,Ornitela,backpack,30,30-40g,0.00190893,1.000038194,Bulgaria,Ethiopia,532,Y,17,28,adult,central & eastern,dead,non-breeding,NA
Neophron percnopterus,Neophron percnopterus Bulgaria/Greece,balkans,Anahita,200640,Anahita_200640,8/6/20 11:14,9/14/20,9/15/20 0:00,41.61692047,25.65063286,36.93941116,34.43160629,Bulgaria,Lebanon,84.65621528,confirmed dead,2,unknown,Y,N,N,found alive,Shot,Ornitela,legloop,30,30-40g,1.234120209,0.998258102,Bulgaria,Turkey,39,N,1,3,juvenile,central & eastern,dead,fall migration,The bird was shot in Lebanon but found by our partners there and currently is under rehabilitation
Neophron percnopterus,Neophron percnopterus Bulgaria/Greece,balkans,Andi,182261,Andi_182261,5/15/19 1:04,8/26/20,10/31/20 0:00,41.59440231,25.64131165,14.46278954,27.01890755,Bulgaria,NA,469.1234722,alive,11,M,Y,Y,N,active,NA,Ornitela,backpack,30,30-40g,0.367542291,0.999744213,Bulgaria,Sudan,376,Y,15,26,adult,central & eastern,alive,NA,
Neophron percnopterus,Neophron percnopterus Bulgaria/Greece,balkans,Anna,171348,Anna_171348,8/10/18 0:53,9/14/18,9/15/18 0:01,41.63582993,25.85588837,37.0435791,34.6774826,Bulgaria,Turkey,35.96383102,confirmed dead,2,F,Y,Y,N,resighted / recaptured,exhaustion,Ornitela,backpack,30,30-40g,1.282242571,0.999195602,Bulgaria,Turkey,34,Y,1,3,juvenile,central & eastern,dead,fall migration,"would have died of exhaustion, but recaptured"
Neophron percnopterus,Neophron percnopterus Bulgaria/Greece,balkans,Belgin,171346,Belgin_171346,8/9/18 1:56,9/17/18,9/18/18 0:17,41.63591003,25.85634422,38.14328766,28.8684864,Bulgaria,Mediterranean Sea,39.93148148,likely dead,2,unknown,Y,N,N,inferred from transmissions,drowned,Ornitela,backpack,30,30-40g,0.724600656,1.000023148,Bulgaria,Turkey,40,N,1,3,juvenile,central & eastern,dead,fall migration,track ends in sea
Neophron percnopterus,Neophron percnopterus Bulgaria/Greece,balkans,Blanka,171345,Blanka_171345,8/2/18 6:02,10/8/18,10/9/18 0:00,41.64996719,25.84464073,11.79960632,41.72454453,Bulgaria,Ethiopia,77.7497338,confirmed dead,2,F,Y,Y,N,carcass found,probably injured by people/animals and suffered to death,Ornitela,backpack,30,30-40g,0.818655736,1.000010417,Bulgaria,Ethiopia,68,Y,2,4,juvenile,central & eastern,dead,non-breeding,The bird died on 21.10 in the morning
Neophron percnopterus,Neophron percnopterus Bulgaria/Greece,balkans,Boyana,171357,Boyana_171357,5/16/18 0:16,10/30/20,10/31/20 0:00,41.59446335,25.64115906,15.72388649,35.81471252,Bulgaria,NA,898.1742593,alive,11,F,Y,Y,N,active,NA,Ornitela,backpack,30,30-40g,0.101380656,1.0003125,Bulgaria,Sudan,899,Y,29,40,adult,central & eastern,alive,NA,NA
Neophron percnopterus,Neophron percnopterus Bulgaria/Greece,balkans,Deni,200636,Deni_200636,8/3/20 4:57,10/30/20,10/31/20 0:00,41.59466171,25.64152527,14.29486656,19.50807953,Bulgaria,NA,87.95199074,alive,2,,Y,Y,N,active,NA,Ornitela,legloop,30,30-40g,0.095260928,1.000163194,Bulgaria,Chad,89,Y,2,4,juvenile,central & eastern,alive,NA,
Neophron percnopterus,Neophron percnopterus Bulgaria/Greece,balkans,Ertale,182252,Ertale_182252,1/26/19 9:05,10/30/20,10/31/20 0:00,11.54074,40.81602,10.65952,41.17808,Ethiopia,NA,642.766331,alive,54,unknown,Y,N,N,active,NA,Ornitela,backpack,30,30-40g,0.079931977,1.000103009,Ethiopia,Ethiopia,644,N,21,75,adult,central & eastern,alive,NA,"tagged in Horn of Africa. Population determination based on where they migrated to. For birds that did not migrate, left as HoA"
Neophron percnopterus,Neophron percnopterus Bulgaria/Greece,balkans,Fer,182253,Fer_182253,5/15/19 1:04,12/16/19,12/17/19 0:00,41.59443,25.64137,36.71949,28.72986,Bulgaria,Turkey,534.1948843,confirmed dead,11,M,Y,Y,N,carcass found,Unknown,Ornitela,backpack,30,30-40g,0.023567791,1.000398148,Bulgaria,Turkey,216,Y,7,18,adult,central & eastern,dead,fall migration,Most probably died due to exhaustion
Neophron percnopterus,Neophron percnopterus Bulgaria/Greece,balkans,Hedjet,171349,Hedjet_171349,8/2/19 5:27,10/3/20,10/31/20 0:00,41.63582,25.85594,15.16983,18.83415,Bulgaria,NA,428.1618287,alive,2,unknown,Y,N,N,active,NA,Ornitela,backpack,30,30-40g,0.863480597,7.948943287,Bulgaria,Chad,365,N,14,16,juvenile,central & eastern,alive,NA,
Neophron percnopterus,Neophron percnopterus Bulgaria/Greece,balkans,Izi,171354,Izi_171354,5/22/20 3:53,10/30/20,10/31/20 0:00,41.59438,25.64132,32.61349,35.01388,Bulgaria,Egypt,160.9961227,alive,11,unknown,Y,Y,N,active,NA,Ornitela,legloop,30,30-40g,1.390414176,0.999105324,Bulgaria,Israel,162,Y,5,16,juvenile,central & eastern,alive,NA,
Neophron percnopterus,Neophron percnopterus Bulgaria/Greece,balkans,Lenka,171345,Lenka_171345,8/26/19 2:30,11/15/19,11/17/19 0:00,41.64299,25.87877,35.02529,26.07087,Bulgaria,Greece,81.0878588,confirmed dead,2,F,Y,Y,N,carcass found,Unknown,Ornitela,backpack,30,30-40g,0.014720629,1.000652778,Bulgaria,NA,82,Y,2,4,juvenile,central & eastern,dead,non-breeding,
Neophron percnopterus,Neophron percnopterus Bulgaria/Greece,balkans,Lucky,193632,Lucky_193632,6/24/20 8:31,10/28/20,10/31/20 0:00,41.59387,25.64417,11.52976,29.79725,Bulgaria,NA,125.7726505,alive,25,unknown,Y,N,N,active,NA,Ornitela,legloop,30,30-40g,1.105791179,0.997793981,Bulgaria,Sudan,127,N,4,29,adult,central & eastern,alive,NA,
Neophron percnopterus,Neophron percnopterus Bulgaria/Greece,balkans,Neli,200641,Neli_200641,8/6/20 11:13,10/9/20,10/10/20 0:00,41.61696,25.65046,36.37625,28.18186,Bulgaria,Mediterranean Sea,64.6662037,likely dead,2,,Y,Y,N,inferred from transmissions,drowned,Ornitela,legloop,30,30-40g,0.380299449,1.001075231,Bulgaria,NA,32,Y,2,4,juvenile,central & eastern,dead,fall migration,
Neophron percnopterus,Neophron percnopterus Bulgaria/Greece,balkans,Nikola-Spasimir,182267,Nikola-Spasimir_182267,8/2/19 6:49,9/7/19,9/8/19 0:00,41.64357,25.87223,38.04099,21.83073,Bulgaria,NA,35.86762731,likely dead,2,F,Y,Y,N,inferred from transmissions,Natural barrier,Ornitela,backpack,30,30-40g,1.014168028,1.002289352,Bulgaria,Greece,21,Y,1,3,juvenile,central & eastern,dead,fall migration,
Neophron percnopterus,Neophron percnopterus Bulgaria/Greece,balkans,Oriana,182256,Oriana_182256,8/2/19 12:11,10/30/20,10/31/20 0:00,41.62311,25.89028,13.78963,16.92137,Bulgaria,NA,454.7043056,alive,2,F,Y,Y,N,active,NA,Ornitela,backpack,30,30-40g,0.592215708,1.0008125,Bulgaria,Chad,442,Y,14,16,juvenile,central & eastern,alive,NA,
Neophron percnopterus,Neophron percnopterus Bulgaria/Greece,balkans,Panteley,171360,Panteley_171360,5/16/18 0:28,10/30/20,10/31/20 0:00,41.59446,25.64143,15.99269,5.586378,Bulgaria,NA,898.1695602,alive,11,M,Y,Y,N,active,NA,Ornitela,backpack,30,30-40g,0.365447004,1.000855324,Bulgaria,Niger,898,Y,29,40,adult,central & eastern,alive,NA,NA
Neophron percnopterus,Neophron percnopterus Bulgaria/Greece,balkans,Polya,171356,Polya_171356,5/16/18 0:14,5/7/20,5/8/20 0:00,41.59454,25.64137,37.31413,30.38422,Bulgaria,Turkey,898.1585648,confirmed dead,11,F,Y,Y,N,carcass found,Electrocuted,Ornitela,backpack,30,30-40g,1.407380721,1.000891204,Bulgaria,Turkey,723,Y,23,34,adult,central & eastern,dead,spring migration,NA
Neophron percnopterus,Neophron percnopterus Bulgaria/Greece,balkans,Romana,171345,Romana_171345,8/2/19 5:53,8/23/19,8/24/19 0:00,41.63573,25.85603,41.64749,25.87501,Bulgaria,Bulgaria,21.20766204,confirmed dead,2,F,Y,Y,N,carcass found,Collision with powerline,Ornitela,backpack,30,30-40g,0.001911149,1.53771412,Bulgaria,Bulgaria,15,Y,0,2,juvenile,central & eastern,dead,breeding,
Neophron percnopterus,Neophron percnopterus Bulgaria/Greece,balkans,Sava,200638,Sava_200638,8/6/20 7:14,10/29/20,10/31/20 0:00,41.47174,25.70244,13.25033,26.99307,Bulgaria,NA,84.04365741,alive,2,unknown,Y,N,N,active,NA,Ornitela,legloop,30,30-40g,1.117481654,1.00353588,Bulgaria,Sudan,85,N,2,4,juvenile,central & eastern,alive,NA,
Neophron percnopterus,Neophron percnopterus Bulgaria/Greece,balkans,Sharka,182256,Sharka_182256,5/15/19 1:04,5/16/19,5/18/19 0:00,41.59423,25.64156,41.59809,25.62113,Bulgaria,Bulgaria,0.999247685,confirmed dead,2,F,Y,Y,N,carcass found,Killed by a predator,Ornitela,backpack,30,30-40g,0.011527727,0.983831019,Bulgaria,Bulgaria,2,Y,0,2,juvenile,central & eastern,dead,breeding,
Neophron percnopterus,Neophron percnopterus Bulgaria/Greece,balkans,Simeon,200639,Simeon_200639,8/7/20 14:14,10/28/20,10/31/20 0:00,41.47201,25.70263,14.68102,10.1171,Bulgaria,NA,81.8965625,alive,2,,Y,Y,N,active,NA,Ornitela,legloop,30,30-40g,0.148631762,1.002303241,Bulgaria,Niger,59,Y,2,4,juvenile,central & eastern,alive,NA,
Neophron percnopterus,Neophron percnopterus Bulgaria/Greece,balkans,Sofia,171345,Sofia_171345,5/22/20 4:00,6/10/20,6/12/20 0:00,41.59438,25.64136,42.02726,26.63578,Bulgaria,Bulgaria,18.90826389,confirmed dead,23,F,Y,Y,N,carcass found,Electrocuted,Ornitela,legloop,30,30-40g,0.081647951,0.999525463,Bulgaria,Bulgaria,20,Y,0,23,adult,central & eastern,dead,breeding,
Neophron percnopterus,Neophron percnopterus Bulgaria/Greece,balkans,Solomon,200637,Solomon_200637,8/5/20 14:00,10/30/20,10/31/20 0:00,41.63543,25.73202,19.21164,41.30624,Bulgaria,NA,85.5171412,alive,2,unknown,Y,N,N,active,NA,Ornitela,legloop,30,30-40g,0.499982751,1.000201389,Bulgaria,Saudi Arabia,87,N,2,4,juvenile,central & eastern,alive,NA,
Neophron percnopterus,Neophron percnopterus Bulgaria/Greece,balkans,Zara,171348,Zara_171348,5/22/20 4:00,10/30/20,10/31/20 0:00,41.59436,25.64128,21.60761,40.23666,Bulgaria,NA,160.95,alive,23,F,Y,Y,N,active,NA,Ornitela,legloop,30,30-40g,1.138456448,0.99881372,Bulgaria,Saudi Arabia,162,Y,5,28,adult,central & eastern,alive,NA,
Neophron percnopterus,Neophron percnopterus Bulgaria/Greece,balkans,Zikmund,171349,Zikmund_171349,8/10/18 2:49,9/10/18,9/11/18 0:19,41.63609,25.85622,41.64567,25.87895,Bulgaria,Greece,30.88912037,confirmed dead,2,F,Y,Y,N,resighted / recaptured,human imprinting,Ornitela,backpack,30,30-40g,0.073481358,1.00071542,Bulgaria,Bulgaria,26,Y,1,3,juvenile,central & eastern,dead,fall migration,would have died due to too strong affinity to humans
Neophron percnopterus,Egyptian vultures in the Middle East and East Africa,caucasus,Agri,130662,Agri_130662,6/22/13 1:00,7/15/14,7/19/14 14:00,40.08083,43.667,39.78467,43.24817,Turkey,Turkey,388.875,likely transmitter failure,54,unknown,Y,N,N,inferred from transmissions,NA,Microwave 45g Argos/GPS Solar PTTs,backpack,45,40-48g,0.00013069,3.458333333,Turkey,Turkey,322,N,12,66,adult,central & eastern,tx failure,breeding,NA
Neophron percnopterus,Egyptian vultures in the Middle East and East Africa,caucasus,Aras,118176,Aras_118176,8/18/12 13:00,2/4/13,2/4/13 1:00,40.12183,43.5835,10.1725,40.24533,Turkey,Ethiopia,169.5,unknown,26,unknown,Y,N,N,unknown,NA,Microwave 45g Argos/GPS Solar PTTs,backpack,45,40-48g,0.067342128,1,Turkey,Ethiopia,163,N,5,31,adult,central & eastern,unknown,non-breeding,NA
Neophron percnopterus,Egyptian vultures in the Middle East and East Africa,caucasus,Arpacay,118174,Arpacay_118174,8/20/12 17:00,9/25/12,9/26/12 0:00,40.123,43.60117,33.23983,44.96333,Turkey,Iraq,35.33333333,confirmed dead,26,unknown,Y,N,N,resighted / recaptured,"emaciation on migration, although potentially poisoned or collision. Not entirely sure",Microwave 45g Argos/GPS Solar PTTs,backpack,45,40-48g,0.788844137,1.1,Turkey,Iraq,29,N,1,27,adult,central & eastern,dead,fall migration,NA
Neophron percnopterus,Egyptian vultures in the Middle East and East Africa,caucasus,Igdir,118175,Igdir_118175,8/22/12 5:00,2/10/15,2/11/15 0:00,40.12167,43.5835,4.7795,42.7135,Turkey,Ethiopia,901.875,confirmed dead,54,unknown,Y,N,N,transmitter recovered,poisoning,Microwave 45g Argos/GPS Solar PTTs,backpack,45,40-48g,0.217724868,1,Turkey,Ethiopia,854,N,29,83,adult,central & eastern,dead,non-breeding,NA
Neophron percnopterus,Egyptian vultures in the Middle East and East Africa,caucasus,Logiya,118174,Logiya_118174,12/1/13 5:00,10/30/20,10/31/20 0:00,11.71533,40.974,11.00967,41.21317,Ethiopia,NA,2524.833333,alive,30,unknown,Y,N,N,active,NA,Microwave 45g Argos/GPS Solar PTTs,backpack,45,40-48g,0.013176134,1.004166667,Ethiopia,Ethiopia,2242,N,82,112,adult,central & eastern,alive,NA,"tagged in Horn of Africa. Population determination based on where they migrated to. For birds that did not migrate, left as HoA"
Neophron percnopterus,Egyptian vultures Dagestan2,caucasus,Gurman,114,Gurman_114,7/24/17 12:12,11/4/18,11/4/18 3:27,43.00113,47.20156,13.88479,43.77549,Russia,Yemen,467.6354167,alive,1,unknown,Y,N,N,active,NA,Aquila 33,backpack,33,30-40g,0.287990286,0.998055556,Russia,Yemen,449,N,15,16,juvenile,central & eastern,alive,NA,Tagged in the nest
Neophron percnopterus,Egyptian vultures Dagestan2,caucasus,Kapchug,115,Kapchug_115,7/23/17 10:37,9/25/17,9/25/17 2:59,42.98421,47.18025,38.96566,48.78752,Russia,Azerbaijan,63.68194444,unknown,1,unknown,Y,N,N,unknown,NA,Aquila 33,backpack,33,30-40g,0.559050955,1.005763889,Russia,Azerbaijan,31,N,2,3,juvenile,central & eastern,unknown,fall migration,Tagged in the nest
Neophron percnopterus,Egyptian vultures Dagestan2,caucasus,Malysh,116,Malysh_116,7/23/17 8:18,10/14/17,10/15/17 0:00,42.98465,47.18038,21.25267,40.69912,Russia,Saudi Arabia,91.06944444,confirmed dead,1,unknown,Y,N,N,resighted / recaptured,Collision with wires on power line and delivered to a rehabilitation center,Aquila 33,backpack,33,30-40g,1.044099857,1.339652778,Russia,Saudi Arabia,62,N,2,3,juvenile,central & eastern,dead,fall migration,Tagged in the nest
Neophron percnopterus,Egyptian vultures Dagestan2,caucasus,Sarygush,117,Sarygush_117,7/23/17 8:18,9/16/17,9/17/17 0:00,42.98449,47.18051,38.61449,44.75547,Russia,Iraq,68.12152778,confirmed dead,1,unknown,Y,N,N,resighted / recaptured,Caught by poachers and sold in the market,Aquila 33,backpack,33,30-40g,1.164792727,0.998402778,Russia,Iran (Islamic Republic of),38,N,1,2,juvenile,central & eastern,dead,fall migration,Tagged in the nest
Neophron percnopterus,Egyptian vultures in the Middle East and East Africa,caucasus,Ardahan,210,Ardahan_210,6/22/13 1:14,9/16/14,9/17/14 0:27,40.07148,43.66676,18.66377,41.71488,Turkey,Saudi Arabia,451.9668403,likely transmitter failure,54,unknown,Y,N,N,inferred from transmissions,NA,Microwave 30g GSM,backpack,30,30-40g,2.281651043,1.000780093,Turkey,Saudi Arabia,449,N,14,68,adult,central & eastern,tx failure,fall migration,GSM transmitter went offline in area previosuly known to loose signal
Neophron percnopterus,Egyptian vultures in the Middle East and East Africa,caucasus,Cabuk,132087,Cabuk_132087,7/1/14 3:00,12/7/15,12/8/15 2:00,40.0833,43.6676,11.0731,40.3362,Turkey,Ethiopia,523.9583218,likely dead,13,unknown,Y,N,N,inferred from transmissions,unknown,Northstar 30g Argos/GPS Solar PTTs,backpack,30,30-40g,0.173287127,1,Turkey,Ethiopia,522,N,17,30,adult,central & eastern,dead,non-breeding,NA
Neophron percnopterus,Egyptian vultures in the Middle East and East Africa,caucasus,Haydi,132084,Haydi_132084,6/9/14 2:46,4/14/16,4/15/16 8:00,40.0813,43.6665,1.6534,37.8023,Turkey,Kenya,674.9681944,likely dead,24,unknown,Y,N,N,inferred from transmissions,unknown,Northstar 30g Argos/GPS Solar PTTs,backpack,30,30-40g,0,1.033333333,Turkey,Kenya,668,N,22,46,adult,central & eastern,dead,non-breeding,"tried to get Kenyan colleagues to track down tag, but were unable"
Neophron percnopterus,Egyptian vultures in the Middle East and East Africa,caucasus,Iste,132086,Iste_132086,6/10/14 2:36,6/19/20,6/22/20 16:00,40.0831,43.6674,39.7931,42.5251,Turkey,Turkey,2201.225035,likely transmitter failure,54,unknown,Y,N,N,inferred from transmissions,NA,Northstar 30g Argos/GPS Solar PTTs,backpack,30,30-40g,0.029909796,5.058267361,Turkey,Turkey,2087,N,72,126,adult,central & eastern,tx failure,breeding,NA
Neophron percnopterus,Egyptian vultures in the Middle East and East Africa,caucasus,Serhat,10007,Serhat_10007,6/17/14 15:59,10/30/14,10/30/14 1:12,40.19459,43.63137,10.5359,40.455,Turkey,Ethiopia,134.3840278,unknown,54,unknown,Y,N,N,unknown,NA,Turkish home made,backpack,30,30-40g,0.233944036,0.919791667,Turkey,Ethiopia,124,N,4,58,adult,central & eastern,unknown,non-breeding,NA
Neophron percnopterus,Egyptian vultures in the Middle East and East Africa,caucasus,Tuzluca,209,Tuzluca_209,6/22/13 1:14,10/4/16,10/5/16 0:29,40.081,43.66704,21.3274,40.15558,Turkey,Saudi Arabia,1200.968542,likely transmitter failure,54,unknown,Y,N,N,inferred from transmissions,NA,Microwave 30g GSM,backpack,30,30-40g,1.811149488,1.001743056,Turkey,Saudi Arabia,1193,N,39,93,adult,central & eastern,tx failure,fall migration,GSM transmitter went offline in area previosuly known to loose signal
Neophron percnopterus,Egyptian vultures in the Middle East and East Africa,caucasus,Armenia2,48500703868,Armenia2_48500703868,7/22/15 5:01,10/18/15,10/18/15 0:01,39.491799,46.35705,7.746899,43.0665,Armenia,Ethiopia,87.79166667,unknown,25,unknown,Y,N,N,unknown,NA,Ecotone Saker-M 19g Solar GSM,backpack,19,16-25g,0.439060229,1,Armenia,Ethiopia,89,N,2,27,adult,central & eastern,unknown,non-breeding,NA
Neophron percnopterus,Egyptian vultures in the Middle East and East Africa,caucasus,Armenia3,48500704009,Armenia3_48500704009,7/24/15 0:02,11/6/15,11/7/15 0:02,39.5061,46.345799,6.094516,44.7678,Armenia,Ethiopia,105,unknown,54,unknown,Y,N,N,unknown,NA,Ecotone Saker-M 19g Solar GSM,backpack,19,16-25g,0.268570708,1.125138889,Armenia,Ethiopia,90,N,3,57,adult,central & eastern,unknown,non-breeding,NA
Neophron percnopterus,Egyptian vultures in the Middle East and East Africa,caucasus,Orada,48500703778,Orada_48500703778,7/21/15 12:08,2/10/17,2/10/17 0:00,39.51133,46.39868,9.370999,40.44212,Armenia,Ethiopia,569.4944444,unknown,13,unknown,Y,N,N,unknown,NA,Ecotone Saker-M 19g Solar GSM,backpack,19,16-25g,0.086907761,1.000069444,Armenia,Ethiopia,571,N,18,31,adult,central & eastern,unknown,non-breeding,NA
Neophron percnopterus,"Project Egyptian vulture, CERM Endangered Raptors Centre, Italy",italy,Agata,119157,Agata_119157,8/26/15 8:00,8/29/15,8/30/15 0:00,37.39733,13.36967,37.84917,12.596,Italy,Italy,8,likely dead,3,F,Y,Y,N,terminated over water,Drop in the sea,Microwave Solar Argos/GPS PTT,backpack,NA,unknown,0.491562866,1,Italy,Italy,4,Y,0,3,juvenile,central & eastern,dead,fall migration,NA
Neophron percnopterus,"Project Egyptian vulture, CERM Endangered Raptors Centre, Italy",italy,Karel,119158,Karel_119158,9/10/15 15:00,10/19/15,10/20/15 8:00,39.1015,16.88783,36.75033,15.0645,Italy,Italy,38.70833333,likely transmitter failure,3,M,Y,Y,N,inferred from transmissions,NA,Microwave Solar Argos/GPS PTT,backpack,NA,unknown,0.572826814,0.995833333,Italy,Italy,40,Y,1,4,juvenile,central & eastern,tx failure,fall migration,NA
Neophron percnopterus,"Project Egyptian vulture, CERM Endangered Raptors Centre, Italy",italy,Sara,23306,Sara_23306,8/26/15 20:00,10/30/20,10/31/20 0:00,39.9165,18.3045,17.46217,7.46717,Italy,NA,1891.416667,alive,3,F,Y,Y,N,active,NA,Microwave Solar Argos/GPS PTT,backpack,NA,unknown,0.037878003,1,Italy,Niger,1886,Y,62,65,adult,central & eastern,alive,NA,NA
Neophron percnopterus,"Project Egyptian vulture, CERM Endangered Raptors Centre, Italy",italy,Aneta,48500502206,Aneta_48500502206,9/7/15 0:01,9/24/15,9/24/15 0:00,39.10625,16.891933,36.762,14.844466,Italy,Egypt,25.99930556,likely dead,3,F,Y,Y,N,terminated over water,Drop in the sea,Ecotone Saker,backpack,35,30-40g,0.363247062,1,Italy,Italy,18,Y,0,3,juvenile,central & eastern,dead,fall migration,NA
Neophron percnopterus,"Project Egyptian vulture, CERM Endangered Raptors Centre, Italy",italy,Carmen,48500501963,Carmen_48500501963,9/7/15 0:01,10/17/15,10/17/15 0:00,39.106233,16.891899,36.840683,14.599466,Italy,Italy,110.9993056,likely dead,3,F,Y,Y,N,terminated over water,Drop in the sea,Ecotone Saker,backpack,35,30-40g,0.410932861,1,Italy,NA,41,Y,1,4,juvenile,central & eastern,dead,fall migration,looks to have died at see and tx floated long after
Neophron percnopterus,"Project Egyptian vulture, CERM Endangered Raptors Centre, Italy",italy,Tobia,48500501945,Tobia_48500501945,9/7/15 0:01,9/10/19,10/31/20 0:00,39.1062,16.8919,36.58628,10.34988,Italy,Mali,1464.165972,unknown,3,M,Y,Y,N,unknown,NA,Ecotone Saker,backpack,35,30-40g,0.536854224,0.9875,Italy,Tunisia,1452,Y,48,51,adult,central & eastern,unknown,spring migration,NA
Neophron percnopterus,"LIFE Egyptian Vulture, CERM ISPRA, Italy",italy,Birba,200140,Birba_200140,8/15/20 6:25,10/29/20,10/31/20 0:00,42.71598053,11.51457214,15.50557327,-5.099406719,Italy,Mali,80.99572917,alive,2,F,y,y,N,active,NA,Ornitela OT25,backpack,25,16-25g,0.0733281,1.000097222,Italy,Mali,81,Y,2,4,juvenile,central & eastern,alive,NA,
Neophron percnopterus,"LIFE Egyptian Vulture, CERM ISPRA, Italy",italy,Clint,190554,Clint_190554,8/15/20 7:10,10/11/20,10/31/20 0:00,42.72044373,11.51776505,20.27434158,0.804103315,Italy,Mali,63.94658565,alive,2,M,y,y,N,active,NA,Ornitela OT25,backpack,25,16-25g,0.174194995,2.279277778,Italy,Mali,49,Y,2,4,juvenile,central & eastern,alive,NA,
Neophron percnopterus,"LIFE Egyptian Vulture, CERM ISPRA, Italy",italy,Diego,190555,Diego_190555,7/29/19 0:05,10/30/20,10/31/20 0:00,40.64505386,16.6617775,37.80241776,12.68621635,Italy,Italy,459.2289931,alive,13,M,y,y,N,active,NA,Ornitela OT25,backpack,25,16-25g,0.00147634,1.000709491,Italy,Italy,456,Y,15,28,adult,central & eastern,alive,NA,
Neophron percnopterus,"LIFE Egyptian Vulture, CERM ISPRA, Italy",italy,Jane,190556,Jane_190556,7/29/19 4:30,10/29/20,10/31/20 0:00,40.6451,16.66189,16.80556,-7.318429,Italy,NA,458.0821528,alive,13,F,y,y,N,active,NA,Ornitela OT25,backpack,25,16-25g,0.141314743,1.000251157,Italy,Mauritania,446,Y,15,28,adult,central & eastern,alive,NA,
Neophron percnopterus,"Project Egyptian vulture, CERM Endangered Raptors Centre, Italy",italy,Apollo,16093,Apollo_16093,7/24/17 23:09,9/26/17,9/27/17 4:48,40.24658966,16.10240936,34.53761673,9.782464981,Italy,Algeria,64.23530093,unknown,15,M,Y,Y,N,unknown,NA,Ornitela 2G,backpack,25,16-25g,0.25023193,1.000833333,Italy,Tunisia,60,Y,2,17,juvenile,central & eastern,unknown,fall migration,NA
Neophron percnopterus,"Project Egyptian vulture, CERM Endangered Raptors Centre, Italy",italy,Fabio,190557,Fabio_190557,8/15/20 7:22,10/9/20,10/9/20 12:35,42.72046,11.51778,36.83753,14.68614,Italy,Italy,82.1174537,likely dead,26,M,y,y,N,terminated over water,drop in the sea,Ornitela OT25,backpack,25,16-25g,0.558089196,1.001378472,Italy,Italy,51,Y,2,28,adult,central & eastern,dead,fall migration,Looks to have died at see and then floated long after
Neophron percnopterus,"Project Egyptian vulture, CERM Endangered Raptors Centre, Italy",italy,Kate,190557,Kate_190557,7/29/19 0:07,12/26/19,12/27/19 0:00,40.64519,16.66182,37.18958,13.96676,Italy,Italy,150.2581019,confirmed dead,13,F,y,y,N,carcass found,unknown,Ornitela OT25,backpack,25,16-25g,0.143108487,1.700236111,Italy,Italy,143,Y,4,17,juvenile,central & eastern,dead,non-breeding,
Neophron percnopterus,Released Egyptian Vultures in Italy,italy,Francesca,190554,Francesca_190554,7/29/19 0:04,8/22/19,8/25/19 0:00,40.64525,16.66168,40.21984,18.18204,Italy,Italy,24.1683912,confirmed dead,25,F,y,y,N,recaptured,human imprinting,Ornitela OT25,backpack,25,16-25g,0.232112274,0.998167824,Italy,Italy,25,Y,0,25,adult,central & eastern,dead,fall migration,"Too tame with humans, recaptured and returned to captivity"
Neophron percnopterus,Released Egyptian Vultures in Italy,italy,Zoe,202342,Zoe_202342,8/15/20 7:27,9/5/20,9/7/20 0:00,42.72146,11.51639,41.45144,14.39996,Italy,Italy,30.8806713,confirmed dead,13,F,y,y,N,recaptured,exhaustion,Ornitela OT25,backpack,25,16-25g,0.341049131,0.99500926,Italy,Italy,29,Y,1,14,juvenile,central & eastern,dead,breeding,"Found exhaused, recaptured and returned to captivity"
Neophron percnopterus,"LIFE Egyptian Vulture, CERM ISPRA, Italy",italy,Beatrice,AF5AF11F,Beatrice_AF5AF11F,8/15/19 8:42,8/19/19,10/31/20 0:00,40.6772,16.5969,40.6395,16.659,Italy,Italy,7.647430556,unknown,26,F,Y,Y,N,unknown,unknown,Milsar GsmRadio Tag-M9,backpack,16,16-25g,0.009268982,0.993185442,Italy,Italy,9,Y,0,26,adult,central & eastern,unknown,breeding,NA
Neophron percnopterus,"LIFE Egyptian Vulture, CERM ISPRA, Italy",italy,Bianca_IHB,AF5AF11F,Bianca_IHB_AF5AF11F,8/16/18 8:59,9/11/18,9/12/18 5:00,40.6451833,16.66185,34.319513,9.58834,Italy,Italy,27.83403935,confirmed dead,2,F,Y,Y,N,carcass found,shot / persecuted,Milsar GsmRadio Tag-M9,backpack,16,16-25g,0.762305986,1.000019676,Italy,NA,24,Y,0,2,juvenile,central & eastern,dead,fall migration,X rays revealed many gunshot in the carcass
Neophron percnopterus,"LIFE Egyptian Vulture, CERM ISPRA, Italy",italy,Clara_IHC,NA,Clara_IHC_NA,8/16/18 9:30,9/7/18,9/8/18 6:00,40.64519,16.6618667,37.6823367,12.6137,Italy,Tunisia,22.85444444,confirmed dead,2,F,Y,Y,N,carcass found,poisoning,Milsar GsmRadio Tag-M9,backpack,16,16-25g,0.638680971,1.004190972,Italy,Italy,23,Y,0,2,juvenile,central & eastern,dead,fall migration,"Probably poisoned. The carcass showed clear signs of convulsions (fethers abraded, turned nek and open beak)"
Neophron percnopterus,"LIFE Egyptian Vulture, CERM ISPRA, Italy",italy,Leonardo,B15AF11F,Leonardo_B15AF11F,8/15/19 0:38,9/13/19,10/31/20 0:00,40.645,16.6618,20.5821,5.12621,Italy,Mali,28.99387731,unknown,2,M,y,y,N,unknown,NA,Milsar GsmRadio Tag-M9,backpack,16,16-25g,3.453639634,1.130170139,Italy,Algeria,30,Y,0,2,juvenile,central & eastern,unknown,fall migration,NA
Neophron percnopterus,"LIFE Egyptian Vulture, CERM ISPRA, Italy",italy,Lucrezia,B05AF11F,Lucrezia_B05AF11F,8/15/19 0:10,6/15/20,6/16/20 0:00,40.6451,16.6619,40.605,16.807,Italy,Italy,373.1806944,confirmed dead,26,F,y,y,N,carcass found,probably elettrocuted,Milsar GsmRadio Tag-M9,backpack,16,16-25g,0.24822912,0.97140162,Italy,Italy,306,Y,10,36,adult,central & eastern,dead,breeding,"The carcass was found at the foot of an electric pole, with burned grass"
Neophron percnopterus,"LIFE Egyptian Vulture, CERM ISPRA, Italy",italy,Noe,AC5AF11F,Noe_AC5AF11F,8/15/19 0:12,10/4/19,10/4/19 0:00,40.6451,16.6618,36.7934,15.0629,Italy,Libya,52.30423611,likely dead,2,M,y,y,N,terminated over water,drop in the sea,Milsar GsmRadio Tag-M9,backpack,16,16-25g,0.116538907,1.000024306,Italy,Italy,50,Y,1,3,juvenile,central & eastern,dead,non-breeding,Looks to have died at see and then floated long after; indecipoherable lat long in data provided
Neophron percnopterus,Egyptian Vulture Reintroduction Israel,middle east,00 White 2013,3515,00 White 2013_3515,4/4/14 5:00,10/18/19,10/31/20 0:00,32.752136,35.0134302,14.4080894,29.381788,Israel,Sudan,2023.312407,confirmed transmitter failure,11,unknown,Y,Y,N,resighted / recaptured,NA,"e-obs, Bird Solar GPS-GSM, 48g",backpack,48,40-48g,0.046469762,1.10062963,Israel,Sudan,1949,Y,66,77,adult,central & eastern,tx failure,non-breeding,"Transmitter fell, seen alive June 2020"
Neophron percnopterus,Egyptian Vulture Reintroduction Israel,middle east,18 White,3516,18 White_3516,4/22/14 4:00,4/26/14,4/27/14 4:00,32.7534508,35.0138107,32.7702775,34.9914223,Israel,Israel,5,unknown,11,unknown,Y,Y,N,unknown,NA,"e-obs, Bird Solar GPS-GSM, 48g",backpack,48,40-48g,0.020109449,1,Israel,Israel,5,Y,0,11,juvenile,central & eastern,unknown,breeding,NA
Neophron percnopterus,Egyptian Vulture Reintroduction Israel,middle east,19 White,3517,19 White_3517,4/22/14 4:00,8/25/14,8/26/14 0:00,32.7534673,35.0137975,19.5421079,41.3889553,Israel,Saudi Arabia,127,likely dead,10,unknown,Y,Y,N,inferred from transmissions,unknown,"e-obs, Bird Solar GPS-GSM, 48g",backpack,48,40-48g,0.620276005,1,Israel,Saudi Arabia,124,Y,4,14,juvenile,central & eastern,dead,fall migration,NA
Neophron percnopterus,Egyptian Vulture Reintroduction Israel,middle east,A02 Green 2013,3514,A02 Green 2013_3514,4/4/14 5:00,4/23/17,4/24/17 5:00,32.7520933,35.0134463,33.2331372,35.5365667,Israel,Lebanon,1116,unknown,10,unknown,Y,Y,N,unknown,NA,"e-obs, Bird Solar GPS-GSM, 48g",backpack,48,40-48g,0.963723177,1,Israel,Lebanon,1107,Y,36,46,adult,central & eastern,unknown,breeding,NA
Neophron percnopterus,Egyptian Vulture Reintroduction Israel,middle east,A17 Green,17113,A17 Green_17113,4/16/17 0:05,7/3/17,7/4/17 0:06,32.55931854,34.93855286,32.55893326,34.93917465,Israel,Israel,79.00068287,confirmed dead,23,unknown,Y,Y,N,transmitter recovered,Hit a train when feeding on a dead boer,Ornitela OT-30,legloop,30,30-40g,0.000557883,1.000002315,Israel,Israel,79,Y,2,25,adult,central & eastern,dead,breeding,NA
Neophron percnopterus,Egyptian Vulture Reintroduction Israel,middle east,A25 Green,171087,A25 Green_171087,12/13/17 0:05,4/21/18,4/22/18 2:37,32.75230026,35.01338959,32.75220108,35.0137291,Israel,Lebanon,130.1057292,unknown,21,unknown,Y,Y,N,unknown,NA,Ornitela OT-30,legloop,30,30-40g,0.002168162,0.999170139,Israel,Israel,130,Y,4,25,adult,central & eastern,unknown,breeding,NA
Neophron percnopterus,Egyptian Vulture Reintroduction Israel,middle east,A26 Green,171080,A26 Green_171080,12/13/17 4:06,10/30/20,10/31/20 0:00,32.75217819,35.01340485,15.35956955,33.46871185,Israel,NA,1051.949502,alive,7,unknown,Y,Y,N,active,NA,Ornitela OT-30,legloop,30,30-40g,0.030906167,1.000111111,Israel,Sudan,871,Y,34,41,adult,central & eastern,alive,NA,NA
Neophron percnopterus,Egyptian Vulture Reintroduction Israel,middle east,A46 Green,17112,A46 Green_17112,4/16/17 0:05,5/10/18,5/11/18 1:40,32.55895233,34.93920135,37.73613739,41.32781982,Israel,Turkey,390.0661458,confirmed dead,24,unknown,Y,Y,N,transmitter recovered,Electrocuted,Ornitela OT-30,legloop,30,30-40g,0.48546366,0.998334491,Israel,Turkey,390,Y,12,36,adult,central & eastern,dead,breeding,NA
Neophron percnopterus,Egyptian Vulture Reintroduction Israel,middle east,A47 Green,171082,A47 Green_171082,12/13/17 4:05,8/23/18,8/24/18 2:32,32.7522583,35.01337051,12.97405624,43.71961975,Israel,Ethiopia,253.9352546,unknown,7,unknown,Y,Y,N,unknown,NA,Ornitela OT-30,legloop,30,30-40g,1.015137198,1.000331019,Israel,Yemen,254,Y,8,15,juvenile,central & eastern,unknown,fall migration,NA
Neophron percnopterus,Egyptian Vulture Reintroduction Israel,middle east,C39 Blue,17111,C39 Blue_17111,4/16/17 0:05,7/22/18,7/23/18 2:20,32.55890274,34.93943405,32.55886078,34.93918991,Israel,Israel,463.0940509,confirmed dead,24,unknown,Y,Y,N,transmitter recovered,Hit a train when feeding on a dead boer,Ornitela OT-30,legloop,30,30-40g,0.000124782,1.000471065,Israel,Israel,463,Y,15,39,adult,central & eastern,dead,breeding,NA
Neophron percnopterus,Egyptian Vulture Reintroduction Israel,middle east,EV10,17113,EV10_17113,7/15/17 0:05,8/21/17,8/22/17 0:07,32.47179,34.98392,21.93007,32.24762,Israel,Sudan,38.00115741,confirmed transmitter failure,8,unknown,Y,Y,N,resighted / recaptured,NA,Ornitela OT-30,legloop,30,30-40g,1.739887777,1.000070602,Israel,Sudan,38,Y,1,9,juvenile,central & eastern,tx failure,fall migration,"Transmitter stopped working, bird seen alive summer 2019"
Neophron percnopterus,Egyptian Vulture Reintroduction Israel,middle east,H42 Blue,180323,H42 Blue_180323,12/13/18 15:05,1/12/19,1/13/19 3:55,32.75046,35.0175,30.19907,38.70304,Israel,Saudi Arabia,30.53461806,likely dead,6,unknown,Y,Y,N,inferred from transmissions,unknown,Ornitela OT-30,legloop,30,30-40g,0.502657175,0.998774306,Israel,Saudi Arabia,31,Y,0,6,juvenile,central & eastern,dead,breeding,NA
Neophron percnopterus,Egyptian Vulture Reintroduction Israel,middle east,H42 Green,171086,H42 Green_171086,12/13/17 4:06,10/30/20,10/31/20 0:00,32.75216,35.01342,18.27009,35.72333,Israel,NA,1051.94456,alive,20,unknown,Y,Y,N,active,NA,Ornitela OT-30,legloop,30,30-40g,0.097224054,1.00015625,Israel,Sudan,930,Y,34,54,adult,central & eastern,alive,NA,NA
Neophron percnopterus,Egyptian Vulture Reintroduction Israel,middle east,H50 Green,171084,H50 Green_171084,12/13/17 4:06,8/7/18,8/8/18 2:43,32.75217,35.01344,28.69043,33.55215,Israel,Egypt,237.9425,confirmed dead,7,unknown,Y,Y,N,transmitter recovered,"Found in a drinking pool, possibly drowned after exhaustion",Ornitela OT-30,legloop,30,30-40g,1.049433331,1.001331019,Israel,Egypt,238,Y,7,14,juvenile,central & eastern,dead,fall migration,NA
Neophron percnopterus,Egyptian Vulture Reintroduction Israel,middle east,H54 Green,180324,H54 Green_180324,12/22/18 4:09,9/13/20,10/31/20 0:00,32.75208,35.01376,32.75244,35.01249,Israel,Egypt,630.9288542,alive,20,unknown,Y,Y,N,active,NA,Ornitela OT-30,legloop,30,30-40g,0.408602484,1.001199074,Israel,Israel,629,Y,20,40,adult,central & eastern,alive,NA,NA
Neophron percnopterus,Egyptian Vulture Reintroduction Israel,middle east,H57 Green,180325,H57 Green_180325,12/23/18 4:10,4/3/19,4/4/19 6:17,32.75209,35.01348,37.44422,36.87462,Israel,Turkey,102.0884838,confirmed dead,19,unknown,Y,Y,N,transmitter recovered,Electrocuted,Ornitela OT-30,legloop,30,30-40g,0.581934917,1.012849537,Israel,Turkey,97,Y,3,22,adult,central & eastern,dead,breeding,NA
Neophron percnopterus,Egyptian Vulture Reintroduction Israel,middle east,H60 Blue,16124,H60 Blue_16124,12/13/17 5:22,9/20/19,10/31/20 0:00,32.75218,35.01342,23.15402,39.69158,Israel,Saudi Arabia,645.9107755,confirmed transmitter failure,19,unknown,Y,Y,N,resighted / recaptured,NA,Ornitela OT-30,legloop,30,30-40g,1.370825009,5.238512731,Israel,Saudi Arabia,436,Y,21,40,adult,central & eastern,tx failure,fall migration,"Transmitter stopped working, bird seen alive May 2020"
Neophron percnopterus,Egyptian Vulture Reintroduction Israel,middle east,H70 Green,180326,H70 Green_180326,12/22/18 4:10,10/30/20,10/31/20 0:00,32.75211,35.01352,15.3251,33.9758,Israel,NA,677.9448264,alive,19,unknown,Y,Y,N,active,NA,Ornitela OT-30,legloop,30,30-40g,0.176678419,1.000152778,Israel,Sudan,675,Y,22,41,adult,central & eastern,alive,NA,NA
Neophron percnopterus,Egyptian Vulture Reintroduction Israel,middle east,H73 Blue,180327,H73 Blue_180327,12/24/18 4:10,3/28/19,3/29/19 3:02,32.75222,35.01353,36.82848,35.58697,Israel,Turkey,94.95304398,confirmed dead,20,unknown,Y,Y,N,transmitter recovered,"Unknown, awaiting details from Turkish authorities",Ornitela OT-30,legloop,30,30-40g,0.539186104,0.998715278,Israel,Turkey,95,Y,3,23,adult,central & eastern,dead,breeding,NA
Neophron percnopterus,Egyptian Vulture Reintroduction Israel,middle east,H81 Green,171081,H81 Green_171081,10/25/17 9:12,6/26/19,10/31/20 0:00,32.75348,35.014,30.82332,35.92252,Israel,Jordan,608.7034375,unknown,6,unknown,Y,Y,N,unknown,NA,Ornitela OT-30,legloop,30,30-40g,0.775138653,1.001954861,Israel,Jordan,538,Y,20,26,adult,central & eastern,unknown,breeding,NA
Neophron percnopterus,Egyptian Vulture Reintroduction Israel,middle east,H92 Green,180320,H92 Green_180320,12/23/18 4:10,3/17/19,3/18/19 3:22,32.75223,35.01348,32.75438,35.00495,Israel,Israel,84.96701389,confirmed transmitter failure,8,unknown,Y,Y,N,resighted / recaptured,NA,Ornitela OT-30,legloop,30,30-40g,0.001818908,0.999138889,Israel,Israel,72,Y,2,10,juvenile,central & eastern,tx failure,breeding,"Transmitter fell, seen alive March 2019"
Neophron percnopterus,Egyptian Vulture Reintroduction Israel,middle east,H94 Blue,171085,H94 Blue_171085,12/13/17 4:06,5/16/19,5/17/19 2:07,32.75212,35.01344,36.91549,31.88493,Israel,Turkey,519.9177315,confirmed dead,19,unknown,Y,Y,N,transmitter recovered,Electrocuted,Ornitela OT-30,legloop,30,30-40g,1.327536422,1.000210648,Israel,Turkey,520,Y,17,36,adult,central & eastern,dead,breeding,NA
Neophron percnopterus,Egyptian Vulture Reintroduction Israel,middle east,IH0 Red,190613,IH0 Red_190613,12/15/19 3:35,10/30/20,10/31/20 0:00,32.7521,35.01347,15.7549,22.66235,Israel,NA,320.0013889,alive,7,unknown,Y,Y,N,active,NA,Ornitela OT-30,legloop,30,30-40g,0.582226343,1.001168981,Israel,Chad,321,Y,10,17,juvenile,central & eastern,alive,NA,NA
Neophron percnopterus,Egyptian Vulture Reintroduction Israel,middle east,IH1 Red,190615,IH1 Red_190615,12/16/19 3:35,2/5/20,2/6/20 0:00,32.75208,35.01346,26.45897,38.57135,Israel,Saudi Arabia,50.98680556,confirmed dead,6,unknown,Y,Y,N,carcass found,Probably shot,Ornitela OT-30,legloop,30,30-40g,0.661510187,0.996390046,Israel,Saudi Arabia,52,Y,1,7,juvenile,central & eastern,dead,breeding,"Confirmed dead and almost certainly shot by local collaborators, but the transmitter was never returned"
Neophron percnopterus,Egyptian Vulture Reintroduction Israel,middle east,IH3 Red,190610,IH3 Red_190610,12/15/19 3:35,10/26/20,10/31/20 0:00,32.75211,35.01348,14.06319,18.36313,Israel,NA,316.4205324,alive,7,unknown,Y,Y,N,active,NA,Ornitela OT-30,legloop,30,30-40g,0.750579441,1.696684028,Israel,Chad,299,Y,10,17,juvenile,central & eastern,alive,NA,NA
Neophron percnopterus,Egyptian Vulture Reintroduction Israel,middle east,IH4 Red,190614,IH4 Red_190614,12/16/19 3:35,9/29/20,10/31/20 0:00,32.75203,35.01339,24.08796,38.48306,Israel,Saudi Arabia,287.9526389,unknown,6,unknown,Y,Y,N,unknown,,Ornitela OT-30,legloop,30,30-40g,1.55253535,0.999994213,Israel,Saudi Arabia,289,Y,9,15,juvenile,central & eastern,unknown,fall migration,NA
Neophron percnopterus,Egyptian Vulture Reintroduction Israel,middle east,IH7 Red,190612,IH7 Red_190612,12/16/19 3:35,10/27/20,10/31/20 0:00,32.75203,35.01358,30.72225,34.77411,Israel,Egypt,315.9736111,alive,19,unknown,Y,Y,N,active,NA,Ornitela OT-30,legloop,30,30-40g,0.658507476,1.000092593,Israel,Israel,316,Y,10,29,adult,central & eastern,alive,NA,NA
Neophron percnopterus,Egyptian Vulture Reintroduction Israel,middle east,IH9 Red,190611,IH9 Red_190611,12/16/19 3:35,9/21/20,10/31/20 0:00,32.7521,35.01356,23.44281,30.66092,Israel,NA,280.2547801,alive,18,unknown,Y,Y,N,active,NA,Ornitela OT-30,legloop,30,30-40g,2.195675519,2.650672454,Israel,Egypt,281,Y,9,27,adult,central & eastern,alive,NA,NA
Neophron percnopterus,Egyptian Vulture Reintroduction Israel,middle east,R0,16013,R0_16013,4/5/16 2:36,9/30/16,10/1/16 4:05,32.55884,34.93922,29.51556,33.27859,Israel,Egypt,179.0618403,likely dead,10,unknown,Y,Y,N,inferred from transmissions,unknown,Ornitela OT-30,legloop,30,30-40g,0.115793217,1.100329861,Israel,Egypt,178,Y,5,15,juvenile,central & eastern,dead,fall migration,NA
Neophron percnopterus,Egyptian Vulture Reintroduction Israel,middle east,R1,16012,R1_16012,4/5/16 2:40,5/3/18,5/4/18 6:40,32.55898,34.93922,14.23023,24.59186,Israel,Sudan,759.1668981,unknown,11,unknown,Y,Y,N,unknown,NA,Ornitela OT-30,legloop,30,30-40g,0.907821379,1.196701389,Israel,Sudan,638,Y,24,35,adult,central & eastern,unknown,non-breeding,NA
Neophron percnopterus,Egyptian Vulture Reintroduction Israel,middle east,R2,16015,R2_16015,4/5/16 2:41,12/6/17,12/6/17 5:00,32.55887,34.9393,11.29977,26.69971,Israel,NA,1668.003438,alive,11,unknown,Y,Y,N,active,NA,Ornitela OT-30,legloop,30,30-40g,0.23885596,1.000402778,Israel,Sudan,611,Y,20,31,adult,central & eastern,alive,NA,"Transmitter fell, seen alive June 2019"
Neophron percnopterus,Egyptian Vulture Reintroduction Israel,middle east,R3,16011,R3_16011,4/5/16 2:41,4/13/16,4/14/16 2:49,32.56094,34.93896,32.65054,34.98467,Israel,Israel,9.005555556,confirmed dead,10,unknown,Y,Y,N,transmitter recovered,Probably snake bite,Ornitela OT-30,legloop,30,30-40g,0.029585478,1.000617284,Israel,Israel,9,Y,0,10,juvenile,central & eastern,dead,breeding,NA
Neophron percnopterus,Egyptian Vulture Reintroduction Israel,middle east,R4,16014,R4_16014,4/5/16 2:40,5/24/16,5/25/16 1:52,32.55525,34.93398,36.19831,36.58388,Israel,Turkey,49.96659722,unknown,10,unknown,Y,Y,N,unknown,NA,Ornitela OT-30,legloop,30,30-40g,0.172753896,0.999125,Israel,Turkey,50,Y,1,11,juvenile,central & eastern,unknown,breeding,NA
Neophron percnopterus,Egyptian Vulture Reintroduction Israel,middle east,White 06,119245,White 06_119245,3/13/13 13:00,8/29/15,8/30/15 0:00,32.75817,35.008,28.08683,33.976,Israel,Egypt,900.7916667,confirmed dead,13,unknown,Y,Y,N,transmitter recovered,drowned,"Microwave Telemetry, 30g Argos/GPS Solar PTTs",backpack,30,30-40g,0.611201877,1,Israel,Egypt,873,Y,29,42,adult,central & eastern,dead,fall migration,NA
Neophron percnopterus,Egyptian Vulture Reintroduction Israel,middle east,X34 Blue,16126,X34 Blue_16126,4/16/17 3:34,8/24/18,8/25/18 3:30,32.55899,34.93927,20.56361,40.06383,Israel,Saudi Arabia,495.9977431,unknown,22,unknown,Y,Y,N,unknown,NA,Ornitela OT-30,legloop,30,30-40g,1.550602013,1.00029291,Israel,Saudi Arabia,495,Y,16,38,adult,central & eastern,unknown,fall migration,NA
Neophron percnopterus,Egyptian Vulture Reintroduction Israel,middle east,X86 Blue,180321,X86 Blue_180321,12/24/18 4:11,1/2/19,1/3/19 4:14,32.75218,35.01346,32.69992,34.9973,Israel,Israel,10.00262731,confirmed dead,8,unknown,Y,Y,N,transmitter recovered,Electrocuted,Ornitela OT-30,legloop,30,30-40g,0.032389281,1.00026277,Israel,Israel,10,Y,0,8,juvenile,central & eastern,dead,breeding,NA
Neophron percnopterus,Egyptian Vulture Reintroduction Israel,middle east,Yellow 04,119246,Yellow 04_119246,3/16/13 14:00,4/14/15,4/29/15 0:20,32.75233,35.00717,32.75233,35.01417,Israel,Israel,758.5833333,unknown,10,unknown,Y,Y,N,unknown,NA,"Microwave Telemetry, 30g Argos/GPS Solar PTTs",backpack,30,30-40g,0.046454989,1,Israel,Israel,645,Y,24,34,adult,central & eastern,unknown,breeding,NA
Neophron percnopterus,Egyptian Vulture wild-birds Israel,middle east,Akev I11 Red,190598,Akev I11 Red_190598,7/17/19 6:22,9/1/19,9/3/19 0:00,30.81602287,34.82748795,30.74139977,32.32299805,Israel,Egypt,48.32475694,confirmed dead,2,unknown,Y,N,N,carcass found,Hit electric wire,Ornitela OT-30,legloop,30,30-40g,0.521024705,1.14971875,Israel,Egypt,38,N,1,3,juvenile,central & eastern,dead,fall migration,"Confirmed dead by collaborators, but the transmitteer was never returned"
Neophron percnopterus,Egyptian Vulture wild-birds Israel,middle east,Amud H08 Blue,180318,Amud H08 Blue_180318,8/20/18 14:46,10/30/20,10/31/20 0:00,32.88889694,35.49689102,13.40157795,28.46962357,Israel,NA,801.5179861,alive,54,unknown,Y,N,Y,active,NA,Ornitela OT-30,legloop,30,30-40g,0.040833688,1.000069444,Israel,Sudan,803,N,26,80,adult,central & eastern,alive,NA,"Found not flying, treated for a week at the Is Israel Wildlife Hospital and released. Migrated 2018 and returned to the same area in 2019, seen in a nest with two chicks."
Neophron percnopterus,Egyptian Vulture wild-birds Israel,middle east,Amud_L 2019 I12 Red,190601,Amud_L 2019 I12 Red_190601,7/28/19 3:38,10/3/19,10/31/20 0:00,32.89109802,35.5013504,18.89858246,41.89468002,Israel,Saudi Arabia,66.94175926,unknown,3,unknown,Y,N,N,unknown,,Ornitela OT-30,legloop,30,30-40g,1.047315374,0.998891204,Israel,Saudi Arabia,46,N,2,5,juvenile,central & eastern,unknown,fall migration,NA
Neophron percnopterus,Egyptian Vulture wild-birds Israel,middle east,Amud_S 2019 I17 Red,190602,Amud_S 2019 I17 Red_190602,7/28/19 3:49,10/13/19,10/1/20 0:00,32.89113998,35.50127411,15.99001312,24.38068962,Israel,Sudan,76.98403935,confirmed dead,3,unknown,Y,N,N,carcass found,Caught and trasnferred to rehab but did not make it,Ornitela OT-30,legloop,30,30-40g,7.82E-05,1.000090278,Israel,Sudan,51,N,2,5,juvenile,central & eastern,dead,fall migration,NA
Neophron percnopterus,Egyptian Vulture wild-birds Israel,middle east,Barak I33 Red,200643,Barak I33 Red_200643,7/1/20 14:10,10/30/20,10/31/20 0:00,30.3999691,35.09963226,13.92298698,27.25384903,Israel,NA,120.643206,alive,1,unknown,Y,N,N,active,NA,Ornitela OT-30,legloop,30,30-40g,1.350682838,4.905324074,Israel,Sudan,73,N,3,4,juvenile,central & eastern,alive,NA,NA
Neophron percnopterus,Egyptian Vulture wild-birds Israel,middle east,David I03 Red,190591,David I03 Red_190591,8/4/19 6:55,1/4/20,1/5/20 0:00,31.47242165,35.37385941,13.1573,16.53957939,Israel,Chad,152.8965972,confirmed dead,3,unknown,Y,N,N,transmitter recovered,Probably natural,Ornitela OT-30,legloop,30,30-40g,0.383045249,1.000722222,Israel,Chad,153,N,5,8,juvenile,central & eastern,dead,non-breeding,Found dead in a dried-out natural drinking pool. No sighns of human cause of death
Neophron percnopterus,Egyptian Vulture wild-birds Israel,middle east,Divshon_L I14 Red,190599,Divshon_L I14 Red_190599,7/21/19 3:57,10/30/20,10/31/20 0:00,30.83724403,34.79572678,12.86786461,16.07866096,Israel,NA,467.0017593,alive,2,unknown,Y,N,N,active,NA,Ornitela OT-30,legloop,30,30-40g,0.324296127,1.000604167,Israel,Chad,467,N,15,17,juvenile,central & eastern,alive,NA,NA
Neophron percnopterus,Egyptian Vulture wild-birds Israel,middle east,Divshon_S I15 Red,190600,Divshon_S I15 Red_190600,7/21/19 19:00,10/30/20,10/31/20 0:00,30.83708763,34.79575348,14.33442,19.89017,Israel,NA,466.3652315,alive,2,unknown,Y,N,N,active,NA,Ornitela OT-30,legloop,30,30-40g,0.615480793,0.999516204,Israel,Chad,456,N,15,17,juvenile,central & eastern,alive,NA,NA
Neophron percnopterus,Egyptian Vulture wild-birds Israel,middle east,Ein-Ovdat1 I09 Red,190596,Ein-Ovdat1 I09 Red_190596,7/17/19 3:22,10/24/20,10/31/20 0:00,30.82796,34.76645,14.39953,18.33706,Israel,NA,465.0617477,alive,2,unknown,Y,N,N,active,NA,Ornitela OT-30,legloop,30,30-40g,0.438957559,5.903702546,Israel,Chad,366,N,15,17,juvenile,central & eastern,alive,NA,NA
Neophron percnopterus,Egyptian Vulture wild-birds Israel,middle east,Gamla 2018 H36 Green,180319,Gamla 2018 H36 Green_180319,7/11/18 13:14,11/7/18,11/8/18 5:44,32.89872,35.76559,10.87575,28.50705,Israel,Sudan,119.6876968,unknown,1,unknown,Y,N,N,unknown,NA,Ornitela OT-30,legloop,30,30-40g,0.838527104,0.980086806,Syrian Arab Republic,Sudan,72,N,3,4,juvenile,central & eastern,unknown,non-breeding,Tagged in the nest
Neophron percnopterus,Egyptian Vulture wild-birds Israel,middle east,Gamla 2018 J4107,180322,Gamla 2018 J4107_180322,7/11/18 12:04,10/23/20,10/31/20 0:00,32.89861,35.76423,13.80796,17.92084,Israel,NA,834.6590394,alive,1,unknown,Y,N,N,active,NA,Ornitela OT-30,legloop,30,30-40g,0.33213353,1.527527778,Syrian Arab Republic,Chad,822,N,27,28,adult,central & eastern,alive,NA,Tagged in the nest
Neophron percnopterus,Egyptian Vulture wild-birds Israel,middle east,Gamla Quarry I07 Red,190594,Gamla Quarry I07 Red_190594,7/14/19 6:05,10/28/20,10/31/20 0:00,32.90808,35.74565,14.08787,26.96059,Israel,NA,471.9041319,alive,2,unknown,Y,N,N,active,NA,Ornitela OT-30,legloop,30,30-40g,0.796207003,1.550101852,Syrian Arab Republic,Sudan,453,N,15,17,juvenile,central & eastern,alive,NA,NA
Neophron percnopterus,Egyptian Vulture wild-birds Israel,middle east,Gamla Schuna I20 Red,200649,Gamla Schuna I20 Red_200649,7/25/20 17:14,10/30/20,10/31/20 0:00,32.90698,35.73743,12.9907,16.44909,Israel,NA,96.44811343,alive,2,unknown,Y,N,N,active,NA,Ornitela OT-30,legloop,30,30-40g,0.343663473,1.000380787,Syrian Arab Republic,Chad,97,N,3,5,juvenile,central & eastern,alive,NA,NA
Neophron percnopterus,Egyptian Vulture wild-birds Israel,middle east,Gamla Schuna_L I05 Red,190593,Gamla Schuna_L I05 Red_190593,7/14/19 4:02,10/29/20,10/31/20 0:00,32.90719,35.73738,17.95922,31.14209,Israel,NA,473.1676389,alive,2,unknown,Y,N,N,active,NA,Ornitela OT-30,legloop,30,30-40g,0.147267625,1.032907407,Syrian Arab Republic,Sudan,469,N,15,17,juvenile,central & eastern,alive,NA,NA
Neophron percnopterus,Egyptian Vulture wild-birds Israel,middle east,Gamla Schuna_S I04 Red,190592,Gamla Schuna_S I04 Red_190592,7/14/19 4:01,10/30/20,10/31/20 0:00,32.9072,35.73735,13.33763,17.91631,Israel,NA,473.9947917,alive,2,unknown,Y,N,N,active,NA,Ornitela OT-30,legloop,30,30-40g,0.1356135,1.000125,Syrian Arab Republic,Chad,445,N,15,17,juvenile,central & eastern,alive,NA,NA
Neophron percnopterus,Egyptian Vulture wild-birds Israel,middle east,Gazam I01 Red,190589,Gazam I01 Red_190589,6/19/19 7:07,9/29/19,10/31/20 0:00,30.54387,34.96349,11.63649,40.44796,Israel,Ethiopia,101.8286343,unknown,2,unknown,Y,N,N,unknown,,Ornitela OT-30,legloop,30,30-40g,0.137895434,0.967351852,Israel,Ethiopia,89,N,3,5,juvenile,central & eastern,unknown,non-breeding,NA
Neophron percnopterus,Egyptian Vulture wild-birds Israel,middle east,HBC IB5 Red,190587,HBC IB5 Red_190587,8/28/20 10:34,10/30/20,10/31/20 0:00,32.75244,35.00444,17.95186,31.2604,Israel,NA,62.68739583,alive,37,unknown,Y,N,N,active,NA,Ornitela OT-30,legloop,30,30-40g,1.242899246,1.000591435,Israel,Sudan,64,N,2,39,adult,central & eastern,alive,NA,NA
Neophron percnopterus,Egyptian Vulture wild-birds Israel,middle east,Karbolet_L I22 Red,200651,Karbolet_L I22 Red_200651,7/25/20 5:14,8/22/20,10/31/20 0:00,30.61354,34.98238,28.83003,34.09252,Israel,Egypt,27.88020833,likely dead,2,unknown,Y,N,N,inferred from transmissions,probably human,Ornitela OT-30,legloop,30,30-40g,0.284496036,0.988179398,Israel,Egypt,29,N,0,2,juvenile,central & eastern,dead,fall migration,"A juvenile bird with a transmitter was caught and injured in Yemen. Although the rings and GPS were never recovered, this is the only bird that fits the description and was in yemen at the time."
Neophron percnopterus,Egyptian Vulture wild-birds Israel,middle east,Karbolet_S I21 Red,200650,Karbolet_S I21 Red_200650,8/7/20 11:14,10/30/20,10/31/20 0:00,30.61027,34.98283,4.26729,42.37704,Israel,NA,83.62040509,alive,2,unknown,Y,N,N,active,NA,Ornitela OT-30,legloop,30,30-40g,1.03575428,0.999862269,Israel,Ethiopia,78,N,2,4,juvenile,central & eastern,alive,NA,NA
Neophron percnopterus,Egyptian Vulture wild-birds Israel,middle east,Maok I37 Red,200647,Maok I37 Red_200647,7/12/20 8:59,9/13/20,10/31/20 0:00,30.61847,35.03293,26.93886,32.44491,Israel,Egypt,62.73851852,unknown,2,unknown,Y,N,N,unknown,,Ornitela OT-30,legloop,30,30-40g,0.86499053,1.000291667,Israel,Egypt,51,N,2,4,juvenile,central & eastern,unknown,fall migration,NA
Neophron percnopterus,Egyptian Vulture wild-birds Israel,middle east,Masada I32 Red,200642,Masada I32 Red_200642,7/6/20 19:00,10/30/20,10/31/20 0:00,31.30983,35.35601,13.44043,28.32375,Israel,NA,115.3418056,alive,1,unknown,Y,N,N,active,NA,Ornitela OT-30,legloop,30,30-40g,0.269167948,0.99987037,Israel,Sudan,107,N,3,4,juvenile,central & eastern,alive,NA,NA
Neophron percnopterus,Egyptian Vulture wild-birds Israel,middle east,Parzuf_L I35 Red,200645,Parzuf_L I35 Red_200645,7/6/20 5:03,10/30/20,10/31/20 0:00,30.83785,34.79664,12.0209,25.85587,Israel,NA,115.9285995,alive,2,unknown,Y,N,N,active,NA,Ornitela OT-30,legloop,30,30-40g,0.270519258,1.000346065,Israel,Sudan,103,N,3,5,juvenile,central & eastern,alive,NA,NA
Neophron percnopterus,Egyptian Vulture wild-birds Israel,middle east,Parzuf_S I34 Red,200644,Parzuf_S I34 Red_200644,7/7/20 5:11,10/27/20,10/31/20 0:00,30.84306,34.79332,14.1856,27.02482,Israel,NA,112.1219792,alive,2,unknown,Y,N,N,active,NA,Ornitela OT-30,legloop,30,30-40g,0.667487886,1.130394676,Israel,Sudan,80,N,3,5,juvenile,central & eastern,alive,NA,NA
Neophron percnopterus,Egyptian Vulture wild-birds Israel,middle east,Rahaf I02 Red,190590,Rahaf I02 Red_190590,7/22/19 19:00,10/16/20,10/31/20 0:00,31.28691,35.36289,14.8538,30.26328,Israel,NA,451.5930903,alive,3,unknown,Y,N,N,active,NA,Ornitela OT-30,legloop,30,30-40g,0.082687232,1.689003472,Israel,Sudan,394,N,14,17,juvenile,central & eastern,alive,NA,NA
Neophron percnopterus,Egyptian Vulture wild-birds Israel,middle east,Rahaf I36 Red,200646,Rahaf I36 Red_200646,8/7/20 7:18,10/29/20,10/31/20 0:00,31.28736,35.36172,14.29646,19.50972,Israel,NA,82.85403935,alive,3,unknown,Y,N,N,active,NA,Ornitela OT-30,legloop,30,30-40g,0.428858298,2.393604167,Israel,Chad,65,N,2,5,juvenile,central & eastern,alive,NA,NA
Neophron percnopterus,Egyptian Vulture wild-birds Israel,middle east,Tlalim C48 Blue,171405,Tlalim C48 Blue_171405,3/18/19 11:30,4/5/20,4/6/20 0:00,30.82187,34.83675,30.83062,34.92199,Israel,Israel,383.625162,confirmed dead,54,unknown,Y,N,Y,transmitter recovered,poisoning,Ornitela OT-30,legloop,30,30-40g,0.065205814,0.999158565,Israel,Israel,385,N,12,66,adult,central & eastern,dead,breeding,"Found (probably) posioned, treated for a week at the Is Israel Wildlife Hospital and released, then poisoned again the following year."
Neophron percnopterus,Egyptian Vulture wild-birds Israel,middle east,Yeruham IB2 Red,190605,Yeruham IB2 Red_190605,8/2/20 11:44,10/30/20,10/31/20 0:00,30.82593,34.83571,18.0369,31.50175,Israel,NA,88.63787037,alive,50,unknown,Y,N,Y,active,NA,Ornitela OT-30,legloop,30,30-40g,0.033251883,1.00029874,Israel,Sudan,90,N,2,52,adult,central & eastern,alive,NA,NA
Neophron percnopterus,Egyptian Vulture wild-birds Israel,middle east,Zaror I18 Red,190603,Zaror I18 Red_190603,8/14/19 6:53,10/23/20,10/31/20 0:00,30.85448,34.78139,14.73606,30.24925,Israel,NA,435.9590162,alive,38,unknown,Y,N,N,active,NA,Ornitela OT-30,legloop,30,30-40g,1.08273875,1.7246806,Israel,Sudan,432,N,14,52,adult,central & eastern,alive,NA,NA
Neophron percnopterus,Egyptian Vulture wild-birds Israel,middle east,Zaror I23 Red,190606,Zaror I23 Red_190606,7/30/20 11:46,10/30/20,10/31/20 0:00,30.81629,34.82584,18.27261,35.74442,Israel,NA,91.62501157,alive,13,unknown,Y,N,N,active,NA,Ornitela OT-30,legloop,30,30-40g,0.057422718,1.00017352,Israel,Sudan,93,N,3,16,juvenile,central & eastern,alive,NA,NA
Neophron percnopterus,Egyptian Vulture wild-birds Israel,middle east,Zaror I24 Red,190607,Zaror I24 Red_190607,7/30/20 11:56,9/3/20,10/31/20 0:00,30.8164,34.82646,16.39495,23.52013,Israel,NA,35.07574074,alive,25,unknown,Y,N,N,active,NA,Ornitela OT-30,legloop,30,30-40g,2.524425963,5.35065804,Israel,Chad,20,N,1,26,adult,central & eastern,alive,NA,NA
Neophron percnopterus,Egyptian Vulture wild-birds Israel,middle east,Zaror I25 Red,200652,Zaror I25 Red_200652,8/1/20 11:34,10/14/20,10/31/20 0:00,30.8075,34.81505,14.84634,32.42737,Israel,NA,73.63829861,alive,14,unknown,Y,N,N,active,NA,Ornitela OT-30,legloop,30,30-40g,0.000206071,1.00005441,Israel,Sudan,75,N,2,16,juvenile,central & eastern,alive,NA,NA
Neophron percnopterus,Egyptian Vulture wild-birds Israel,middle east,Zaror I31 Red,200660,Zaror I31 Red_200660,6/13/20 17:44,8/24/20,10/31/20 0:00,30.83182,34.8186,29.85656,32.74086,Israel,NA,71.3625463,alive,12,unknown,Y,N,N,active,NA,Ornitela OT-30,legloop,30,30-40g,0.64340254,1.00213309,Israel,Egypt,73,N,2,14,juvenile,central & eastern,alive,NA,NA
Neophron percnopterus,Egyptian Vulture wild-birds Israel,middle east,Zavitan I06 Red,190595,Zavitan I06 Red_190595,7/14/19 8:54,10/27/20,10/31/20 0:00,32.94151,35.70129,12.95975,16.38732,Israel,NA,470.7944676,alive,2,unknown,Y,N,N,active,NA,Ornitela OT-30,legloop,30,30-40g,0.398940608,1.63534721,Syrian Arab Republic,Chad,454,N,15,17,juvenile,central & eastern,alive,NA,NA
Neophron percnopterus,Egyptian Vulture wild-birds Israel,middle east,Zavitan I08 Red,190597,Zavitan I08 Red_190597,7/14/19 11:38,10/30/20,10/31/20 0:00,32.95182,35.68685,13.41957,17.5263,Israel,NA,473.6788194,alive,2,unknown,Y,N,N,active,NA,Ornitela OT-30,legloop,30,30-40g,0.325963674,1.00009033,Syrian Arab Republic,Chad,463,N,15,17,juvenile,central & eastern,alive,NA,NA
Neophron percnopterus,Egyptian Vulture wild-birds Israel,middle east,Zavitan I38 Red,200648,Zavitan I38 Red_200648,7/27/20 17:14,10/26/20,10/31/20 0:00,32.95209,35.68681,15.63307,33.68763,Israel,NA,90.40078704,alive,2,unknown,Y,N,N,active,NA,Ornitela OT-30,legloop,30,30-40g,0.153221989,1.00010421,Syrian Arab Republic,Sudan,90,N,2,4,juvenile,central & eastern,alive,NA,NA
Neophron percnopterus,Neophron percnopterus Bulgaria/Greece,middle east,Chuupa,182258,Chuupa_182258,1/20/19 9:16,10/30/20,10/31/20 0:00,8.856550217,39.91941833,9.73187542,41.25141525,Ethiopia,NA,648.7091782,alive,8,,Y,N,N,active,NA,Ornitela,backpack,30,30-40g,0.004709808,1.000028935,Ethiopia,Ethiopia,650,N,21,29,adult,central & eastern,alive,NA,breeds in central Anatolia
Neophron percnopterus,Neophron percnopterus Bulgaria/Greece,middle east,Loma,182260,Loma_182260,12/16/19 3:56,4/14/20,4/15/20 0:00,11.71622,40.97755,36.08807,44.70392,Ethiopia,Iraq,120.875544,confirmed dead,54,,Y,N,N,carcass found,shot,Ornitela,legloop,30,30-40g,0.144018963,0.993917824,Ethiopia,Iraq,121,N,3,57,adult,central & eastern,dead,breeding,"cause of death officially unknown, but circumstances indicate it was shot (picked up within minutes of dying!)"
Neophron percnopterus,Neophron percnopterus Bulgaria/Greece,middle east,Wesal,182264,Wesal_182264,4/15/19 6:14,12/3/19,12/4/19 0:00,30.69724,35.57994,6.130883,43.56382,Jordan,Ethiopia,232.8148958,confirmed dead,54,,Y,N,Y,carcass found,poisoning,Ornitela,backpack,30,30-40g,0.1103799,1.00035077,Jordan,Ethiopia,233,N,7,61,adult,central & eastern,dead,non-breeding,"confiscated by RSCN in Jordan, rehabilitated for >1 year"
Neophron percnopterus,Neophron percnopterus Bulgaria/Greece,unknown,Ardi,182265,Ardi_182265,1/24/19 14:29,4/29/20,4/30/20 0:00,11.79798126,41.05654526,20.25676918,43.20938492,Ethiopia,Saudi Arabia,644.481713,confirmed dead,54,unknown,Y,N,N,carcass found,suspected poisoning,Ornitela,backpack,30,30-40g,0.008188836,0.997984954,Ethiopia,Saudi Arabia,462,N,15,69,adult,central & eastern,dead,spring migration,"mortality date in 2019, but still transmitting as of Oct 2020?"
Neophron percnopterus,Neophron percnopterus Bulgaria/Greece,unknown,Awash,182257,Awash_182257,12/9/19 11:05,7/19/20,7/20/20 0:00,8.922171593,39.92133713,20.63994217,41.80202484,Ethiopia,Saudi Arabia,305.619838,confirmed dead,6,,Y,N,N,carcass found,suspected poisoning,Ornitela,legloop,30,30-40g,0.616618501,1.000693287,Ethiopia,Saudi Arabia,224,N,7,13,juvenile,central & eastern,dead,spring migration,"migrated around Red Sea - young bird, so hard to know its population!"
Neophron percnopterus,Neophron percnopterus Bulgaria/Greece,unknown,Dalol,182250,Dalol_182250,12/15/19 5:19,10/30/20,10/31/20 0:00,11.71055984,40.97746658,11.65166187,40.93007278,Ethiopia,NA,319.8584722,alive,6,,Y,N,N,active,NA,Ornitela,legloop,30,30-40g,0.015117768,1.000055556,Ethiopia,Ethiopia,321,N,10,16,juvenile,central & eastern,alive,NA,"migrated around Red Sea - young bird, so hard to know its population!"
Neophron percnopterus,_Egyptian Vulture in Spain - Migra Program in Spain,western europe,Guipuzcoa 01-Zuri-5533,5533,Guipuzcoa 01-Zuri-5533_5533,7/17/17 8:15,11/26/17,11/27/17 4:00,43.16938,-2.123876,16.3167,-12.31727,Spain,Mauritania,132.8231019,confirmed dead,1,F,Y,N,N,transmitter recovered,unknown,"Bird Solar GPRS 48 g, data logger GPS-GSM E-Obs",backpack,48,40-48g,0.649675296,1,Spain,Mauritania,126,N,4,5,juvenile,western,dead,non-breeding,NA
Neophron percnopterus,_Egyptian Vulture in Spain - Migra Program in Spain,western europe,Guipuzcoa 02-Endoia-5534,5534,Guipuzcoa 02-Endoia-5534_5534,7/17/17 13:25,9/7/17,9/11/17 15:00,43.19792,-2.277571,36.33941,-5.968527,Spain,Algeria,51.60783565,likely transmitter failure,1,M,Y,N,N,inferred from transmissions,NA,"Bird Solar GPRS 48 g, data logger GPS-GSM E-Obs",backpack,48,40-48g,1.762002469,1.531577546,Spain,Spain,23,N,1,2,juvenile,western,tx failure,fall migration,NA
Neophron percnopterus,_Egyptian Vulture in Spain - Migra Program in Spain,western europe,Guipuzcoa 03-Ekhi-5533,5533,Guipuzcoa 03-Ekhi-5533_5533,7/19/18 16:04,7/28/19,8/5/19 15:44,42.96061,-2.360367,16.57283,-11.38479,Spain,Mauritania,373.747037,unknown,1,M,Y,N,N,unknown,NA,"Bird Solar GPRS 48 g, data logger GPS-GSM E-Obs",backpack,48,40-48g,0.258424651,4.848871528,Spain,Mauritania,285,N,12,13,juvenile,western,unknown,non-breeding,NA
Neophron percnopterus,_Egyptian Vulture in Spain - Migra Program in Spain,western europe,La Rioja 01-Brieva-4404,4404,La Rioja 01-Brieva-4404_4404,7/20/16 8:45,3/31/17,4/1/17 18:00,42.16987,-2.769862,16.96502,-11.03883,Spain,Mauritania,254.1249653,unknown,1,M,Y,N,N,unknown,NA,"Bird Solar GPRS 48 g, data logger GPS-GSM E-Obs",backpack,48,40-48g,0.216194146,2.641667824,Spain,Mauritania,201,N,8,9,juvenile,western,unknown,non-breeding,NA
Neophron percnopterus,_Egyptian Vulture in Spain - Migra Program in Spain,western europe,La Rioja 02-Quel-4405,4405,La Rioja 02-Quel-4405_4405,7/20/16 8:45,9/28/17,10/10/17 0:00,42.16989,-2.769875,17.15989,-14.93476,Spain,Mauritania,448.1364468,unknown,1,M,Y,N,N,unknown,NA,"Bird Solar GPRS 48 g, data logger GPS-GSM E-Obs",backpack,48,40-48g,1.651297134,38.83342245,Spain,Mauritania,41,N,14,15,juvenile,western,unknown,non-breeding,
Neophron percnopterus,Neophron percnopterus. GREFA. Spain,western europe,Covas-95R,5019,Covas-95R_5019,7/26/16 5:00,7/31/17,8/1/17 0:00,42.330439,-7.2841079,15.220856,-4.696387,Spain,Mauritania,536.4996065,likely dead,2,M,Y,N,N,inferred from transmissions,unknown,e-obs Bird GSM solar,backpack,48,40-48g,0.012273822,1,Spain,Mali,342,N,12,14,juvenile,western,dead,non-breeding,"suspected mortality, same location for a long time"
Neophron percnopterus,Neophron percnopterus. GREFA. Spain,western europe,Encina-9FJ,5783,Encina-9FJ_5783,7/21/17 5:00,1/26/18,10/31/20 0:00,42.3284,-7.284745,15.36825,-4.459704,Spain,Mali,189,unknown,2,F,Y,N,N,unknown,NA,e-obs Bird GSM solar,backpack,48,40-48g,0.136368233,1,Spain,Mali,175,N,6,8,juvenile,western,unknown,non-breeding,NA
Neophron percnopterus,Neophron percnopterus. GREFA. Spain,western europe,Langullo-9FC,5782,Langullo-9FC_5782,7/20/17 5:00,9/14/17,9/15/17 5:00,40.48221,-4.167468,34.52032,-4.935395,Spain,Morocco,56.99965278,unknown,2,F,Y,N,N,unknown,NA,e-obs Bird GSM solar,backpack,48,40-48g,1.009761223,1.099972222,Spain,Morocco,24,N,1,3,juvenile,western,unknown,fall migration,NA
Neophron percnopterus,Neophron percnopterus. GREFA. Spain,western europe,Manzaneda-95P,6471,Manzaneda-95P_6471,8/6/18 5:00,12/9/19,12/10/19 0:00,41.20507,-4.827073,14.28482,-12.27331,Spain,Senegal,760.9999306,likely dead,3,M,Y,N,N,inferred from transmissions,unknown,e-obs Bird GSM solar,backpack,48,40-48g,0.159085178,1,Spain,Senegal,472,N,16,19,adult,western,dead,non-breeding,"suspected mortality, same location for a long time"
Neophron percnopterus,Egyptian vulture EB Terra Natura UA Spain,western europe,Azahar 75657,75657,Azahar 75657_75657,8/10/07 8:00,11/8/13,11/8/13 6:00,40.23383,-0.61467,16.93917,-14.44367,Spain,Mauritania,2281.916667,confirmed dead,54,F,Y,N,N,carcass found,unknown,solar-powered GPS Microwave telemetry ,backpack,45,40-48g,0.26853963,1.025,Spain,Mauritania,1932,N,74,128,adult,western,dead,non-breeding,NA
Neophron percnopterus,Egyptian vulture EB Terra Natura UA Spain,western europe,Calimera 75659,75659,Calimera 75659_75659,7/30/09 19:00,7/26/11,7/26/11 12:00,40.78217,-2.17733,40.8285,-1.86067,Spain,Spain,725.7083333,unknown,54,F,Y,N,N,unknown,NA,solar-powered GPS Microwave telemetry ,backpack,45,40-48g,0.157716696,1.425,Spain,Spain,599,N,23,77,adult,western,unknown,breeding,NA
Neophron percnopterus,Egyptian vulture EB Terra Natura UA Spain,western europe,Calimero 89731,89731,Calimero 89731_89731,7/30/09 0:00,8/29/12,8/29/12 0:00,40.7845,-2.20067,40.78617,-2.20033,Spain,Spain,1126,likely dead,54,M,Y,N,N,inferred from transmissions,unknown,solar-powered GPS Microwave telemetry ,backpack,45,40-48g,0.117368329,1.8,Spain,Spain,863,N,36,90,adult,western,dead,breeding,NA
Neophron percnopterus,Egyptian vulture EB Terra Natura UA Spain,western europe,Cirila 89730,89730,Cirila 89730_89730,7/30/09 0:00,5/14/13,5/14/13 0:00,40.7375,-2.4555,40.7455,-2.448,Spain,Spain,1384,likely dead,54,F,Y,N,N,inferred from transmissions,unknown,solar-powered GPS Microwave telemetry ,backpack,45,40-48g,0.023614111,3,Spain,Spain,898,N,45,99,adult,western,dead,breeding,NA
Neophron percnopterus,Egyptian vulture EB Terra Natura UA Spain,western europe,Molina 80419,80419,Molina 80419_80419,8/14/08 6:00,4/10/11,4/10/11 14:00,40.8165,-1.838,40.88983,-1.76333,Spain,Spain,969.3333333,likely dead,54,F,Y,N,N,inferred from transmissions,unknown,solar-powered GPS Microwave telemetry ,backpack,45,40-48g,1.798588307,4.666666667,Spain,Spain,842,N,31,85,adult,western,dead,breeding,NA
Neophron percnopterus,Egyptian vulture EB Terra Natura UA Spain,western europe,Uge 75658,75658,Uge 75658_75658,8/22/09 15:00,2/16/12,2/16/12 12:00,40.87283,-1.78433,15.41567,-4.51267,Spain,Mali,907.875,likely transmitter failure,3,F,Y,N,N,inferred from transmissions,NA,solar-powered GPS Microwave telemetry ,backpack,45,40-48g,0.164976016,10.025,Spain,Mali,777,N,29,32,adult,western,tx failure,non-breeding,NA
Neophron percnopterus,Egyptian vulture EB Terra Natura UA Spain,western europe,Zagal 80420,80420,Zagal 80420_80420,7/29/09 7:00,8/16/13,8/16/13 10:00,40.76933,-2.213,40.73983,-2.18417,Spain,Spain,1479.125,likely dead,54,M,Y,N,N,inferred from transmissions,unknown,solar-powered GPS Microwave telemetry ,backpack,45,40-48g,0.0980556,8.51666597,Spain,Spain,1227,N,48,102,adult,western,dead,breeding,NA
Neophron percnopterus,Egyptian vulture Kobierzycki Gardon  ID_PROG 457,western europe,Gardon_2016_Ad_wild_MW707 ,707,Gardon_2016_Ad_wild_MW707 _707,3/29/16 6:46,3/20/20,3/21/20 0:00,44.2314,4.41436,42.1598,0.80898,France,France,1451.73125,confirmed transmitter failure,54,M,Y,N,N,resighted / recaptured,NA,Microwave 45g GPS-GSM,backpack,45,40-48g,1.651081473,1.030979167,France,Spain,1451,N,47,101,adult,western,tx failure,spring migration,adult captured at breeding site in Gardon. born in 2009 in Herault and ringed in 2009. tag lost at nest on 21/03/2020
Neophron percnopterus,Neophron percnopterus. GREFA. Spain,western europe,Bibei-2HN,137397,Bibei-2HN_137397,7/20/15 14:00,10/29/20,10/31/20 0:00,40.46833,-3.83983,14.72933,-7.624,Spain,NA,1927.833333,alive,2,F,Y,N,N,active,NA,Microwave PTT-100 GPS/Argos solar,backpack,45,40-48g,0.09236081,1,Spain,Mali,1871,N,63,65,adult,western,alive,NA,NA
Neophron percnopterus,Neophron percnopterus. GREFA. Spain,western europe,Xeos-9FH,370,Xeos-9FH_370,7/29/17 13:32,1/28/18,1/29/18 0:18,42.48844,-6.844,14.1019,-12.12526,Spain,Mali,183.4480208,unknown,2,M,Y,N,N,unknown,NA,Microwave GSM,backpack,45,40-48g,0.114606825,1.00088893,Spain,Mali,180,N,6,8,juvenile,western,unknown,non-breeding,NA
Neophron percnopterus,LIFE_Rupis_EgyptianVultures,western europe,Bruco,48505470927,Bruco_48505470927,7/20/17 6:00,1/4/18,1/4/18 6:00,41.195016,-6.680866,13.897483,-9.689316,Spain,Mali,168,likely dead,37,M,Y,N,N,inferred from transmissions,unknown,Ecotone SAKER H LF,backpack,35,30-40g,0.066385515,1,Spain,Mali,164,N,5,42,adult,western,dead,non-breeding,Fate unknown - data stopped transmitting in south-central Mali
Neophron percnopterus,LIFE_Rupis_EgyptianVultures,western europe,Douro,48797733050,Douro_48797733050,6/13/17 6:00,5/3/19,5/7/19 6:01,40.9598,-6.833833,40.92567,-6.693199,Spain,Spain,689,confirmed transmitter failure,54,M,Y,N,N,resighted / recaptured,NA,Ecotone SKUA H LF,backpack,35,30-40g,0.063626276,1,Spain,Spain,683,N,22,76,adult,western,tx failure,breeding,Transmitter confirmed detached on 7th May 2019_Bird resighted a couple of days later incubating alive and well https://www.4vultures.org/2019/05/28/the-mystery-of-egyptian-vulture-douro-s-lost-gps-transmitter/
Neophron percnopterus,LIFE_Rupis_EgyptianVultures,western europe,Faia,48505476460,Faia_48505476460,6/13/17 8:00,8/25/20,10/31/20 0:00,40.92637,-6.943999,29.76518,-7.176166,Portugal,Morocco,1168.916667,unknown,54,F,Y,N,N,unknown,NA,Ecotone SAKER H LF,backpack,35,30-40g,1.616178568,1,Portugal,Morocco,1165,N,38,92,adult,western,unknown,fall migration,alive_last location during fall migration 2020 likely out of transmission signal
Neophron percnopterus,LIFE_Rupis_EgyptianVultures,western europe,Poiares,48797733001,Poiares_48797733001,6/1/17 12:34,11/18/17,4/5/18 7:00,40.8981,-6.9674,14.0555,-11.87497,Portugal,Portugal,169.7673611,likely transmitter failure,54,F,Y,N,Y,inferred from transmissions,NA,Ecotone SKUA H GRIFFON LF,backpack,35,30-40g,2.887946521,14.685625,Portugal,Mali,171,N,5,59,adult,western,tx failure,non-breeding,Bird was found weak May29th_taken to rehab centre for 3 days treatment and released at Penedo do Durao on 3rd June. Data transmissions were erratic from winter 2017-18_two isolated GPS locations received from summer range after months of receiving no data. Bird never resighted since. Suspected transmitter failure. 
Neophron percnopterus,LIFE_Rupis_EgyptianVultures,western europe,Rupis,48511694900,Rupis_48511694900,7/15/16 6:00,10/21/20,10/31/20 0:00,41.47712,-6.270032,14.75298,-7.65635,Spain,NA,1559.040972,alive,25,unknown,Y,N,N,active,NA,Ecotone Skua-H,backpack,35,30-40g,0.217973516,1.112569444,Spain,Mali,1202,N,51,76,adult,western,alive,NA,Data received from Mali on Oct 12th after 11 months of no data due to faulty transmitter https://www.4vultures.org/surprise-gps-data-received-from-egyptian-vulture-rupis/
Neophron percnopterus,Egyptian vulture (Neophron percnopterus) in Arribes del Duero (Salamanca) - SALORO,western europe,BatuecasA,17020,BatuecasA_17020,6/15/17 14:48,10/30/20,10/31/20 0:00,41.05353546,-6.663703442,17.45682526,-10.86064339,Spain,NA,1232.612639,alive,24,M,Y,N,N,active,NA,"Ornitela ""OrniTrack30 solar GPSGSM""",backpack,30,30-40g,0.154036535,1.000225694,Spain,Mauritania,1230,N,40,64,adult,western,alive,NA,NA
Neophron percnopterus,Egyptian vulture (Neophron percnopterus) in Arribes del Duero (Salamanca) - SALORO,western europe,Camaces,17017,Camaces_17017,7/31/17 12:29,9/8/17,9/11/17 2:12,41.00911331,-6.743571758,37.9450798,-6.836569786,Spain,Morocco,38.58157407,unknown,1,F,Y,N,N,unknown,NA,"Ornitela ""OrniTrack30 solar GPSGSM""",backpack,30,30-40g,0.504613255,0.998958333,Spain,Spain,23,N,1,2,juvenile,western,unknown,fall migration,The animal was in a very bad body condition when it was marked. Surely this prevented him from surviving the conditions of the migratory trip when crossing the desert. The team responsible for marking has always ruled out any relationship with that power line.
Neophron percnopterus,Egyptian vulture (Neophron percnopterus) in Arribes del Duero (Salamanca) - SALORO,western europe,Huebra,17021,Huebra_17021,6/15/17 14:57,4/15/19,4/16/19 4:48,41.05711,-6.660487,41.02536,-6.676615,Spain,Spain,668.5743981,confirmed transmitter failure,24,M,Y,N,N,resighted / recaptured,NA,"Ornitela ""OrniTrack30 solar GPSGSM""",backpack,30,30-40g,0.016094108,1.401596065,Spain,Spain,654,N,22,46,adult,western,tx failure,breeding,The animal is alive and continues to wear the transmitter
Neophron percnopterus,Egyptian vulture in France (grands Causses-Baronnies)  ID_PROG 961,western europe,Baronnies_2019_Imm_wild_OR181635_5T,181635,Baronnies_2019_Imm_wild_OR181635_5T_181635,4/1/19 17:25,10/29/20,10/31/20 0:00,44.43438339,5.322945118,17.09228897,-10.01051807,France,NA,576.5515162,alive,22,unknown,Y,N,Y,active,NA,Ornitela OT-30-3GC,legloop,30,30-40g,0.211458697,1.000049769,France,Mauritania,265,N,18,40,adult,western,alive,NA,"born wild, found weakened in Baronnies in autumn 2018. kept in rehabilitation whole winter. released in Baronnies in 01 April 2019; recaptured and rehabilitated in Spain on 27/06/2019 (broken wing after collision with cable); released on 06/05/2020 in Spain (Aragon)"
Neophron percnopterus,Egyptian vulture in France (grands Causses-Baronnies)  ID_PROG 961,western europe,Causses_2018_Imm_wild_OR171075_4X,171075,Causses_2018_Imm_wild_OR171075_4X_171075,4/5/18 12:00,11/18/19,11/19/19 0:00,44.20375443,3.255665064,32.93344116,1.835491657,France,Algeria,591.5345023,likely dead,22,unknown,Y,N,Y,inferred from transmissions,unknown,Ornitela OT-30-3GC,legloop,30,30-40g,0.56647336,0.998688657,France,Algeria,587,N,19,41,adult,western,dead,non-breeding,"born wild in Gorges de la Dourbie, found weakened in Sept 2017. released in sept 2017, found again. Kept in captivity and rehabilitated the whole winter 2017-2018. released 05/04/2018. recovered again in Dourbie Canyon on 16 May 2018. last position close to a village in Morocco on 19/11/2019: likely dead (shot?)"
Neophron percnopterus,Egyptian vulture Kobierzycki Pyrenees ID_PROG 457,western europe,Basque_2019_Imm_wild_OR171005_PM0,171005,Basque_2019_Imm_wild_OR171005_PM0_171005,7/18/19 8:39,9/9/19,9/10/19 0:00,43.14750671,-1.29905498,36.16388321,-5.514261723,France,Morroco,52.97891204,unknown,1,unknown,Y,N,N,unknown,unknown,Ornitela OT-30-3GC,legloop,30,30-40g,1.239029741,1.000555556,France,NA,25,N,1,2,juvenile,western,unknown,fall migration,Pulli in the nest 18/07/2019 Munhoa
Neophron percnopterus,Egyptian vulture Kobierzycki Pyrenees ID_PROG 457,western europe,Basque_2019_Imm_wild_OR180110_PC2,180110,Basque_2019_Imm_wild_OR180110_PC2_180110,7/18/19 14:27,10/30/20,10/31/20 0:00,43.09663391,-1.150748372,16.04538918,-8.497528076,France,NA,469.4086227,alive,1,unknown,Y,N,N,active,NA,Ornitela OT-30-3GC,legloop,30,30-40g,0.308379478,0.999980324,France,Mauritania,444,N,15,16,juvenile,western,alive,NA,Pulli in the nest 18/07/2019 Munhoa;  lost tag signal in Morocco on 10/09/2019: unknown cause (tag lost? Tag failure? Bird away from GSM? Bird dead?)
Neophron percnopterus,Egyptian vulture Kobierzycki Pyrenees ID_PROG 457,western europe,Basque_2020_Imm_wild_OR180109_PR9,180109,Basque_2020_Imm_wild_OR180109_PR9_180109,7/31/20 8:48,9/24/20,10/31/20 0:00,43.11460876,-1.083263278,35.33777237,-5.488054752,France,Morroco,54.7269213,unknown,1,unknown,Y,N,N,unknown,NA,Ornitela OT-30-3GC,legloop,30,30-40g,1.454614689,0.998846065,France,Morocco,56,N,1,2,juvenile,western,unknown,fall migration,Juvenile tagged inthe nest 31/07/2020. lost tag signal in Morocco on 25/09/2020: unknown cause  (tag lost? Tag failure? Bird away from GSM? Bird dead?)
Neophron percnopterus,Egyptian vulture Kobierzycki Pyrenees ID_PROG 457,western europe,Ossau_2018_Ad_wild_OR17996_PC0,17996,Ossau_2018_Ad_wild_OR17996_PC0_17996,4/21/18 3:44,9/22/19,9/25/19 0:00,43.06973,-0.4156833,17.1473,-10.9349,France,Mauritania,519.2981829,confirmed transmitter failure,54,M,Y,N,N,resighted / recaptured,NA,Ornitela OT-30-3GC,legloop,30,30-40g,2.328741688,2.066313657,France,Mauritania,412,N,17,71,adult,western,tx failure,non-breeding,"Adult caught in Ossau (Castet) 21/04/2018. age unknown; tag failure in 25 sept 2019, resighted alive in Ossau in spring 2020."
Neophron percnopterus,Neophron percnopterus. GREFA. Spain,western europe,Chandoiro-201253,201253,Chandoiro-201253_201253,7/24/20 7:01,10/29/20,10/31/20 0:00,42.47941589,-6.842126846,14.51154804,-6.650145054,Spain,NA,97.02798611,alive,2,F,Y,N,N,active,NA,Ornitela OT-30 2G,backpack,30,30-40g,0.353229994,0.9996875,Spain,Mali,98,N,3,5,juvenile,western,alive,NA,NA
Neophron percnopterus,Neophron percnopterus. GREFA. Spain,western europe,Mata-181686,181686,Mata-181686_181686,7/25/19 17:22,1/10/20,1/11/20 17:04,42.32494,-7.185443,17.12988,-11.85479,Spain,Mauritania,168.6420023,unknown,2,M,Y,N,N,unknown,NA,Ornitela OT-30 2G,backpack,30,30-40g,0.022942713,1.006006944,Spain,Mauritania,146,N,5,7,juvenile,western,unknown,non-breeding,NA
Neophron percnopterus,Neophron percnopterus. GREFA. Spain,western europe,Montejo-95N,181641,Montejo-95N_181641,8/2/18 8:50,10/30/20,10/31/20 0:00,41.53552,-3.589222,16.08644,-7.644227,Spain,NA,819.8722222,alive,54,M,Y,N,N,active,NA,Ornitela OT-30 2G,backpack,30,30-40g,0.116139164,1.000237269,Spain,Mauritania,821,N,26,80,adult,western,alive,NA,NA
Neophron percnopterus,Egyptian vulture Kobierzycki Vaucluse ID_PROG 457,western europe,Provence_2016_Ad_wild_EO5018_Salome_8P,5018,Provence_2016_Ad_wild_EO5018_Salome_8P_5018,10/1/16 5:00,10/17/20,10/31/20 0:00,43.95095,5.122738,16.90735,-9.820091,France,NA,1477.405579,alive,54,F,Y,N,Y,active,NA,e-obs Bird solar panel,backpack,25,16-25g,0.569631902,26.12807292,France,Mauritania,536,N,48,102,adult,western,alive,NA,errant last point? has a straight shot from Africa back to France
Neophron percnopterus,LIFE_Rupis_EgyptianVultures,western europe,Arribas,171068,Arribas_171068,8/14/19 11:18,10/29/20,10/31/20 0:00,41.0412941,-6.870823383,14.7333498,-7.092973232,Portugal,NA,441.7909028,alive,1,unknown,Y,N,N,active,NA,Ornitela_3G,backpack,25,16-25g,0.092208515,1.000241898,Spain,Mali,442,N,14,15,juvenile,western,alive,NA,chick marked in the nest on the 31.07.2019 Territory Poiares
Neophron percnopterus,LIFE_Rupis_EgyptianVultures,western europe,Fangueiro,16094,Fangueiro_16094,7/14/20 6:08,10/30/20,10/31/20 0:00,41.15391,-6.72716,32.79191,-5.032318,Spain,NA,107.9939815,alive,14,M,Y,N,Y,active,NA,Ornitela_2G,backpack,25,16-25g,0.599892748,1.000209491,Spain,Morocco,109,N,3,17,juvenile,western,alive,NA,"extensive treatment, held captive >1 year, feather implants, etc. "
Neophron percnopterus,LIFE_Rupis_EgyptianVultures,western europe,Iberia,171076,Iberia_171076,10/31/19 8:52,11/20/19,10/31/20 0:00,40.61681,-7.742865,30.14985,9.328107,Spain,Algeria,19.87606481,confirmed dead,5,NA,Y,N,Y,resighted / recaptured,exhaustion,Ornitela_2G,backpack,25,16-25g,0.743137088,0.998792824,Portugal,Algeria,21,N,0,5,juvenile,western,dead,fall migration,"This bird was transferred from rehab centre in Portugal for release in Extremadura late last autumn - not ideal, but there were no facilities in the rehab centre to keep the bird and it was considered better at the time to release the bird rather than keep it in captivity. It migrated much further east, achieved a successful sea crossing but ended up recaptured in east Algeria."
Neophron percnopterus,LIFE_Rupis_EgyptianVultures,western europe,JuvSendim,16094,JuvSendim_16094,8/10/19 7:11,8/26/19,8/26/19 12:47,41.38648,-6.390967,41.38895,-6.385813,Portugal,Portugal,21.94640046,confirmed dead,1,unknown,Y,N,N,carcass found,unknown,Ornitela_2G,backpack,25,16-25g,0.003168639,0.998667824,Spain,Spain,17,N,0,1,juvenile,western,dead,breeding,Chick marked in the nest on the 01.08.2019. Found dead 02.09.2019 awaiting necropsy results
Neophron percnopterus,Egyptian vulture Kobierzycki Pyrenees ID_PROG 457,western europe,Pyrenees_2015_Imm_wild_EC48601087785,48601087785,Pyrenees_2015_Imm_wild_EC48601087785_48601087785,6/29/15 0:00,10/28/16,10/28/16 0:01,43.40867,-1.508783,15.98262,-15.83093,France,Senegal,487.0006944,likely dead,21,unknown,Y,N,Y,inferred from transmissions,unknown,Ecotone Duck-4,legloop,24,16-25g,0.546455595,1,France,Senegal,404,N,15,36,adult,western,dead,breeding,"born wild, found weakened in Western Pyrenees in autumn 2014. kept in rehabilitation whole winter. released in Western Pyrenees in 29/06/2015. last position in Senegal: likely death (bird never seen again in the next 4 years) or transmitter failure "
Neophron percnopterus,_Egyptian Vulture in Spain - Migra Program in Spain,western europe,Huesca 02-REKI28,48500498481,Huesca 02-REKI28_48500498481,7/13/19 16:01,11/15/19,11/16/19 0:00,42.14172,-0.211816,14.58833,-7.398149,Spain,Mali,134.6243056,likely dead,1,M,Y,N,N,inferred from transmissions,unnatural causes,"SAKER-H, GPS-GSM Ecotone",backpack,23,16-25g,0.187015998,1,Spain,Mali,120,N,4,5,juvenile,western,dead,non-breeding,"Last locationes in a village, possible unnatural death"
Neophron percnopterus,_Egyptian Vulture in Spain - Migra Program in Spain,western europe,Huesca 01-REKI13,48511907154,Huesca 01-REKI13_48511907154,7/13/19 16:03,10/30/20,10/31/20 0:00,42.14162,-0.211616,15.66372,-10.46958,Spain,NA,474.5805556,alive,1,F,Y,N,N,active,NA,"SAKER-L, GPS-GSM Ecotone",backpack,21,16-25g,0.128904654,1,Spain,Mauritania,465,N,15,16,juvenile,western,alive,NA,
Neophron percnopterus,_Egyptian Vulture in Spain - Migra Program in Spain,western europe,La Rioja 03 - Lidia -REKI38,48797732417,La Rioja 03 - Lidia -REKI38_48797732417,7/20/18 6:00,1/23/20,10/31/20 0:00,42.88157,-2.632999,15.86408,-15.6819,Spain,Senegal,552,unknown,1,M,Y,N,N,unknown,NA,"SAKER-M, GPS-GSM Ecotone",backpack,21,16-25g,0.00043165,1,Spain,Senegal,541,N,18,19,adult,western,unknown,non-breeding,NA
Neophron percnopterus,_Egyptian Vulture in Spain - Migra Program in Spain,western europe,Segovia 06-REKI22,48500499243,Segovia 06-REKI22_48500499243,7/20/19 6:03,10/30/20,10/31/20 0:00,41.16583,-3.844949,14.72265,-7.668416,Spain,NA,467.9979167,alive,1,unknown,Y,N,N,active,NA,"SAKER-L, GPS-GSM Ecotone",backpack,21,16-25g,0.18351821,1,Spain,Mali,432,N,15,16,juvenile,western,alive,NA,
Neophron percnopterus,Neophron percnopterus. GREFA. Spain,western europe,Larouco-2HP,48500703772,Larouco-2HP_48500703772,7/25/16 5:08,8/6/19,8/14/19 18:00,40.95475,-4.100033,41.33878,-5.983533,Spain,Spain,1106.786806,unknown,2,M,Y,N,N,unknown,NA,Ecotone SAKER-M,backpack,21,16-25g,0.703891512,7.824930556,Spain,Spain,206,N,36,38,adult,western,unknown,breeding,NA