species,study.name,population,population.binned,migrant,id,start.date,end.date,mortality.date,age.at.deployment.month,deployment.duration,deployment.duartion.month,age.at.fate.month,age.at.fate,tag,id.tag,fate,fate.binned,fate.annual.stage,fate.final,how.fate.determined.clean,cause.of.death,start.country,end.country,sex,age.at.deployment,age.at.deployment.clean,captive.raised,rehabilitated,n.locs,start.lat,start.long,end.lat,end.long,data.owner.proofed,how.fate.determined,comments
Neophron percnopterus,Neophron percnopterus Bulgaria/Greece,balkans,Italy / Balkans,Y,Aoos,4/17/15 17:00,5/27/19 8:17,5/27/19 8:17,54,1500.637303,50.02124343,104.0212434,adult,118154,Aoos_118154,alive,alive,NA,alive,active,NA,Albania,Albania,F,ad,adult,N,N,1159,40.13267,20.54217,40.13586,20.5388,y,still transmitting,"tagged in Greece, but bred in Albania"
Neophron percnopterus,Neophron percnopterus Bulgaria/Greece,balkans,Italy / Balkans,Y,Red Cliff,8/28/13 15:00,9/21/13 2:00,9/21/13 2:00,2,23.45833333,0.781944444,2.781944444,juvenile,130673,Red Cliff_130673,confirmed dead,dead,fall migration,confirmed dead,terminated over water,drowned,Albania,NA,unknown,juv,juvenile,N,N,22,40.10867,20.08083,36.49417,22.364,y,ceased over sea,track ends in sea
Neophron percnopterus,Neophron percnopterus Bulgaria/Greece,balkans,Italy / Balkans,Y,Akaga,5/16/18 0:15,5/30/19 6:19,5/30/19 6:19,11,379.2530556,12.64176852,23.64176852,immature,171362,Akaga_171362,alive,alive,NA,alive,active,NA,Bulgaria,Ethiopia,unknown,2nd yr,immature,Y,N,380,41.59421539,25.64131165,12.42877293,40.21025467,y,still transmitting,NA
Neophron percnopterus,Neophron percnopterus Bulgaria/Greece,balkans,Italy / Balkans,Y,Anna,8/10/18 0:53,9/15/18 0:01,9/15/18 0:01,2,35.96383102,1.198794367,3.198794367,juvenile,171348,Anna_171348,confirmed dead,dead,fall migration,confirmed dead,resighted / recaptured,exhaustion,Bulgaria,Turkey,F,juv,juvenile,Y,N,35,41.63582993,25.85588837,37.2335434,34.84251404,y,recaptured,"would have died of exhaustion, but recaptured"
Neophron percnopterus,Neophron percnopterus Bulgaria/Greece,balkans,Italy / Balkans,Y,Arda,8/13/12 0:41,3/5/13 2:00,1/1/13 0:00,2,204.0548611,6.801828703,8.801828703,juvenile,118147,Arda_118147,likely dead,dead,non-breeding,likely dead,inferred from transmissions,unknown,Bulgaria,Sudan,unknown,juv,juvenile,N,N,156,41.644,25.878,10.79567,28.50933,y,static transmissions,The bird died on 29.12.2012. Since then it is transmitting from the same location
Neophron percnopterus,Neophron percnopterus Bulgaria/Greece,balkans,Italy / Balkans,Y,Asparuh,8/4/13 12:06,9/12/13 3:00,9/10/13 0:00,2,38.62083333,1.287361111,3.287361111,juvenile,131250,Asparuh_131250,confirmed dead,dead,fall migration,confirmed dead,terminated over water,drowned,Bulgaria,NA,unknown,juv,juvenile,N,N,32,41.6,25.985,33.7705,20.83933,y,ceased over sea,track ends in sea
Neophron percnopterus,Neophron percnopterus Bulgaria/Greece,balkans,Italy / Balkans,Y,Belgin,8/9/18 1:56,9/18/18 0:17,9/18/18 0:17,2,39.93148148,1.331049383,3.331049383,juvenile,171346,Belgin_171346,likely dead,dead,fall migration,likely dead,inferred from transmissions,drowned,Bulgaria,Turkey,unknown,juv,juvenile,N,N,41,41.63591003,25.85634422,36.2170105,29.85806656,y,ceased near sea,track ends in sea
Neophron percnopterus,Neophron percnopterus Bulgaria/Greece,balkans,Italy / Balkans,Y,Blanka,8/2/18 6:02,10/19/18 0:02,10/9/18 0:00,2,77.7497338,2.591657793,4.591657793,juvenile,171345,Blanka_171345,confirmed dead,dead,non-breeding,confirmed dead,carcass found,probably injured by people/animals and suffered to death,Bulgaria,Ethiopia,F,juv,juvenile,Y,N,79,41.64996719,25.84464073,11.90906811,41.59094238,y,retrieved transmitter and carcass,The bird died on 21.10 in the morning
Neophron percnopterus,Neophron percnopterus Bulgaria/Greece,balkans,Italy / Balkans,Y,Boris,7/21/15 4:00,5/30/19 4:00,5/30/19 4:00,54,1409,46.96666667,100.9666667,adult,149505,Boris_149505,alive,alive,NA,alive,active,NA,Bulgaria,Bulgaria,M,ad,adult,N,N,1410,41.59483,25.64133,41.61667,25.65183,y,still transmitting,NA
Neophron percnopterus,Neophron percnopterus Bulgaria/Greece,balkans,Italy / Balkans,Y,Boyana,5/16/18 0:16,5/30/19 3:09,5/30/19 3:09,11,379.1201852,12.63733951,23.63733951,immature,171357,Boyana_171357,alive,alive,NA,alive,active,NA,Bulgaria,Chad,F,2nd yr,immature,Y,N,380,41.59446335,25.64115906,13.17770863,17.37357903,y,still transmitting,NA
Neophron percnopterus,Neophron percnopterus Bulgaria/Greece,balkans,Italy / Balkans,Y,Dobromir,8/16/12 18:00,9/24/16 2:00,9/24/16 2:00,2,1499.333333,49.97777777,51.97777777,immature,118150,Dobromir_118150,unknown,unknown,fall migration,unknown,unknown,shot,Bulgaria,Sudan,unknown,juv,juvenile,N,N,1492,43.14567,27.63883,14.50783,30.302,y,unknown,probably killed but no evidence could be obtained. Last locations from inside a village
Neophron percnopterus,Neophron percnopterus Bulgaria/Greece,balkans,Italy / Balkans,Y,Elodie,8/28/16 6:44,9/13/17 3:00,9/13/17 3:00,2,380.8441204,12.69480401,14.69480401,juvenile,135956,Elodie_135956,confirmed dead,dead,non-breeding,confirmed dead,transmitter recovered,shot,Bulgaria,Niger,F,juv,juvenile,Y,N,379,43.1555,26.27962,15.01317,7.67117,y,retrieved transmitter and asked locals,NA
Neophron percnopterus,Neophron percnopterus Bulgaria/Greece,balkans,Italy / Balkans,Y,Ibrahim,8/2/13 14:00,9/25/13 4:00,9/25/13 4:00,2,53.58333333,1.786111111,3.786111111,juvenile,131248,Ibrahim_131248,likely dead,dead,fall migration,likely transmitter failure,inferred from transmissions,unknown,Bulgaria,NA,unknown,juv,juvenile,N,N,42,41.618,25.6495,34.99567,25.18817,y,ceased near sea,Not clear if the bird really died or the transmitter failed. 
Neophron percnopterus,Neophron percnopterus Bulgaria/Greece,balkans,Italy / Balkans,Y,Iliaz,8/30/12 6:00,5/30/19 12:00,5/30/19 12:00,2,2464.25,82.14166667,84.14166667,adult,118153,Iliaz_118153,alive,alive,NA,alive,active,NA,Bulgaria,Bulgaria,unknown,juv,juvenile,N,N,2448,41.44,25.56833,41.2745,25.19317,y,still transmitting,NA
Neophron percnopterus,Neophron percnopterus Bulgaria/Greece,balkans,Italy / Balkans,Y,Jenny,7/30/15 10:00,5/28/19 2:00,5/28/19 2:00,54,1397.666667,46.5888889,100.5888889,adult,149507,Jenny_149507,alive,alive,NA,alive,active,NA,Bulgaria,Bulgaria,F,ad,adult,N,N,1391,41.58367,25.65033,41.59167,25.44517,y,still transmitting,NA
Neophron percnopterus,Neophron percnopterus Bulgaria/Greece,balkans,Italy / Balkans,Y,Lomets,8/26/16 12:00,9/14/16 2:00,9/14/16 2:00,2,18.58333333,0.619444444,2.619444444,juvenile,118149,Lomets_118149,confirmed dead,dead,fall migration,confirmed dead,terminated over water,drowned,Bulgaria,Cyprus,M,juv,juvenile,Y,N,20,43.648,26.05967,34.9825,32.51567,y,ceased over sea,Track ends in sea. Captive-bred from Vienna Zoo; originates from Turkish population
Neophron percnopterus,Neophron percnopterus Bulgaria/Greece,balkans,Italy / Balkans,Y,Maria,8/7/16 7:27,10/18/16 2:00,10/8/16 0:00,2,71.77260417,2.392420139,4.392420139,juvenile,149504,Maria_149504,likely dead,dead,fall migration,likely dead,inferred from transmissions,unknown,Bulgaria,Saudi Arabia,unknown,juv,juvenile,N,N,62,41.75681,25.36315,27.6115,35.71333,y,static transmission for >10 days,The bird died on 10.10.2016. Since then transmitter was sending signal from the same location
Neophron percnopterus,Neophron percnopterus Bulgaria/Greece,balkans,Italy / Balkans,Y,Panteley,5/16/18 0:28,5/30/19 1:16,5/30/19 1:16,11,379.0337847,12.63445949,23.63445949,immature,171360,Panteley_171360,alive,alive,NA,alive,active,NA,Bulgaria,Bulgaria,M,2nd yr,immature,Y,N,379,41.59446335,25.64143372,41.59857941,23.84302521,y,still transmitting,NA
Neophron percnopterus,Neophron percnopterus Bulgaria/Greece,balkans,Italy / Balkans,Y,Polya,5/16/18 0:14,5/30/19 1:56,5/30/19 1:56,11,379.0704282,12.63568094,23.63568094,immature,171356,Polya_171356,alive,alive,NA,alive,active,NA,Bulgaria,Sudan,F,2nd yr,immature,Y,N,380,41.59454346,25.64137459,16.45769691,33.92584229,y,still transmitting,NA
Neophron percnopterus,Neophron percnopterus Bulgaria/Greece,balkans,Italy / Balkans,Y,Regina,8/27/16 4:00,9/8/16 2:00,9/8/16 2:00,2,11.91666667,0.397222222,2.397222222,juvenile,149506,Regina_149506,likely dead,dead,fall migration,likely dead,inferred from transmissions,drowned,Bulgaria,NA,F,juv,juvenile,Y,N,13,43.64817,26.0595,36.2745,30.43483,y,ceased near sea,Track ends in sea. Captive-bred from Vienna Zoo; originates from Turkish population
Neophron percnopterus,Neophron percnopterus Bulgaria/Greece,balkans,Italy / Balkans,Y,Sanie,8/1/13 2:00,10/3/16 1:00,10/3/16 1:00,2,1158.958333,38.63194443,40.63194443,immature,131249,Sanie_131249,unknown,unknown,non-breeding,unknown,unknown,unknown,Bulgaria,Ethiopia,unknown,juv,juvenile,N,N,1152,41.6415,25.88183,13.04167,40.399,y,unknown,Since 04.10 the transmitter sending signal from the same location
Neophron percnopterus,Neophron percnopterus Bulgaria/Greece,balkans,Italy / Balkans,Y,Spartacus,8/19/10 4:00,1/14/11 5:00,1/7/11 0:00,2,148.0416667,4.934722223,6.934722223,juvenile,61952,Spartacus_61952,confirmed dead,dead,non-breeding,confirmed dead,carcass found,shot,Bulgaria,Chad,unknown,juv,juvenile,N,N,140,41.64117,25.88117,12.459,16.24717,y,carcass retrieved,NA
Neophron percnopterus,Neophron percnopterus Bulgaria/Greece,balkans,Italy / Balkans,Y,Svetlina,8/17/12 10:00,6/10/14 1:00,5/31/14 0:00,2,748.625,24.95416667,26.95416667,immature,118152,Svetlina_118152,likely dead,dead,spring migration,likely dead,inferred from transmissions,unknown,Bulgaria,Sudan,unknown,juv,juvenile,N,N,750,41.62283,25.8975,17.91383,38.27417,y,static transmission for 3 days,The bird died on 09.06.2014 and since then the transmitter is sending signal from the same location
Neophron percnopterus,Neophron percnopterus Bulgaria/Greece,balkans,Italy / Balkans,Y,Volen,8/16/12 16:00,9/28/14 4:00,9/28/14 4:00,2,772.5,25.75,27.75,immature,118148,Volen_118148,unknown,unknown,fall migration,unknown,unknown,NA,Bulgaria,Egypt,unknown,juv,juvenile,N,N,773,43.18,27.43567,28.74617,31.9875,y,unknown,Last locations are from a roosting site in Egypt. No more locations after that. The bird might have died or the transmitter failed
Neophron percnopterus,Neophron percnopterus Bulgaria/Greece,balkans,Italy / Balkans,Y,Zikmund,8/10/18 2:49,9/11/18 0:19,9/11/18 0:19,2,31.89597222,1.063199074,3.063199074,juvenile,171349,Zikmund_171349,confirmed dead,dead,fall migration,confirmed dead,resighted / recaptured,human imprinting,Bulgaria,Greece,F,juv,juvenile,Y,N,27,41.63608551,25.85622025,40.96373749,25.64482498,y,recaptured,would have died due to too strong affinity to humans
Neophron percnopterus,Neophron percnopterus Bulgaria/Greece,balkans,Italy / Balkans,Y,Ertale,1/26/19 9:05,5/30/19 0:32,5/30/19 0:32,54,123.6433333,4.121444443,58.12144444,adult,182252,Ertale_182252,alive,alive,NA,alive,active,NA,Ethiopia,Turkey,unknown,ad,adult,N,N,125,11.54074192,40.81601715,39.50958633,32.15328979,y,still transmitting,"tagged in Horn of Africa. Population determination based on where they migrated to. For birds that did not migrate, left as HoA"
Neophron percnopterus,Neophron percnopterus Bulgaria/Greece,balkans,Italy / Balkans,Y,Berenice,8/2/13 3:00,9/9/13 12:00,9/9/13 12:00,2,38.375,1.279166667,3.279166667,juvenile,130672,Berenice_130672,confirmed dead,dead,fall migration,confirmed dead,terminated over water,drowned,Greece,NA,unknown,juv,juvenile,N,N,37,39.8,21.68933,33.83567,23.2085,y,ceased over sea,track ends in sea
Neophron percnopterus,Neophron percnopterus Bulgaria/Greece,balkans,Italy / Balkans,Y,Castor,5/14/14 11:00,2/15/16 1:00,2/15/16 1:00,54,641.5833333,21.38611111,75.38611111,adult,135955,Castor_135955,unknown,unknown,non-breeding,unknown,unknown,unknown,Greece,Ethiopia,unknown,ad,adult,N,Y,643,40.62333,21.51933,6.76017,42.83233,y,unknown,tagged after found disorientated due to lead poisoning
Neophron percnopterus,Neophron percnopterus Bulgaria/Greece,balkans,Italy / Balkans,Y,Heracles,8/22/13 7:00,9/13/13 3:00,9/10/13 0:00,2,21.83333333,0.727777778,2.727777778,juvenile,130676,Heracles_130676,confirmed dead,dead,fall migration,confirmed dead,terminated over water,drowned,Greece,NA,unknown,juv,juvenile,N,N,23,39.79217,21.55817,36.212,21.18317,y,ceased over sea,track ends in sea
Neophron percnopterus,Neophron percnopterus Bulgaria/Greece,balkans,Italy / Balkans,Y,Ikaros,8/12/12 19:00,9/11/12 6:00,9/7/12 0:00,2,29.45833333,0.981944444,2.981944444,juvenile,118145,Ikaros_118145,confirmed dead,dead,fall migration,confirmed dead,terminated over water,drowned,Greece,NA,unknown,juv,juvenile,N,N,26,39.80383,21.68783,33.834,22.25767,y,ceased over sea,track ends in sea
Neophron percnopterus,Neophron percnopterus Bulgaria/Greece,balkans,Italy / Balkans,Y,Katerina,8/9/13 13:49,8/31/14 7:00,10/1/13 0:00,2,386.7159722,12.89053241,14.89053241,juvenile,130671,Katerina_130671,likely dead,dead,breeding,likely dead,inferred from transmissions,drowned,Greece,Egypt,unknown,juv,juvenile,N,N,67,41.161,26.237,31.15617,29.964,y,ceased near sea,Bird drowned on the 18/9/2013 although carcass likely washed up on beach in Egypt on the 10/10/2013. Contacted locals to try to find it. Claimed they never did but a year later there were some fixes from Alexandria!!
Neophron percnopterus,Neophron percnopterus Bulgaria/Greece,balkans,Italy / Balkans,Y,Lazaros,6/23/12 22:00,3/31/13 10:00,3/31/13 10:00,54,280.5,9.35,63.35,adult,108050,Lazaros_108050,confirmed dead,dead,spring migration,confirmed dead,carcass found,poisoning,Greece,Greece,F,ad,adult,N,Y,282,39.789,21.7325,41.05583,24.14917,y,carcass retrieved,Tagged after being found poisoned in Meteora; poisoned again one year later
Neophron percnopterus,Neophron percnopterus Bulgaria/Greece,balkans,Italy / Balkans,Y,Levkipos,8/7/12 16:00,6/19/15 2:00,2/1/15 0:00,2,1045.416667,34.84722223,36.84722223,immature,118146,Levkipos_118146,likely dead,dead,non-breeding,likely transmitter failure,inferred from transmissions,unknown,Greece,Sudan,unknown,juv,juvenile,N,N,1009,41.089,26.13933,10.86567,26.57283,y,static transmissions for months,The bird died on 26.01.2015. Since then transmitter was sending signal from the same location
Neophron percnopterus,Neophron percnopterus Bulgaria/Greece,balkans,Italy / Balkans,Y,Odiseas,9/11/12 14:00,9/16/12 10:00,9/16/12 10:00,3,4.833333333,0.161111111,3.161111111,juvenile,118149,Odiseas_118149,confirmed dead,dead,breeding,confirmed dead,carcass found,exhaustion,Greece,Greece,unknown,juv,juvenile,N,Y,6,41.10467,26.24133,41.09317,26.24183,y,carcass retrieved,Found dead near Dadia; This individual was rescued before tagging; Probable reason of death - bad physical condition
Neophron percnopterus,Neophron percnopterus Bulgaria/Greece,balkans,Italy / Balkans,Y,Paschalis,8/13/13 0:47,3/2/14 3:00,2/15/14 0:00,2,201.0923611,6.703078703,8.703078703,juvenile,130670,Paschalis_130670,confirmed dead,dead,non-breeding,confirmed dead,transmitter recovered,hunting,Greece,Niger,unknown,juv,juvenile,N,N,197,41.158,25.834,14.21717,9.96533,y,"tag retrieved, asked locals",Killed by Nigerian hunter on 27.2.2014; exported to be sold in Nigeria
Neophron percnopterus,Neophron percnopterus Bulgaria/Greece,balkans,Italy / Balkans,Y,Ilin,8/19/13 7:47,10/27/13 17:00,10/27/13 17:00,2,69.38402778,2.312800926,4.312800926,juvenile,130675,Ilin_130675,confirmed dead,dead,breeding,confirmed dead,carcass found,predation,The former Yugoslav Republic of Macedonia,The former Yugoslav Republic of Macedonia,unknown,juv,juvenile,N,N,24,41.762,21.735,41.98833,21.4495,y,found carcass,"Found dead near the nest, killed by predator"
Neophron percnopterus,Neophron percnopterus Bulgaria/Greece,balkans,Italy / Balkans,Y,Ilina,8/5/13 9:00,10/2/13 6:00,9/25/13 0:00,2,57.875,1.929166667,3.929166667,juvenile,130674,Ilina_130674,confirmed dead,dead,fall migration,confirmed dead,carcass found,predation,The former Yugoslav Republic of Macedonia,NA,unknown,juv,juvenile,N,N,48,41.769,21.72467,36.37,27.46383,y,found feathers,Most probably killed by Bonneli's eagle
Neophron percnopterus,Neophron percnopterus Bulgaria/Greece,balkans,Italy / Balkans,Y,Macedonia,8/10/11 5:00,9/18/11 5:00,9/17/11 0:00,2,39,1.3,3.3,juvenile,61952,Macedonia_61952,confirmed dead,dead,fall migration,confirmed dead,terminated over water,drowned,The former Yugoslav Republic of Macedonia,NA,unknown,juv,juvenile,N,N,36,41.18317,21.717,33.55417,22.33083,y,ceased over sea,track ends in sea
Neophron percnopterus,"Egyptian Vulture (Neophron percnopterus), Turkey, Armenia, Ethiopia ",caucasus,Caucasus / Middle East,Y,Armenia2,7/22/15 5:01,10/18/15 0:01,10/18/15 0:01,25,87.79166667,2.926388889,27.92638889,immature,48500703868,Armenia2_48500703868,unknown,unknown,non-breeding,unknown,unknown,NA,Armenia,Ethiopia,unknown,3rd yr,immature,N,N,89,39.491799,46.35705,7.746899,43.0665,y,unknown,NA
Neophron percnopterus,"Egyptian Vulture (Neophron percnopterus), Turkey, Armenia, Ethiopia ",caucasus,Caucasus / Middle East,Y,Armenia3,7/24/15 0:02,11/7/15 0:02,11/7/15 0:02,54,106,3.533333333,57.53333333,adult,48500704009,Armenia3_48500704009,unknown,unknown,non-breeding,unknown,unknown,NA,Armenia,Ethiopia,unknown,ad,adult,N,N,91,39.5061,46.345799,6.093983,44.76245,y,unknown,NA
Neophron percnopterus,"Egyptian Vulture (Neophron percnopterus), Turkey, Armenia, Ethiopia ",caucasus,Caucasus / Middle East,Y,Orada,7/21/15 12:08,2/10/17 0:00,2/10/17 0:00,13,569.4944444,18.98314815,31.98314815,immature,48500703778,Orada_48500703778,unknown,unknown,non-breeding,unknown,unknown,NA,Armenia,Ethiopia,unknown,2nd yr,immature,N,N,571,39.511333,46.398683,9.370999,40.442116,y,unknown,NA
Neophron percnopterus,"Egyptian Vulture (Neophron percnopterus), Turkey, Armenia, Ethiopia ",caucasus,Caucasus / Middle East,Y,Logiya,12/1/13 5:00,5/30/19 16:00,5/30/19 16:00,30,2006.458333,66.88194443,96.88194443,adult,118174,Logiya_118174,alive,alive,NA,alive,active,NA,Ethiopia,Iran (Islamic Republic of),unknown,3rd yr,immature,N,N,1825,11.71533,40.974,39.08683,46.96567,y,still transmitting,"tagged in Horn of Africa. Population determination based on where they migrated to. For birds that did not migrate, left as HoA"
Neophron percnopterus,Egyptian vultures Dagestan2,caucasus,Caucasus / Middle East,Y,Gurman,7/24/17 12:12,11/4/18 3:27,11/4/18 3:27,1,467.6354167,15.58784722,16.58784722,juvenile,114,Gurman_114,likely transmitter failure,transmitter failure,non-breeding,likely transmitter failure,inferred from transmissions,NA,Russia,Yemen,unknown,juv,juvenile,N,N,449,43.00113,47.20156,13.88479,43.77549,y,1 sensor failed while another continued to transmit data.,Tagged in the nest
Neophron percnopterus,Egyptian vultures Dagestan2,caucasus,Caucasus / Middle East,Y,Kapchug,7/23/17 10:37,9/25/17 2:59,9/25/17 2:59,1,63.68194444,2.122731481,3.122731481,juvenile,115,Kapchug_115,unknown,unknown,fall migration,unknown,unknown,NA,Russia,Azerbaijan,unknown,juv,juvenile,N,N,31,42.98421,47.18025,38.96566,48.78752,y,unknown,Tagged in the nest
Neophron percnopterus,Egyptian vultures Dagestan2,caucasus,Caucasus / Middle East,Y,Malysh,7/23/17 8:18,10/22/17 9:58,10/15/17 0:00,1,91.06944444,3.035648148,4.035648148,juvenile,116,Malysh_116,confirmed dead,dead,fall migration,confirmed dead,resighted / recaptured,Collision with wires on power line and delivered to a rehabilitation center,Russia,Saudi Arabia,unknown,juv,juvenile,N,N,69,42.98465,47.18038,21.26675,40.70254,y,resighted / recaptured,Tagged in the nest
Neophron percnopterus,Egyptian vultures Dagestan2,caucasus,Caucasus / Middle East,Y,Sarygush,7/23/17 8:18,9/29/17 11:13,9/17/17 0:00,1,68.12152778,2.270717593,3.270717593,juvenile,117,Sarygush_117,confirmed dead,dead,fall migration,confirmed dead,resighted / recaptured,Caught by poachers and sold in the market,Russia,Iraq,unknown,juv,juvenile,N,N,47,42.98449,47.18051,34.69167,44.03076,y,resighted / recaptured,Tagged in the nest
Neophron percnopterus,"Egyptian Vulture (Neophron percnopterus), Turkey, Armenia, Ethiopia ",caucasus,Caucasus / Middle East,Y,Agri,6/22/13 1:00,7/19/14 14:00,7/19/14 14:00,54,392.5416667,13.08472222,67.08472222,adult,130662,Agri_130662,unknown,unknown,breeding,likely transmitter failure,unknown,NA,Turkey,Turkey,unknown,ad,adult,N,N,324,40.08083,43.667,39.7845,43.24833,y,unknown,NA
Neophron percnopterus,"Egyptian Vulture (Neophron percnopterus), Turkey, Armenia, Ethiopia ",caucasus,Caucasus / Middle East,Y,Aras,8/18/12 13:00,2/4/13 1:00,2/4/13 1:00,26,169.5,5.65,31.65,immature,118176,Aras_118176,unknown,unknown,non-breeding,unknown,unknown,NA,Turkey,Ethiopia,unknown,3rd yr,immature,N,N,164,40.12183,43.5835,10.1725,40.24533,y,unknown,NA
Neophron percnopterus,"Egyptian Vulture (Neophron percnopterus), Turkey, Armenia, Ethiopia ",caucasus,Caucasus / Middle East,Y,Ardahan,6/22/13 1:14,9/17/14 0:27,9/17/14 0:27,54,451.9668403,15.06556134,69.06556134,adult,210,Ardahan_210,likely transmitter failure,transmitter failure,fall migration,likely transmitter failure,inferred from transmissions,NA,Turkey,Saudi Arabia,unknown,ad,adult,N,N,451,40.07148,43.66676,16.81774,42.84321,y,GSM transmitter went offline in area previosuly known to loose signal,GSM transmitter went offline in area previosuly known to loose signal
Neophron percnopterus,"Egyptian Vulture (Neophron percnopterus), Turkey, Armenia, Ethiopia ",caucasus,Caucasus / Middle East,Y,Arpacay,8/20/12 17:00,9/26/12 1:00,9/26/12 0:00,26,36.33333333,1.211111111,27.21111111,immature,118174,Arpacay_118174,confirmed dead,dead,fall migration,confirmed dead,resighted / recaptured,"emaciation on migration, although potentially poisoned or collision. Not entirely sure",Turkey,Iraq,unknown,3rd yr,immature,N,N,30,40.123,43.60117,31.40283,45.07967,y,"bird died in captivity of falconer in Iraq, transmitter recovered",NA
Neophron percnopterus,"Egyptian Vulture (Neophron percnopterus), Turkey, Armenia, Ethiopia ",caucasus,Caucasus / Middle East,Y,Cabuk,7/1/14 3:00,12/8/15 2:00,12/8/15 2:00,13,524.9583218,17.49861073,30.49861073,immature,132087,Cabuk_132087,likely transmitter failure,transmitter failure,non-breeding,likely dead,inferred from transmissions,NA,Turkey,Ethiopia,unknown,2nd yr,immature,N,N,511,40.0833,43.6676,11.0695,40.364,y,"long gap in trasnmission, during which time bird moved",NA
Neophron percnopterus,"Egyptian Vulture (Neophron percnopterus), Turkey, Armenia, Ethiopia ",caucasus,Caucasus / Middle East,Y,Haydi,6/9/14 2:46,4/27/16 8:00,1/1/16 0:00,24,688.2179051,22.94059684,46.94059684,immature,132084,Haydi_132084,likely dead,dead,non-breeding,likely dead,inferred from transmissions,NA,Turkey,Kenya,unknown,3rd yr,immature,N,N,671,40.0813,43.6665,1.6534,37.8024,y,static transmissions in Kenya,"tried to get Kenyan colleagues to track down tag, but were unable"
Neophron percnopterus,"Egyptian Vulture (Neophron percnopterus), Turkey, Armenia, Ethiopia ",caucasus,Caucasus / Middle East,Y,Igdir,8/22/12 5:00,3/1/15 1:00,2/20/15 0:00,54,920.8333333,30.69444444,84.69444444,adult,118175,Igdir_118175,confirmed dead,dead,non-breeding,confirmed dead,transmitter recovered,poisoning,Turkey,Ethiopia,unknown,ad,adult,N,N,874,40.12167,43.5835,4.2755,42.06417,y,bird / tag recovery,NA
Neophron percnopterus,"Egyptian Vulture (Neophron percnopterus), Turkey, Armenia, Ethiopia ",caucasus,Caucasus / Middle East,Y,Iste,6/10/14 2:36,5/30/19 4:00,5/30/19 4:00,54,1815.05838,60.501946,114.501946,adult,132086,Iste_132086,alive,alive,NA,alive,active,NA,Turkey,Turkey,unknown,ad,adult,N,N,1747,40.0831,43.6674,39.8344,42.5493,y,still transmitting,NA
Neophron percnopterus,"Egyptian Vulture (Neophron percnopterus), Turkey, Armenia, Ethiopia ",caucasus,Caucasus / Middle East,Y,Serhat,6/17/14 15:59,10/30/14 1:12,10/30/14 1:12,54,134.3840278,4.479467593,58.47946759,adult,10007,Serhat_10007,unknown,unknown,fall migration,unknown,unknown,NA,Turkey,Ethiopia,unknown,5th yr,adult,N,N,124,40.19459,43.63137,10.5359,40.455,y,unknown,NA
Neophron percnopterus,"Egyptian Vulture (Neophron percnopterus), Turkey, Armenia, Ethiopia ",caucasus,Caucasus / Middle East,Y,Tuzluca,6/22/13 1:14,10/5/16 0:29,10/5/16 0:29,54,1200.968542,40.03228473,94.03228473,adult,209,Tuzluca_209,likely transmitter failure,transmitter failure,fall migration,likely transmitter failure,inferred from transmissions,NA,Turkey,Saudi Arabia,unknown,ad,adult,N,N,1193,40.081,43.66704,19.86006,41.10614,y,entered no GSM area,GSM transmitter went offline in area previosuly known to loose signal
Neophron percnopterus,Released Egyptian Vultures in Italy,italy,Italy / Balkans,Y,Agata,8/26/15 8:00,9/4/15 8:00,8/30/15 0:00,3,9,0.3,3.3,juvenile,119157,Agata_119157,confirmed dead,dead,fall migration,confirmed dead,terminated over water,Drop in the sea,Italy,Italy,F,juv,juvenile,Y,N,10,37.39733,13.36967,36.8275,13.1485,y,stopped at sea,NA
Neophron percnopterus,Released Egyptian Vultures in Italy,italy,Italy / Balkans,Y,Aneta,9/7/15 0:01,10/3/15 0:00,9/24/15 0:00,3,25.99930556,0.866643519,3.866643519,juvenile,48500502206,Aneta_48500502206,confirmed dead,dead,fall migration,confirmed dead,terminated over water,Drop in the sea,Italy,Egypt,F,juv,juvenile,Y,N,27,39.10625,16.891933,33.028566,21.455933,y,stopped at sea,NA
Neophron percnopterus,Released Egyptian Vultures in Italy,italy,Italy / Balkans,Y,Apollo,7/24/17 23:09,9/27/17 4:48,9/27/17 4:48,15,64.23530093,2.141176698,17.1411767,juvenile,16093,Apollo_16093,confirmed dead,dead,fall migration,confirmed dead,carcass found,poisoning,Italy,Tunisia,M,juv,juvenile,Y,N,61,40.24658966,16.10240936,34.45599747,9.631937027,y,retrieved transmitter and carcass,"Probably poisoned. The carcass showed clear signs of convulsions (fethers abraded, turned nek and open beak)"
Neophron percnopterus,ISPRA,italy,Italy / Balkans,Y,Binca_IHB,8/16/18 8:59,9/12/18 5:00,9/12/18 5:00,2,26.83435185,0.894478395,2.894478395,juvenile,AF5AF11F,Bianca_IHB_AF5AF11F,confirmed dead,dead,fall migration,confirmed dead,carcass found,poisoning,Italy,Italy,F,juv,juvenile,Y,N,25,40.6451833,16.66185,36.7739717,12.0043667,y,retrieved transmitter and carcass,
Neophron percnopterus,Released Egyptian Vultures in Italy,italy,Italy / Balkans,Y,Carmen,9/7/15 0:01,12/26/15 0:01,10/17/15 0:00,3,110,3.666666667,6.666666667,juvenile,48500501963,Carmen_48500501963,confirmed dead,dead,fall migration,confirmed dead,terminated over water,unknown,Italy,Italy,F,juv,juvenile,Y,N,111,39.106233,16.891899,31.709233,25.805033,y,stopped at sea,looks to have died at see and tx floated long after
Neophron percnopterus,ISPRA,italy,Italy / Balkans,Y,Clara_IHC,8/16/18 9:30,9/8/18 6:00,9/8/18 6:00,2,22.85444444,0.761814815,2.761814815,juvenile,B05AF11F,Clara_IHC_B05AF11F,confirmed dead,dead,fall migration,confirmed dead,carcass found,shot / persecuted,Italy,Italy,F,juv,juvenile,Y,N,24,40.64519,16.6618667,37.7127983,12.6724333,y,retrieved transmitter and carcass,X rays revealed many gunshot in the carcass
Neophron percnopterus,Released Egyptian Vultures in Italy,italy,Italy / Balkans,Y,Karel,9/8/15 12:12,10/20/15 8:00,10/20/15 8:00,3,41.82449074,1.394149691,4.394149691,juvenile,119158,Karel_119158,likely dead,dead,fall migration,likely transmitter failure,inferred from transmissions,unknown,Italy,Italy,M,juv,juvenile,Y,N,42,38.997,16.881,36.75667,15.063,y,"stopped at sea, but near shore, so not confirmed mortality",NA
Neophron percnopterus,Released Egyptian Vultures in Italy,italy,Italy / Balkans,Y,Sara,8/26/15 20:00,5/30/19 4:00,5/30/19 4:00,3,1372.333333,45.74444443,48.74444443,immature,23306,Sara_23306,alive,alive,NA,alive,active,NA,Italy,Niger,F,juv,juvenile,Y,N,1372,39.9165,18.3045,40.6455,16.641,y,still transmitting,NA
Neophron percnopterus,Released Egyptian Vultures in Italy,italy,Italy / Balkans,Y,Tobia,9/7/15 0:01,5/30/19 5:00,5/30/19 5:00,3,1361.207639,45.37358797,48.37358797,immature,48500501945,Tobia_48500501945,alive,alive,NA,alive,active,NA,Italy,Mali,M,juv,juvenile,Y,N,1349,39.1062,16.891899,37.492649,14.568049,y,still transmitting,NA
Neophron percnopterus,Egyptian Vulture Reintroduction Israel,middle east,Caucasus / Middle East,Y,00 White 2013,4/4/14 5:00,5/30/19 5:10,5/30/19 5:10,11,1882.007222,62.73357407,73.73357407,adult,3515,00 White 2013_3515,alive,alive,NA,alive,active,NA,Israel,Syrian Arab Republic,unknown,312,immature,Y,N,1764,32.752136,35.0134302,34.4206595,38.2444062,y,still transmitting,Age units are days
Neophron percnopterus,Egyptian Vulture Reintroduction Israel,middle east,Caucasus / Middle East,Y,18 White,4/22/14 4:00,4/27/14 4:00,4/27/14 4:00,11,5,0.166666667,11.16666667,juvenile,3516,18 White_3516,unknown,unknown,breeding,unknown,unknown,NA,Israel,Israel,unknown,302,immature,Y,N,6,32.7534508,35.0138107,32.7645128,35.0122282,y,"Very few fixes. Last location hostile and with good GSM cover, no data for a long period",Age units are days
Neophron percnopterus,Egyptian Vulture Reintroduction Israel,middle east,Caucasus / Middle East,Y,19 White,4/22/14 4:00,8/27/14 4:00,8/26/14 0:00,10,127,4.233333333,14.23333333,juvenile,3517,19 White_3517,likely dead,dead,fall migration,likely dead,inferred from transmissions,NA,Israel,Saudi Arabia,unknown,297,juv,Y,N,126,32.7534673,35.0137975,18.1764597,42.0374481,y,Same location for 4 months,Age units are days
Neophron percnopterus,Egyptian Vulture Reintroduction Israel,middle east,Caucasus / Middle East,Y,A02 Green 2013,4/4/14 5:00,4/24/17 5:00,4/24/17 5:00,10,1116,37.2,47.2,immature,3514,A02 Green 2013_3514,unknown,unknown,breeding,unknown,unknown,NA,Israel,Israel,unknown,298,juv,Y,N,1117,32.7520933,35.0134463,32.7527297,35.0125028,y,"Last location very hostile, no data for a long period",Age units are days
Neophron percnopterus,Egyptian Vulture Reintroduction Israel,middle east,Caucasus / Middle East,Y,A17 Green,4/16/17 0:05,7/4/17 0:06,7/4/17 0:06,23,79.00068287,2.633356096,25.6333561,immature,17113,A17 Green_17113,confirmed dead,dead,breeding,confirmed dead,transmitter recovered,Hit a train when feeding on a dead boer,Israel,Israel,unknown,663,immature,Y,N,80,32.55931854,34.93855286,32.5566864,34.93691635,y,Found,Age units are days
Neophron percnopterus,Egyptian Vulture Reintroduction Israel,middle east,Caucasus / Middle East,Y,A25 Green,12/13/17 0:05,4/22/18 2:37,4/22/18 2:37,21,130.1057292,4.33685764,25.33685764,immature,171087,A25 Green_171087,unknown,unknown,breeding,unknown,unknown,NA,Israel,Israel,unknown,582,immature,Y,N,131,32.75230026,35.01338959,32.75218964,35.0135231,y,"Last location very hostile, no data for a long period",Age units are days
Neophron percnopterus,Egyptian Vulture Reintroduction Israel,middle east,Caucasus / Middle East,Y,A26 Green,12/13/17 4:06,5/30/19 2:17,5/30/19 2:17,7,532.9246412,17.76415471,24.76415471,immature,171080,A26 Green_171080,alive,alive,NA,alive,active,NA,Israel,Egypt,unknown,208,juv,Y,N,356,32.75217819,35.01340485,29.94383049,33.7244606,y,still transmitting,Age units are days
Neophron percnopterus,Egyptian Vulture Reintroduction Israel,middle east,Caucasus / Middle East,Y,A46 Green,4/16/17 0:05,5/11/18 1:40,5/11/18 1:40,24,390.0661458,13.00220486,37.00220486,immature,17112,A46 Green_17112,confirmed dead,dead,breeding,confirmed dead,transmitter recovered,Electrocuted,Israel,Turkey,unknown,691,immature,Y,N,391,32.55895233,34.93920135,37.73614502,41.33025742,y,Found,Age units are days
Neophron percnopterus,Egyptian Vulture Reintroduction Israel,middle east,Caucasus / Middle East,Y,A47 Green,12/13/17 4:05,8/24/18 2:32,8/24/18 2:32,7,253.9352546,8.464508487,15.46450849,juvenile,171082,A47 Green_171082,unknown,unknown,fall migration,unknown,unknown,NA,Israel,Yemen,unknown,182,juv,Y,N,255,32.7522583,35.01337051,13.0051918,43.67879105,y,"Stopped transmitting on route to a potential no-GSM cover area, did not return after first migration, might return next year",Age units are days
Neophron percnopterus,Egyptian Vulture wild-birds Israel,middle east,Caucasus / Middle East,Y,Amud H08 Blue,8/20/18 14:46,5/30/19 2:03,5/30/19 2:03,54,282.4706944,9.415689813,63.41568981,adult,180318,Amud H08 Blue_180318,alive,alive,NA,alive,active,NA,Israel,Israel,unknown,ad,adult,N,Y,284,32.88889694,35.49689102,32.9209938,35.5478096,y,still transmitting,"Found not flying, treated for a week at the Is Israel Wildlife Hospital and released. Migrated 2018 and returned to the same area in 2019, seen in a nest with two chicks."
Neophron percnopterus,Egyptian Vulture Reintroduction Israel,middle east,Caucasus / Middle East,Y,C39 Blue,4/16/17 0:05,7/23/18 2:20,7/23/18 2:20,24,463.0940509,15.43646836,39.43646836,immature,17111,C39 Blue_17111,confirmed dead,dead,breeding,confirmed dead,transmitter recovered,Hit a train when feeding on a dead boer,Israel,Israel,unknown,701,immature,Y,N,464,32.55890274,34.93943405,32.55898666,34.93889236,y,Found,Age units are days
Neophron percnopterus,Egyptian Vulture Reintroduction Israel,middle east,Caucasus / Middle East,Y,EV10,7/15/17 0:05,8/22/17 0:07,8/22/17 0:07,8,38.00115741,1.266705247,9.266705247,juvenile,17113,EV10_17113,confirmed transmitter failure,transmitter failure,fall migration,confirmed transmitter failure,resighted / recaptured,NA,Israel,Sudan,unknown,224,juv,Y,N,39,32.4717865,34.98392487,18.05933762,31.1617775,y,bird resighted,"Age units are days, transmitter stopped working, bird seen alive summer 2019"
Neophron percnopterus,Egyptian Vulture Reintroduction Israel,middle east,Caucasus / Middle East,Y,H42 Blue,12/13/18 15:05,1/13/19 3:55,1/13/19 3:55,6,30.53461806,1.017820602,7.017820602,juvenile,180323,H42 Blue_180323,likely dead,dead,breeding,likely dead,inferred from transmissions,NA,Israel,Saudi Arabia,unknown,171,juv,Y,N,32,32.75046158,35.01750183,30.20084763,38.76715088,y,"Same location for a long period, was searched for 4 months after disapearnace with nothing found",Age units are days
Neophron percnopterus,Egyptian Vulture Reintroduction Israel,middle east,Caucasus / Middle East,Y,H42 Green,12/13/17 4:06,5/30/19 2:08,5/30/19 2:08,20,532.9183218,17.76394406,37.76394406,immature,171086,H42 Green_171086,alive,alive,NA,alive,active,NA,Israel,Palestine,unknown,570,immature,Y,N,427,32.75216293,35.01342392,31.48824501,35.31668472,y,still transmitting,Age units are days
Neophron percnopterus,Egyptian Vulture Reintroduction Israel,middle east,Caucasus / Middle East,Y,H50 Green,12/13/17 4:06,8/8/18 2:43,8/8/18 2:43,7,237.9425,7.931416667,14.93141667,juvenile,171084,H50 Green_171084,confirmed dead,dead,fall migration,confirmed dead,transmitter recovered,"Found in a drinking pool, possibly drowned after exhaustion",Israel,Egypt,unknown,207,juv,Y,N,239,32.75217056,35.01344299,28.13488197,34.36839676,y,Found,Age units are days
Neophron percnopterus,Egyptian Vulture Reintroduction Israel,middle east,Caucasus / Middle East,Y,H54 Green,12/22/18 4:09,5/20/19 5:29,5/20/19 5:29,20,149.0554282,4.968514273,24.96851427,immature,180324,H54 Green_180324,unknown,unknown,breeding,unknown,unknown,NA,Israel,Syrian Arab Republic,unknown,551,immature,Y,N,147,32.75208282,35.01375961,36.32237244,40.25368881,y,"Last location hostile but with very poor GSM cover, no data for a long period",Age units are days
Neophron percnopterus,Egyptian Vulture Reintroduction Israel,middle east,Caucasus / Middle East,Y,H57 Green,12/23/18 4:10,4/4/19 6:17,4/4/19 6:17,19,102.0884838,3.40294946,22.40294946,immature,180325,H57 Green_180325,confirmed dead,dead,spring migration,confirmed dead,transmitter recovered,Electrocuted,Israel,Turkey,unknown,549,immature,Y,N,98,32.75209427,35.01347733,37.7419548,36.8273735,y,Found,Age units are days
Neophron percnopterus,Egyptian Vulture Reintroduction Israel,middle east,Caucasus / Middle East,Y,H60 Blue,12/13/17 5:22,5/30/19 1:33,5/30/19 1:33,19,532.8411921,17.76137307,36.76137307,immature,16124,H60 Blue_16124,alive,alive,NA,alive,active,NA,Israel,Syrian Arab Republic,unknown,550,immature,Y,N,360,32.75217819,35.01341629,33.0796051,35.67793655,y,still transmitting,Age units are days
Neophron percnopterus,Egyptian Vulture Reintroduction Israel,middle east,Caucasus / Middle East,Y,H70 Green,12/22/18 4:10,5/30/19 1:19,5/30/19 1:19,19,158.8810069,5.296033563,24.29603356,immature,180326,H70 Green_180326,alive,alive,NA,alive,active,NA,Israel,Turkey,unknown,543,immature,Y,N,156,32.75210953,35.0135231,39.93067551,40.65314484,y,still transmitting,Age units are days
Neophron percnopterus,Egyptian Vulture Reintroduction Israel,middle east,Caucasus / Middle East,Y,H73 Blue,12/24/18 4:10,3/29/19 3:02,3/29/19 3:02,20,94.95304398,3.165101466,23.16510147,immature,180327,H73 Blue_180327,confirmed dead,dead,breeding,confirmed dead,transmitter recovered,"Unknown, awaiting details from Turkish authorities",Israel,Turkey,unknown,577,immature,Y,N,96,32.75222015,35.01353073,37.01908875,35.53696823,y,found,Age units are days
Neophron percnopterus,Egyptian Vulture Reintroduction Israel,middle east,Caucasus / Middle East,Y,H81 Green,10/25/17 9:12,5/30/19 1:53,5/30/19 1:53,6,581.6948032,19.38982677,25.38982677,immature,171081,H81 Green_171081,unknown,unknown,spring migration,unknown,unknown,NA,Israel,Turkey,unknown,155,juv,Y,N,511,32.753479,35.01400375,36.94350815,34.68184662,y,"Last location hostile but with very poor GSM cover, no data for a long period",Age units are days
Neophron percnopterus,Egyptian Vulture Reintroduction Israel,middle east,Caucasus / Middle East,Y,H92 Green,12/23/18 4:10,3/18/19 3:22,3/18/19 3:22,8,84.96701389,2.832233796,10.8322338,juvenile,180320,H92 Green_180320,confirmed transmitter failure,transmitter failure,breeding,confirmed transmitter failure,resighted / recaptured,NA,Israel,Israel,unknown,223,juv,Y,N,73,32.7522316,35.01348495,32.75212097,35.01334763,y,"transmission ceased abruptly, bird seen alive later","Age units are days, transmitter fell, seen alive March 2019"
Neophron percnopterus,Egyptian Vulture Reintroduction Israel,middle east,Caucasus / Middle East,Y,H94 Blue,12/13/17 4:06,5/17/19 2:07,5/17/19 2:07,19,519.9177315,17.33059105,36.33059105,immature,171085,H94 Blue_171085,confirmed dead,dead,breeding,confirmed dead,transmitter recovered,Electrocuted,Israel,Turkey,unknown,545,immature,Y,N,521,32.75212479,35.01343918,36.40061188,33.67343903,y,Found,Age units are days
Neophron percnopterus,Egyptian Vulture Reintroduction Israel,middle east,Caucasus / Middle East,Y,R0,4/5/16 2:36,10/1/16 4:05,10/1/16 4:05,10,179.0618403,5.96872801,15.96872801,juvenile,16013,R0_16013,unknown,unknown,fall migration,unknown,unknown,NA,Israel,Egypt,unknown,299,juv,Y,N,179,32.55883789,34.93921661,29.45985413,33.30299377,y,Last location in a house,Age units are days
Neophron percnopterus,Egyptian Vulture Reintroduction Israel,middle east,Caucasus / Middle East,Y,R1,4/5/16 2:40,5/4/18 6:40,5/4/18 6:40,11,759.1668981,25.30556327,36.30556327,immature,16012,R1_16012,unknown,unknown,non-breeding,unknown,unknown,NA,Israel,Sudan,unknown,324,immature,Y,N,639,32.55897522,34.93922043,14.22767544,24.59109688,y,unknown,Age units are days
Neophron percnopterus,Egyptian Vulture Reintroduction Israel,middle east,Caucasus / Middle East,Y,R2,4/5/16 2:41,12/6/17 5:00,12/6/17 5:00,11,610.0966667,20.33655556,31.33655556,immature,16015,R2_16015,confirmed transmitter failure,transmitter failure,non-breeding,confirmed transmitter failure,resighted / recaptured,NA,Israel,Sudan,unknown,305,immature,Y,N,386,32.55886841,34.93929672,11.31221867,26.67757416,y,still transmitting,"Age units are days, transmitter fell, seen alive June 2019"
Neophron percnopterus,Egyptian Vulture Reintroduction Israel,middle east,Caucasus / Middle East,Y,R3,4/5/16 2:41,4/14/16 2:49,4/14/16 2:49,10,9.005555556,0.300185185,10.30018519,juvenile,16011,R3_16011,confirmed dead,dead,breeding,confirmed dead,transmitter recovered,Probably snake bite,Israel,Israel,unknown,293,juv,Y,N,10,32.56093979,34.93896103,32.55176544,34.95930481,y,Found,Age units are days
Neophron percnopterus,Egyptian Vulture Reintroduction Israel,middle east,Caucasus / Middle East,Y,R4,4/5/16 2:40,5/25/16 1:52,5/25/16 1:52,10,49.96659722,1.665553241,11.66555324,juvenile,16014,R4_16014,unknown,unknown,breeding,unknown,unknown,NA,Israel,Turkey,unknown,292,juv,Y,N,51,32.55524826,34.93397522,36.21194458,36.59433746,y,"Last location hostile, no data for a long period",Age units are days
Neophron percnopterus,Egyptian Vulture wild-birds Israel,middle east,Caucasus / Middle East,Y,Tlalim C48 Blue,3/18/19 11:30,5/30/19 2:11,5/30/19 2:11,54,72.61133102,2.420377701,56.4203777,adult,171405,Tlalim C48 Blue_171405,alive,alive,NA,alive,active,NA,Israel,Israel,unknown,ad,adult,N,Y,74,30.8218708,34.83675003,31.01068306,34.88015747,y,still transmitting,"Found (probably) posioned, treated for a week at the Is Israel Wildlife Hospital and released."
Neophron percnopterus,Egyptian Vulture Reintroduction Israel,middle east,Caucasus / Middle East,Y,White 08,3/15/13 15:32,8/19/13 3:22,8/16/13 0:00,14,156.4932755,5.216442517,19.21644252,immature,119246,White 08_119246,confirmed dead,dead,breeding,confirmed dead,transmitter recovered,Killed by Bonnelie's eagle,Israel,Israel,unknown,392,immature,Y,N,158,32.85542,33.88082,32.79932,35.16793,y,Found,Age units are days
Neophron percnopterus,Egyptian Vulture Reintroduction Israel,middle east,Caucasus / Middle East,Y,White 12,3/13/13 13:00,8/31/15 8:00,8/30/15 0:00,13,900.7916667,30.02638889,43.02638889,immature,119245,White 12_119245,confirmed dead,dead,fall migration,confirmed dead,transmitter recovered,NA,Israel,Egypt,unknown,370,immature,Y,N,902,32.75817,35.008,26.80067,34.04067,y,Found,Age units are days
Neophron percnopterus,Egyptian Vulture Reintroduction Israel,middle east,Caucasus / Middle East,Y,X34 Blue,4/16/17 3:34,8/25/18 3:30,8/25/18 3:30,22,495.9977431,16.5332581,38.5332581,immature,16126,X34 Blue_16126,unknown,unknown,fall migration,unknown,unknown,NA,Israel,Saudi Arabia,unknown,660,immature,Y,N,496,32.55898666,34.93927383,19.09997559,41.41659164,y,"Stopped transmitting on route to a potential no-GSM cover area, did not return after migration, might return next year",Age units are days
Neophron percnopterus,Egyptian Vulture Reintroduction Israel,middle east,Caucasus / Middle East,Y,X86 Blue,12/24/18 4:11,1/3/19 4:14,1/3/19 4:14,8,10.00262731,0.33342091,8.33342091,juvenile,180321,X86 Blue_180321,confirmed dead,dead,breeding,confirmed dead,transmitter recovered,Electrocuted,Israel,Israel,unknown,219,juv,Y,N,11,32.75218201,35.01345825,32.69799423,34.99830246,y,Found,Age units are days
Neophron percnopterus,Egyptian Vulture Reintroduction Israel,middle east,Caucasus / Middle East,Y,Yellow 04,11/14/13 6:00,4/29/15 0:20,4/29/15 0:20,10,530.7642593,17.69214198,27.69214198,immature,119246,Yellow 04_119246,unknown,unknown,breeding,unknown,unknown,NA,Israel,Israel,unknown,297,juv,Y,N,532,32.75283,35.0115,32.7568,35.00227,y,transmission ceased abruptly in a very good GSM cover area,Age units are days
Neophron percnopterus,Egyptian Vulture wild-birds Israel,middle east,Caucasus / Middle East,Y,Gamla 2018 H36 Green,7/11/18 13:14,11/8/18 5:44,11/8/18 5:44,1,119.6876968,3.989589893,4.989589893,juvenile,180319,Gamla 2018 H36 Green_180319,unknown,unknown,breeding,unknown,unknown,NA,Syrian Arab Republic,Sudan,unknown,juv,juvenile,N,N,73,32.89871979,35.76559448,10.14315987,29.12295341,y,transmission ceased in a no-GSM wintering area,Tagged in the nest
Neophron percnopterus,Egyptian Vulture wild-birds Israel,middle east,Caucasus / Middle East,Y,Gamla 2018 J4107,7/11/18 12:04,5/29/19 5:08,5/29/19 5:08,1,321.7116551,10.72372184,11.72372184,juvenile,180322,Gamla 2018 J4107_180322,alive,alive,NA,alive,active,NA,Syrian Arab Republic,Chad,unknown,juv,juvenile,N,N,302,32.89861298,35.76422882,15.66723537,23.67345619,y,still transmitting,Tagged in the nest
Neophron percnopterus,Neophron percnopterus Bulgaria/Greece,unknown,Caucasus / Middle East,Y,Ardi,1/24/19 14:29,2/10/19 1:13,2/10/19 0:00,54,125.4472569,4.18157523,58.18157523,adult,182265,Ardi_182265,likely dead,dead,non-breeding,likely dead,inferred from transmissions,NA,Ethiopia,Saudi Arabia,unknown,ad,adult,N,N,127,11.79798126,41.05654526,20.23863792,43.19859695,y,static transmissions for 1 month,"tagged in Horn of Africa. Population determination based on where they migrated to. For birds that did not migrate, left as HoA"
Neophron percnopterus,Egyptian vulture in France (grands Causses-Baronnies),western europe,Western Europe,Y,Baronnies_2019_Imm_wild_OR181635_5T,4/1/19 17:25,5/30/19 3:36,5/30/19 3:36,22,58.42417824,1.947472608,23.94747261,immature,181635,Baronnies_2019_Imm_wild_OR181635_5T_181635,alive,alive,NA,alive,active,NA,France,France,unknown,2nd yr,immature,N,Y,60,44.43438339,5.322945118,43.85716248,5.932906628,y,still transmitting,"born wild, found weakened in Baronnies in autumn 2018. kept in rehabilitation whole winter. released in Baronnies in April 2019"
Neophron percnopterus,Egyptian vulture in France (grands Causses-Baronnies),western europe,Western Europe,Y,Causses_2018_Imm_wild_OR171075_4X,4/5/18 12:00,5/30/19 3:33,5/30/19 3:33,22,419.6479167,13.98826389,35.98826389,immature,171075,Causses_2018_Imm_wild_OR171075_4X_171075,alive,alive,NA,alive,active,NA,France,Spain,unknown,2nd yr,immature,N,Y,421,44.20375443,3.255665064,36.43340302,-5.97423315,y,still transmitting,"born wild in Gorges de la Dourbie, found weakened in Sept 2017. released in sept 2017, found again. Kept in captivity and rehabilitated the whole winter 2017-2018. released 05/04/2018. recovered again in Dourbie Canyon on 16 May 2018. "
Neophron percnopterus,Egyptian vulture Kobierzycki Gardon ,western europe,Western Europe,Y,Gardon_2016_Ad_wild_MW707 ,3/29/16 6:46,5/30/19 1:16,5/30/19 1:16,54,1156.770405,38.5590135,92.5590135,adult,707,Gardon_2016_Ad_wild_MW707 _707,alive,alive,NA,alive,active,NA,France,France,M,ad,adult,N,N,925,44.2314,4.41436,44.37482,4.43738,y,still transmitting,adult captured at breeding site in Gardon. born in 2009 in Herault and ringed in 2009.
Neophron percnopterus,Egyptian vulture Kobierzycki Pyrenees,western europe,Western Europe,Y,Ossau_2018_Ad_wild_OR17996_PC0,4/21/18 3:44,5/30/19 5:59,5/30/19 5:59,54,404.0939468,13.46979823,67.46979823,adult,17996,Ossau_2018_Ad_wild_OR17996_PC0_17996,alive,alive,NA,alive,active,NA,France,France,M,ad,adult,N,N,307,43.06973267,-0.415683329,43.06936646,-0.424849987,y,still transmitting,Adult caught in Ossau (Castet) 21/04/2018. age unknown
Neophron percnopterus,Egyptian vulture Kobierzycki Vaucluse,western europe,Western Europe,Y,Provence_2016_Ad_wild_EO5018_Salome_8P_5018,9/30/16 8:32,5/29/19 6:02,5/29/19 6:02,54,970.8956481,32.36318827,86.36318827,adult,5018,Provence_2016_Ad_wild_EO5018_Salome_8P_5018,alive,alive,NA,alive,active,NA,France,France,F,ad,adult,N,Y,835,43.8350705,5.3740319,43.6599439,5.0051528,y,still transmitting,errant last point? has a straight shot from Africa back to France
Neophron percnopterus,Egyptian vulture Kobierzycki Pyrenees,western europe,Western Europe,Y,Pyrenees_2015_Imm_wild_EC48601087785,6/29/15 0:00,10/28/16 0:01,10/28/16 0:01,21,487.0006944,16.23335648,37.23335648,immature,48601087785,Pyrenees_2015_Imm_wild_EC48601087785_48601087785,unknown,unknown,non-breeding,unknown,unknown,NA,France,Senegal,unknown,3rd yr,immature,N,Y,404,43.408666,-1.508783,15.982617,-15.830933,y,unknown,"born wild, found weakened in Western Pyrenees in autumn 2014. kept in rehabilitation whole winter. released in Western Pyrenees in 29/06/2015. last position in Senegal: possible death or transmitter failure"
Neophron percnopterus,LIFE_Rupis_EgyptianVultures,western europe,Western Europe,Y,NeoPer_Faia,6/13/17 8:00,5/29/19 6:00,5/29/19 6:00,54,714.9166667,23.83055556,77.83055556,adult,48505476460,NeoPer_Faia_48505476460,alive,alive,NA,alive,active,NA,Portugal,Spain,F,ad,adult,N,N,716,40.926366,-6.943999,40.962883,-6.871649,y,still transmitting,NA
Neophron percnopterus,LIFE_Rupis_EgyptianVultures,western europe,Western Europe,Y,NeoPer_Poiares,6/1/17 12:34,11/18/17 6:59,11/18/17 6:59,54,169.7673611,5.658912037,59.65891204,adult,48797733001,NeoPer_Poiares_48797733001,likely transmitter failure,transmitter failure,non-breeding,likely dead,inferred from transmissions,NA,Portugal,Mali,F,ad,adult,N,Y,171,40.898099,-6.9674,14.0555,-11.874966,y,two isolated GPS locations from April 2018 indciated the bird was close to the 2017 nest site after several months of no data_Bird never resighted so fate is unknown,Bird was found weak May29th_taken to rehab centre for 3 days treatment and released at Penedo do Durao on 3rd June. Data transmissions were erratic from winter 2017-18_two isolated GPS locations received from summer range after months of receiving no data. Bird never resighted since. Suspected transmitter failure. 
Neophron percnopterus,Egyptian vulture EB Terra Natura UA Spain,western europe,Western Europe,Y,75657,8/10/07 8:00,11/8/13 6:00,11/8/13 6:00,54,2281.916667,76.0638889,130.0638889,adult,75657,75657_75657,confirmed dead,dead,non-breeding,confirmed dead,carcass found,unknown,Spain,Mauritania,F,ad,adult,N,N,1931,40.23383,-0.61467,16.93917,-14.44367,y,unknown,NA
Neophron percnopterus,Egyptian vulture EB Terra Natura UA Spain,western europe,Western Europe,Y,75658,8/22/09 15:00,2/16/12 12:00,2/16/12 12:00,3,907.875,30.2625,33.2625,immature,75658,75658_75658,likely transmitter failure,transmitter failure,non-breeding,likely transmitter failure,inferred from transmissions,NA,Spain,Mali,F,juv,juvenile,N,N,777,40.87283,-1.78433,15.41567,-4.51267,y,increasing time between fixes,NA
Neophron percnopterus,Egyptian vulture EB Terra Natura UA Spain,western europe,Western Europe,Y,75659,7/30/09 19:00,7/26/11 12:00,7/26/11 12:00,54,725.7083333,24.19027778,78.19027778,adult,75659,75659_75659,unknown,unknown,breeding,unknown,unknown,NA,Spain,Spain,F,ad,adult,N,N,599,40.78217,-2.17733,40.8285,-1.86067,y,unknown,NA
Neophron percnopterus,Egyptian vulture EB Terra Natura UA Spain,western europe,Western Europe,Y,80419,8/14/08 6:00,4/10/11 14:00,4/10/11 14:00,54,969.3333333,32.31111111,86.31111111,adult,80419,80419_80419,likely transmitter failure,transmitter failure,breeding,likely dead,inferred from transmissions,NA,Spain,Spain,F,ad,adult,N,N,842,40.8165,-1.838,40.88983,-1.76333,y,long time between last fixesm during which bird moved significant distance,NA
Neophron percnopterus,Egyptian vulture EB Terra Natura UA Spain,western europe,Western Europe,Y,80420,7/29/09 7:00,8/16/13 10:00,8/16/13 10:00,54,1479.125,49.30416667,103.3041667,adult,80420,80420_80420,likely transmitter failure,transmitter failure,breeding,likely dead,inferred from transmissions,NA,Spain,Spain,M,ad,adult,N,N,1227,40.76933,-2.213,40.73983,-2.18417,y,increasing time between fixes,NA
Neophron percnopterus,Egyptian vulture EB Terra Natura UA Spain,western europe,Western Europe,Y,89730,7/30/09 0:00,5/14/13 0:00,5/14/13 0:00,54,1384,46.13333333,100.1333333,adult,89730,89730_89730,unknown,unknown,breeding,likely dead,unknown,NA,Spain,Spain,F,ad,adult,N,N,897,40.7375,-2.4555,40.7455,-2.448,y,unknown,NA
Neophron percnopterus,Egyptian vulture EB Terra Natura UA Spain,western europe,Western Europe,Y,89731,7/30/09 0:00,8/29/12 0:00,8/29/12 0:00,54,1126,37.53333333,91.53333333,adult,89731,89731_89731,unknown,unknown,breeding,likely dead,unknown,NA,Spain,Spain,M,ad,adult,N,N,862,40.7845,-2.20067,40.78617,-2.20033,y,unknown,NA
Neophron percnopterus,Neophron percnopterus. GREFA. Spain,western europe,Western Europe,Y,2HN,7/20/15 14:00,5/30/19 9:00,5/30/19 9:00,2,1409.791667,46.99305557,48.99305557,immature,137397,2HN_137397,alive,alive,NA,alive,active,NA,Spain,Spain,F,juv,juvenile,N,N,1353,40.46833,-3.83983,40.61617,-4.72033,y,still transmitting,NA
Neophron percnopterus,Neophron percnopterus. GREFA. Spain,western europe,Western Europe,Y,2HP,7/25/16 5:08,5/30/19 0:00,5/30/19 0:00,2,1038.786111,34.6262037,36.6262037,immature,48500703772,2HP_48500703772,alive,alive,NA,alive,active,NA,Spain,Spain,M,juv,juvenile,N,N,199,40.95475,-4.100033,41.132949,-6.149383,y,still transmitting,NA
Neophron percnopterus,Neophron percnopterus. GREFA. Spain,western europe,Western Europe,Y,95N,8/2/18 8:50,5/30/19 2:38,5/30/19 2:38,54,300.7418056,10.02472685,64.02472685,adult,181641,95N_181641,alive,alive,NA,alive,active,NA,Spain,Spain,M,ad,adult,N,N,302,41.53552246,-3.589221716,41.48222351,-3.581470013,y,still transmitting,NA
Neophron percnopterus,Neophron percnopterus. GREFA. Spain,western europe,Western Europe,Y,95P,8/6/18 5:00,5/30/19 5:00,5/30/19 5:00,3,296.9997222,9.89999074,12.89999074,juvenile,6471,95P_6471,alive,alive,NA,alive,active,NA,Spain,Senegal,M,juv,juvenile,N,N,294,41.2050675,-4.8270731,14.9075907,-16.1349876,y,still transmitting,NA
Neophron percnopterus,Neophron percnopterus. GREFA. Spain,western europe,Western Europe,Y,95R,7/26/16 5:00,1/13/18 17:00,8/1/17 0:00,2,536.4996065,17.88332022,19.88332022,immature,5019,95R_5019,likely dead,dead,non-breeding,likely dead,inferred from transmissions,NA,Spain,Mauritania,M,juv,juvenile,N,N,444,42.330439,-7.2841079,15.5335782,-8.0311031,y,static transmissions for months,"suspected mortality, same location for a long time"
Neophron percnopterus,Neophron percnopterus. GREFA. Spain,western europe,Western Europe,Y,9FC,7/20/17 5:00,9/15/17 5:00,9/15/17 5:00,2,56.99965278,1.899988426,3.899988426,juvenile,5782,9FC_5782,unknown,unknown,fall migration,unknown,unknown,NA,Spain,Morocco,F,juv,juvenile,N,N,52,40.482207,-4.1674682,32.65646,-4.6789209,y,very few fixes,NA
Neophron percnopterus,Neophron percnopterus. GREFA. Spain,western europe,Western Europe,Y,9FH,7/31/17 1:08,1/29/18 0:18,1/29/18 0:18,2,181.9651042,6.065503473,8.065503473,juvenile,370,9FH_370,unknown,unknown,non-breeding,unknown,unknown,NA,Spain,Mali,M,juv,juvenile,N,N,175,42.48747,-6.84458,13.92329,-12.05638,y,unknown,NA
Neophron percnopterus,Neophron percnopterus. GREFA. Spain,western europe,Western Europe,Y,9FJ,7/21/17 5:00,1/26/18 5:00,1/26/18 5:00,2,189,6.3,8.3,juvenile,5783,9FJ_5783,unknown,unknown,non-breeding,unknown,unknown,NA,Spain,Mali,F,juv,juvenile,N,N,190,42.3284003,-7.2847455,15.3682485,-4.459704,y,unknown,NA
Neophron percnopterus,Egyptian vulture (Neophron percnopterus) in Arribes del Duero (Salamanca) - SALORO,western europe,Western Europe,Y,BatuecasA,6/15/17 14:48,5/30/19 4:56,5/30/19 4:56,24,713.5889468,23.78629823,47.78629823,immature,17020,BatuecasA_17020,alive,alive,NA,alive,active,NA,Spain,Spain,M,3rd yr,immature,N,N,715,41.05353546,-6.663703442,41.06195831,-6.769111633,y,still transmitting,NA
Neophron percnopterus,Egyptian vulture (Neophron percnopterus) in Arribes del Duero (Salamanca) - SALORO,western europe,Western Europe,Y,Camaces,7/31/17 12:29,9/11/17 2:12,9/11/17 2:12,1,41.57116898,1.385705633,2.385705633,juvenile,17017,Camaces_17017,unknown,unknown,fall migration,unknown,unknown,NA,Spain,Morocco,F,juv,juvenile,N,N,26,41.00911331,-6.743571758,34.08429718,-5.792381763,y,unknown,The animal was in a very bad body condition when it was marked. Surely this prevented him from surviving the conditions of the migratory trip when crossing the desert. The team responsible for marking has always ruled out any relationship with that power line.
Neophron percnopterus,_Egyptian Vulture in Spain - Migra Program in Spain,western europe,Western Europe,Y,Guipuzcoa 01-Zuri-5533,7/17/17 8:15,11/27/17 4:00,11/27/17 4:00,1,132.8231019,4.42743673,5.42743673,juvenile,5533,Guipuzcoa 01-Zuri-5533_5533,confirmed dead,dead,non-breeding,confirmed dead,transmitter recovered,unknown,Spain,Mauritania,F,juv,juvenile,N,N,134,43.16938,-2.123876,16.30394,-13.21682,y,"11-28-2017 it begins to appear apparently static 2 km north of Djivol in Mauritania. 12-12-2017 remains of the bird and trasnmiter are found by a local head of the area, notified by Mané. We recovered the device. Cause of death unknown",NA
Neophron percnopterus,_Egyptian Vulture in Spain - Migra Program in Spain,western europe,Western Europe,Y,Guipuzcoa 02-Endoia-5534,7/17/17 13:25,9/7/17 4:00,9/7/17 4:00,1,51.60783565,1.720261188,2.720261188,juvenile,5534,Guipuzcoa 02-Endoia-5534_5534,likely transmitter failure,transmitter failure,fall migration,likely transmitter failure,inferred from transmissions,NA,Spain,Spain,M,juv,juvenile,N,N,53,43.19792,-2.277571,36.33941,-5.968527,y,long time between last fixesm during which bird moved significant distance,NA
Neophron percnopterus,_Egyptian Vulture in Spain - Migra Program in Spain,western europe,Western Europe,Y,Guipuzcoa 03 - Ekhi - 5533,7/19/18 16:04,5/30/19 4:00,5/30/19 4:00,1,314.4972222,10.48324074,11.48324074,juvenile,5533,Guipuzcoa 03 - Ekhi - 5533_5533,alive,alive,NA,alive,active,NA,Spain,Mauritania,unknown,juv,juvenile,N,N,311,42.96061,-2.360367,16.89298,-12.39253,y,still transmitting,NA
Neophron percnopterus,Egyptian vulture (Neophron percnopterus) in Arribes del Duero (Salamanca) - SALORO,western europe,Western Europe,Y,Huebra,6/15/17 14:57,4/16/19 4:48,4/16/19 4:48,24,669.5768056,22.31922685,46.31922685,immature,17021,Huebra_17021,confirmed transmitter failure,transmitter failure,breeding,confirmed transmitter failure,resighted / recaptured,NA,Spain,Spain,M,3rd yr,immature,N,N,655,41.05710983,-6.660486698,41.02622986,-6.678959846,y,resighted?,NA
Neophron percnopterus,_Egyptian Vulture in Spain - Migra Program in Spain,western europe,Western Europe,Y,La Rioja 01-Brieva-4404,7/20/16 8:45,3/31/17 11:45,3/31/17 11:45,1,254.1249653,8.470832177,9.470832177,juvenile,4404,La Rioja 01-Brieva-4404_4404,unknown,unknown,breeding,unknown,unknown,NA,Spain,Mauritania,M,juv,juvenile,N,N,209,42.16987,-2.769862,16.96502,-11.03883,y,transmitter ceased abruptly while bird was moving,NA
Neophron percnopterus,_Egyptian Vulture in Spain - Migra Program in Spain,western europe,Western Europe,Y,La Rioja 02-Quel-4405,7/20/16 8:45,1/1/18 6:31,1/1/18 6:31,1,529.9072569,17.66357523,18.66357523,immature,4405,La Rioja 02-Quel-4405_4405,unknown,unknown,non-breeding,unknown,unknown,NA,Spain,Mauritania,M,juv,juvenile,N,N,459,42.16989,-2.769875,17.2961,-14.94369,y,transmitter ceased abruptly while bird was moving,little movement for last 6 months
Neophron percnopterus,_Egyptian Vulture in Spain - Migra Program in Spain,western europe,Western Europe,Y,La Rioja 03 - Lidia -REKI38,7/20/18 6:00,5/30/19 6:00,5/30/19 6:00,1,314,10.46666667,11.46666667,juvenile,48797732417,La Rioja 03 - Lidia -REKI38_48797732417,alive,alive,NA,alive,active,NA,Spain,Senegal,unknown,juv,juvenile,N,N,305,42.88157,-2.632999,14.99103,-15.7048,y,still active,NA
Neophron percnopterus,LIFE_Rupis_EgyptianVultures,western europe,Western Europe,Y,NeoPer_Bruco,7/20/17 6:00,1/4/18 6:00,1/4/18 6:00,37,168,5.6,42.6,immature,48505470927,NeoPer_Bruco_48505470927,unknown,unknown,non-breeding,likely dead,unknown,NA,Spain,Mali,M,4th yr,immature,N,N,164,41.195016,-6.680866,13.897483,-9.689316,y,unknown,Fate unknown - data stopped transmitting in south-central Mali
Neophron percnopterus,LIFE_Rupis_EgyptianVultures,western europe,Western Europe,Y,NeoPer_Douro,6/13/17 6:00,5/10/19 6:01,5/10/19 6:01,54,696.0006944,23.20002315,77.20002315,adult,48797733050,NeoPer_Douro_48797733050,confirmed transmitter failure,transmitter failure,breeding,confirmed transmitter failure,resighted / recaptured,NA,Spain,Spain,M,ad,adult,N,N,689,40.9598,-6.833833,41.00625,-6.436266,y,Transmitter detached due to harness failure_Bird was seen incubating at nest several days later identified by colour ring,Transmitter confirmed detached on 7th May 2019_Bird resighted a couple of days later incubating alive and well https://www.4vultures.org/2019/05/28/the-mystery-of-egyptian-vulture-douro-s-lost-gps-transmitter/
Neophron percnopterus,LIFE_Rupis_EgyptianVultures,western europe,Western Europe,Y,NeoPer_Rupis,7/15/16 6:00,5/30/19 5:59,5/30/19 5:59,25,1048.999306,34.96664353,59.96664353,adult,48511694900,NeoPer_Rupis_48511694900,alive,alive,NA,alive,active,NA,Spain,Spain,unknown,3rd yr,immature,N,N,1004,41.477116,-6.270032,41.447649,-6.339049,y,still transmitting,NA