species,study.name,population,id,tag,id.tag,migrant,start.country,end.country,sex,age.at.deployment,age.at.deployment.clean,age.at.deployment.month,captive.raised,rehabilitated,fate,how.fate.determined.clean,cause.of.death,n.locs,start.date,end.date,start.lat,end.lat,start.long,end.long,deployment.duration,data.owner.proofed,mean.GPS.dist.last10fixes.degrees,mean.GPS.dist.last10fixes.meters,mean.GPS.fixrate.last10fixes.days,mean.battery.charge.percent.last10fixes,how.fate.determined,comments
Cathartes aura,Turkey Vulture Acopian Center USA GPS,north america - eastern,Butterball,42500,Butterball_42500,Y,United States,United States,unknown,ad,adult,54,N,N,confirmed transmitter failure,resighted / recaptured,NA,147,11/5/03 15:00,4/18/04 0:00,40.6375,40.65883,-76.01933,-75.92783,164.375,y,0.016315,1813.063544,1.0125,NA,"bird recaptured and transmitter removed to put on another bird -- bird in good condition. Will classify as ""transmitter failur""",why was this bird recaptured? Would it have died in the wild?
Cathartes aura,Turkey Vulture Acopian Center USA GPS,north america - eastern,Irma,52067,Irma_52067,N,United States,United States,unknown,ad,adult,54,N,N,unknown,unknown,NA,2645,9/6/04 17:00,9/23/15 14:00,40.778,40.61417,-75.28533,-75.184,4033.875,y,0.063403,7045.880922,1.129166667,NA,transmitter was 11 years old,NA
Cathartes aura,Turkey Vulture Acopian Center USA GPS,north america - eastern,Schaumboch,42500,Schaumboch_42500,Y,United States,United States,unknown,ad,adult,54,N,N,unknown,unknown,NA,431,9/14/04 14:00,5/4/06 13:00,40.83283,41.36,-75.02,-73.58166667,596.9583333,y,0.033552,3728.589437,2.191666667,NA,unknown,NA
Cathartes aura,Turkey Vulture Acopian Center USA GPS,north america - eastern,Disney,52069,Disney_52069,Y,United States,United States,unknown,ad,adult,54,N,N,unknown,unknown,NA,2487,9/19/04 21:00,10/17/11 0:00,40.3605,38.64267,-75.71683,-79.349,2583.125,y,0.023580,2620.414354,1,NA,unknown,NA
Cathartes aura,Turkey Vulture Acopian Center USA GPS,north america - central ,Sill,57952,Sill_57952,Y,Canada,United States,unknown,ad,adult,54,N,N,unknown,unknown,exploded ordinance,134,6/19/05 17:00,10/30/05 0:00,51.59016667,34.81666667,-106.398,-98.74333333,132.2916667,y,0.737397,81945.458706,1,NA,unknown,last location on army base where ordinance had exploded
Cathartes aura,Turkey Vulture Acopian Center USA GPS,north america - central ,Blizzard,57953,Blizzard_57953,Y,Canada,United States,unknown,ad,adult,54,N,N,confirmed dead,transmitter recovered,collision with vehicle,107,6/22/05 16:00,10/6/05 0:00,53.03467,48.031,-106.375,-100.226,105.3333333,y,0.814354,90497.569096,1,NA,transmitter recovered,NA
Cathartes aura,Turkey Vulture Acopian Center USA GPS,north america - western,Prado,57954,Prado_57954,N,United States,United States,unknown,ad,adult,54,N,N,likely transmitter failure,inferred from transmissions,NA,1165,11/2/05 15:00,7/7/09 0:00,33.9125,33.6615,-117.6161667,-117.82783,1342.375,y,0.194294,21591.456736,5.025,NA,increasing time between fixes,NA
Cathartes aura,Turkey Vulture Acopian Center USA GPS,north america - western,Sarkis,57955,Sarkis_57955,Y,United States,Mexico,unknown,ad,adult,54,N,N,likely dead,static transmission,unknown,490,2/20/06 3:00,2/8/08 3:00,33.765,26.96567,-117.8061667,-108.593,718,y,1.803352,200402.947285,29.17083333,NA,transmission from same location over several months before ceasing,NA
Cathartes aura,Turkey Vulture Acopian Center USA GPS,north america - western,Morongo,57957,Morongo_57957,Y,United States,United States,unknown,ad,adult,54,N,N,confirmed dead,transmitter recovered,collision with vehicle,1132,3/18/06 23:00,5/26/09 2:00,34.0485,43.43183,-116.5696667,-123.31617,1164.125,y,0.000204,22.620771,1.608333333,NA,transmitter recovered,tagged on migration
Cathartes aura,Turkey Vulture Acopian Center USA GPS,north america - western,Rosalie,57956,Rosalie_57956,Y,United States,United States,unknown,ad,adult,54,N,N,unknown,unknown,NA,1453,3/19/06 0:00,3/27/10 6:00,34.05166667,44.163,-116.5726667,-123.301,1469.25,y,1.295540,143970.738338,1,NA,unknown,tagged on migration
Cathartes aura,Turkey Vulture Acopian Center USA GPS,north america - central ,Duck Lake,57953,Duck Lake_57953,Y,Canada,Canada,unknown,ad,adult,54,N,N,confirmed dead,transmitter recovered,collsion with powerline,129,6/21/06 20:00,10/27/06 0:00,52.69516667,49.7325,-106.1388333,-100.3618333,127.1666667,y,0.111163,12353.315419,1.054166667,NA,transmitter recovered,NA
Cathartes aura,Vulture Movements,north america - eastern,LEH_TV,68351,LEH_TV_68351,N,United States,NA,F,ad,adult,54,N,N,confirmed dead,carcass found,unknown,727,9/8/06 16:00,10/4/08 0:00,32.4535,32.69667,-80.71467,-80.18217,756.3333333,y,0.044661,4963.135504,1,NA,transmitter recovered from dead bird,"transmitter recovered from carcass at last location Edisto Island, SC"
Cathartes aura,Vulture Movements,north america - eastern,LEJ_TV,68352,LEJ_TV_68352,N,United States,United States,F,ad,adult,54,N,N,confirmed dead,carcass found,shot,1251,9/19/06 16:00,3/20/10 0:00,32.454,32.445,-80.70217,-80.683,1277.333333,y,0.037368,4152.642884,1,NA,transmitter recovered from dead bird,"transmitter recovered from carcass, shot by BASH at MCAS Beaufort, SC while dispersing roost on red/white checkered tower at NW edge of base"
Cathartes aura,Vulture Movements,north america - eastern,LEM_TV,68353,LEM_TV_68353,NA,United States,United States,F,ad,adult,54,N,N,confirmed dead,carcass found,suspected vehicle collision,37,9/19/06 16:00,10/25/06 10:00,32.45383,31.623,-80.70217,-81.263,35.75,y,0.244499,27170.724100,1,NA,transmitter recovered from dead bird,"transmitter recovered from carcass at last location along Hwy 252 N of Folkston, GA"
Cathartes aura,Vulture Movements,north america - eastern,LEP_TV,68354,LEP_TV_68354,N,United States,United States,F,ad,adult,54,N,N,confirmed dead,carcass found,unknown,568,9/19/06 16:00,4/20/08 18:00,32.454,33.48783,-80.70183,-79.7895,579.0833333,y,0.000048,5.334144,1.0625,NA,transmitter recovered from dead bird,"transmitter recovered from carcass at last location 13.25 miles W of Andrews, SC"
Cathartes aura,Vulture Movements,north america - eastern,LET_TV,68355,LET_TV_68355,NA,United States,NA,M,3rd yr,adult,27,N,N,confirmed dead,carcass found,unknown,35,9/19/06 17:00,10/23/06 13:00,32.45383,32.413,-80.702,-80.73733,33.83333333,y,0.018516,2057.699389,1.154166667,NA,transmitter recovered from dead bird,"transmitter retrieved from carcass in neighborhood woods, Beaufort, SC"
Cathartes aura,Vulture Movements,north america - eastern,LEV_TV,68356,LEV_TV_68356,N,United States,United States,M,ad,adult,54,N,N,confirmed dead,carcass found,suspected vehicle collision,413,9/19/06 17:00,11/17/07 0:00,32.45383,32.58017,-80.70233,-80.9285,423.2916667,y,0.020935,2326.427786,1,NA,transmitter recovered from dead bird,transmitter retrieved from carcass in woods adjacent to I-95
Cathartes aura,Vulture Movements,north america - eastern,LXE_TV,68359,LXE_TV_68359,Y,United States,United States,unknown ,3rd yr,adult,28,N,N,confirmed dead,carcass found,unknown,17,10/26/06 17:00,11/11/06 21:00,32.4535,25.478,-80.7145,-80.37283,16.16666667,y,0.497087,55240.278802,1.066666667,NA,transmitter recovered from dead bird,"found dead in fallow agriculture field SE of Homestead ARB, FL, may have been shot by FL WS BASH at HARB"
Cathartes aura,Vulture Movements,north america - eastern,LXV_TV,68360,LXV_TV_68360,NA,United States,United States,unknown ,3rd yr,adult,28,N,N,confirmed dead,carcass found,suspected electrocution,23,10/26/06 17:00,11/17/06 0:00,32.45333,32.445,-80.71483,-80.683,21.29166667,y,0.041840,4649.579962,1,NA,transmitter recovered from dead bird,"bird and transmitter recovered from underneath powerline, transformer shorted out"
Cathartes aura,Vulture Movements,north america - eastern,MEV_TV,68355,MEV_TV_68355,N,United States,United States,unknown,3rd yr,adult,22,N,N,confirmed dead,carcass found,unknown,149,4/5/07 15:00,8/31/07 9:00,32.461,32.394,-80.70883,-80.91833,147.75,y,0.069073,7675.927897,1,NA,transmitter recovered from dead bird,"bird and transmitter NOT found at last location, unknown fate of both"
Cathartes aura,Vulture Movements,north america - eastern,MEX_TV,68360,MEX_TV_68360,N,United States,United States,unknown,ad,adult,54,N,N,unknown,unknown,unknown,1247,4/5/07 15:00,9/20/10 0:00,32.461,32.44517,-80.70867,-80.68283,1263.375,y,0.071536,7949.669277,1,NA,unknown,"bird and transmitter NOT found at last location, unknown fate of both"
Cathartes aura,Vulture Movements,north america - eastern,MET_TV,68359,MET_TV_68359,N,United States,United States,unknown,ad,adult,54,N,N,confirmed dead,carcass found,unknown,559,4/5/07 16:00,10/26/08 0:00,32.46083,31.81633,-80.70867,-81.24117,569.3333333,y,0.150670,16743.650315,1,NA,transmitter recovered from dead bird,"transmitter recovered from last location, refurbished"
Cathartes aura,Turkey Vulture Acopian Center USA GPS,north america - central ,Leo,65545,Leo_65545,Y,Canada,Panama,unknown,ad,adult,54,N,N,confirmed transmitter failure,resighted / recaptured,NA,2276,6/16/07 20:00,3/22/14 2:00,53.533,8.70217,-107.5308333,-77.53633,2470.25,y,3.468031,385395.366082,7.25,NA,failed transmitter recovered from live bird,NA
Cathartes aura,Turkey Vulture Acopian Center USA GPS,north america - central ,Mac,65544,Mac_65544,Y,Canada,Costa Rica,unknown,ad,adult,54,N,N,unknown,unknown,NA,535,6/17/07 15:00,12/2/08 0:00,53.00466667,9.97067,-106.313,-83.08433,533.375,y,0.182854,20320.205980,1,NA,unknown,NA
Cathartes aura,Turkey Vulture Acopian Center USA GPS,north america - central ,Ranger,65543,Ranger_65543,Y,Canada,Mexico,unknown,ad,adult,54,N,N,unknown,unknown,NA,119,8/5/07 17:00,12/1/07 0:00,53.6255,18.139,-107.7613333,-95.988,117.2916667,y,0.558666,62083.447028,1.008333333,NA,unknown,NA
Neophron percnopterus,Egyptian vulture EB Terra Natura UA Spain,western europe,75657,75657,75657_75657,Y,Spain,Mauritania,F,ad,adult,54,N,N,confirmed dead,carcass found,unknown,1931,8/10/07 8:00,11/8/13 6:00,40.23383,16.93917,-0.61467,-14.44367,2281.916667,y,0.268540,29842.271954,1.025,NA,unknown,NA
Neophron percnopterus,Egyptian vulture EB Terra Natura UA Spain,western europe,80419,80419,80419_80419,Y,Spain,Spain,F,ad,adult,54,N,N,likely transmitter failure,inferred from transmissions,NA,842,8/14/08 6:00,4/10/11 14:00,40.8165,40.88983,-1.838,-1.76333,969.3333333,y,1.798588,199873.521401,4.666666667,NA,long time between last fixesm during which bird moved significant distance,NA
Cathartes aura,Turkey Vulture Acopian Center USA GPS,south america,Young Luro,84796,Young Luro_84796,Y,Argentina,Bolivia,unknown,ad,adult,54,N,N,likely transmitter failure,inferred from transmissions,NA,1583,3/6/09 15:57,5/6/19 16:04,-36.9007,-18.9419,-64.2368,-62.4799,3713.005475,y,2.067113,229714.119684,4.75,NA,increasing interval between transmissions,transmitter failing?
Cathartes aura,Turkey Vulture Acopian Center USA GPS,south america,Sabado,84797,Sabado_84797,Y,Argentina,Argentina,unknown,ad,adult,54,N,N,confirmed dead,transmitter recovered,unknown,38,3/7/09 15:49,4/13/09 0:00,-36.897,-30.2602,-64.2325,-63.0536,36.34097222,y,0.663057,73684.196518,1,NA,transmitter recovered,NA
Cathartes aura,Turkey Vulture Acopian Center USA GPS,north america - central ,Steamhouse 1,85753,Steamhouse 1_85753,Y,Canada,Venezuela,M,ad,adult,54,N,N,likely dead,static transmission,NA,905,5/22/09 15:25,3/17/12 21:01,52.3406,8.7276,-107.2494,-67.7973,1030.232905,y,0.000091,10.068197,2.425,NA,transmission from same location over 1month before ceasing,NA
Cathartes aura,Turkey Vulture Acopian Center USA GPS,north america - central ,Steamhouse 2,85754,Steamhouse 2_85754,Y,Canada,Venezuela,F,ad,adult,54,N,N,unknown,unknown,NA,1614,5/23/09 2:20,12/1/13 0:01,52.3406,9.0316,-107.2466,-71.4067,1652.903449,y,0.839410,93281.959259,1,NA,unknown,NA
Neophron percnopterus,Egyptian vulture EB Terra Natura UA Spain,western europe,80420,80420,80420_80420,Y,Spain,Spain,M,ad,adult,54,N,N,likely transmitter failure,inferred from transmissions,NA,1227,7/29/09 7:00,8/16/13 10:00,40.76933,40.73983,-2.213,-2.18417,1479.125,y,0.098056,10896.723605,8.516666667,NA,increasing time between fixes,NA
Neophron percnopterus,Egyptian vulture EB Terra Natura UA Spain,western europe,89730,89730,89730_89730,Y,Spain,Spain,F,ad,adult,54,N,N,unknown,unknown,NA,897,7/30/09 0:00,5/14/13 0:00,40.7375,40.7455,-2.4555,-2.448,1384,y,0.023614,2624.188905,3,NA,unknown,NA
Neophron percnopterus,Egyptian vulture EB Terra Natura UA Spain,western europe,89731,89731,89731_89731,Y,Spain,Spain,M,ad,adult,54,N,N,unknown,unknown,NA,862,7/30/09 0:00,8/29/12 0:00,40.7845,40.78617,-2.20067,-2.20033,1126,y,0.117368,13042.907659,1.8,NA,unknown,NA
Neophron percnopterus,Egyptian vulture EB Terra Natura UA Spain,western europe,75659,75659,75659_75659,Y,Spain,Spain,F,ad,adult,54,N,N,unknown,unknown,NA,599,7/30/09 19:00,7/26/11 12:00,40.78217,40.8285,-2.17733,-1.86067,725.7083333,y,0.157717,17526.740987,1.425,NA,unknown,NA
Neophron percnopterus,Egyptian vulture EB Terra Natura UA Spain,western europe,75658,75658,75658_75658,Y,Spain,Mali,F,juv,juvenile,3,N,N,likely transmitter failure,inferred from transmissions,NA,777,8/22/09 15:00,2/16/12 12:00,40.87283,15.41567,-1.78433,-4.51267,907.875,y,0.164976,18333.454669,10.025,NA,increasing time between fixes,NA
Cathartes aura,Turkey Vulture Acopian Center USA GPS,north america - eastern,Mark,85755,Mark_85755,N,United States,United States,unknown,ad,adult,54,N,N,likely dead,static transmission,unknown,1124,10/19/09 16:45,5/25/14 0:00,40.6341,40.9021,-76.0228,-75.5325,1678.302072,y,0.000241,26.786849,1.399993056,NA,transmission from same location over 30 days before ceasing,NA
Cathartes aura,Turkey Vulture Acopian Center USA GPS,north america - eastern,Mary,85756,Mary_85756,N,United States,United States,unknown,ad,adult,54,N,N,likely dead,static transmission,unknown,530,10/20/09 9:00,8/23/12 18:01,40.7809,40.792,-75.8612,-76.2446,1038.375162,y,0.000533,59.185773,10.48277778,NA,transmission from same location over several months before ceasing,NA
Neophron percnopterus,Neophron percnopterus Bulgaria/Greece,balkans,Spartacus,61952,Spartacus_61952,Y,Bulgaria,Chad,unknown,juv,juvenile,2,N,N,confirmed dead,carcass found,shot,140,8/19/10 4:00,1/14/11 5:00,41.64117,12.459,25.88117,16.24717,148.0416667,y,0.017113,1901.684012,1.008333333,NA,carcass retrieved,NA
Cathartes aura,Turkey Vulture Acopian Center USA GPS,south america,La Pampa,53797,La Pampa_53797,Y,Argentina,Brazil,unknown,ad,adult,54,N,N,likely dead,static transmission,unknown,607,2/1/11 16:58,10/1/12 0:40,-36.8985,-18.764,-64.2321,-53.3563,607.3208333,y,0.502997,55897.005943,0.997986111,NA,transmission from same location over 5 days before ceasing,NA
Cathartes aura,Turkey Vulture Acopian Center USA GPS,south america,Domingo,84797,Domingo_84797,Y,Argentina,Bolivia,unknown,ad,adult,54,N,N,likely dead,static transmission,unknown,462,2/5/11 14:20,5/29/12 0:00,-36.8453,-13.5841,-64.2324,-63.6679,478.4027778,y,0.005742,638.124647,0.987847222,NA,transmission from same location over 5 days before ceasing,NA
Cathartes aura,Turkey Vulture Acopian Center USA GPS,south america,Whitey,53798,Whitey_53798,Y,Argentina,Bolivia,unknown,ad,adult,54,N,N,alive,active,NA,2743,2/5/11 17:01,5/29/19 19:15,-36.8777,-17.4691,-64.2501,-62.553,3035.09338,y,0.105671,11743.040115,1.641748843,NA,still transmitting,NA
Cathartes aura,Turkey Vulture Acopian Center USA GPS,south america,Argentina,53800,Argentina_53800,Y,Argentina,Argentina,unknown,ad,adult,54,N,N,likely dead,static transmission,NA,2434,2/5/11 17:35,11/4/17 0:55,-36.904,-36.9144,-64.2445,-64.2402,2463.305799,y,0.002193,243.713928,1.021888889,NA,transmission from same location over 9 days before ceasing,NA
Neophron percnopterus,Neophron percnopterus Bulgaria/Greece,balkans,Macedonia,61952,Macedonia_61952,Y,The former Yugoslav Republic of Macedonia,NA,unknown,juv,juvenile,2,N,N,confirmed dead,inferred from transmissions,drowned,36,8/10/11 5:00,9/18/11 5:00,41.18317,33.55417,21.717,22.33083,39,y,1.210416,134511.157366,1,NA,ceased over sea,track ends in sea
Neophron percnopterus,Neophron percnopterus Bulgaria/Greece,balkans,Lazaros,108050,Lazaros_108050,Y,Greece,Greece,F,ad,adult,54,N,Y,confirmed dead,carcass found,poisoning,282,6/23/12 22:00,3/31/13 10:00,39.789,41.05583,21.7325,24.14917,280.5,y,2.339852,260023.090836,1.016666667,NA,carcass retrieved,Tagged after being found poisoned in Meteora; poisoned again one year later
Neophron percnopterus,Neophron percnopterus Bulgaria/Greece,balkans,Levkipos,118146,Levkipos_118146,Y,Greece,Sudan,unknown,juv,juvenile,2,N,N,likely dead,static transmission,unknown,1009,8/7/12 16:00,6/19/15 2:00,41.089,10.86567,26.13933,26.57283,1045.416667,y,0.000056,6.256506,0.994929398,NA,static transmissions for months,The bird died on 26.01.2015. Since then transmitter was sending signal from the same location
Neophron percnopterus,Neophron percnopterus Bulgaria/Greece,balkans,Ikaros,118145,Ikaros_118145,Y,Greece,NA,unknown,juv,juvenile,2,N,N,confirmed dead,inferred from transmissions,drowned,26,8/12/12 19:00,9/11/12 6:00,39.80383,33.834,21.68783,22.25767,29.45833333,y,0.831511,92404.155408,1.316666667,NA,ceased over sea,track ends in sea
Neophron percnopterus,Neophron percnopterus Bulgaria/Greece,balkans,Arda,118147,Arda_118147,Y,Bulgaria,Sudan,unknown,juv,juvenile,2,N,N,likely dead,static transmission,unknown,156,8/13/12 0:41,3/5/13 2:00,41.644,10.79567,25.878,28.50933,204.0548611,y,0.220703,24526.258536,5.4,NA,static transmissions,The bird died on 29.12.2012. Since then it is transmitting from the same location
Neophron percnopterus,Neophron percnopterus Bulgaria/Greece,balkans,Volen,118148,Volen_118148,Y,Bulgaria,Egypt,unknown,juv,juvenile,2,N,N,unknown,unknown,NA,773,8/16/12 16:00,9/28/14 4:00,43.18,28.74617,27.43567,31.9875,772.5,y,2.219519,246650.671204,1,NA,unknown,Last locations are from a roosting site in Egypt. No more locations after that. The bird might have died or the transmitter failed
Neophron percnopterus,Neophron percnopterus Bulgaria/Greece,balkans,Dobromir,118150,Dobromir_118150,Y,Bulgaria,Sudan,unknown,juv,juvenile,2,N,N,unknown,unknown,shot,1492,8/16/12 18:00,9/24/16 2:00,43.14567,14.50783,27.63883,30.302,1499.333333,y,0.583418,64834.068614,1,NA,unknown,probably killed but no evidence could be obtained. Last locations from inside a village
Neophron percnopterus,Neophron percnopterus Bulgaria/Greece,balkans,Svetlina,118152,Svetlina_118152,Y,Bulgaria,Sudan,unknown,juv,juvenile,2,N,N,likely dead,static transmission,unknown,750,8/17/12 10:00,9/5/14 1:00,41.62283,17.91383,25.8975,38.27417,748.625,y,0.000096,10.668288,1,NA,static transmission for 3 days,The bird died on 09.06.2014 and since then the transmitter is sending signal from the same location
Neophron percnopterus,"Egyptian Vulture (Neophron percnopterus), Turkey, Armenia, Ethiopia ",caucasus,Aras,118176,Aras_118176,Y,Turkey,Ethiopia,unknown,3rd yr,immature,26,N,N,unknown,unknown,NA,164,8/18/12 13:00,2/4/13 1:00,40.12183,10.1725,43.5835,40.24533,169.5,y,0.067342,7483.596000,1,NA,unknown,NA
Neophron percnopterus,"Egyptian Vulture (Neophron percnopterus), Turkey, Armenia, Ethiopia ",caucasus,Arpacay,118174,Arpacay_118174,Y,Turkey,Iraq,unknown,3rd yr,immature,26,N,N,confirmed dead,resighted / recaptured,"emaciation on migration, although potentially poisoned or collision. Not entirely sure",30,8/20/12 17:00,9/26/12 1:00,40.123,31.40283,43.60117,45.07967,36.33333333,y,0.847637,94196.245764,1.125,NA,"bird died in captivity of falconer in Iraq, transmitter recovered",NA
Neophron percnopterus,"Egyptian Vulture (Neophron percnopterus), Turkey, Armenia, Ethiopia ",caucasus,Igdir,118175,Igdir_118175,Y,Turkey,Ethiopia,unknown,ad,adult,54,N,N,confirmed dead,transmitter recovered,poisoning,874,8/22/12 5:00,3/1/15 1:00,40.12167,4.2755,43.5835,42.06417,920.8333333,y,0.157333,17484.122516,1,NA,bird / tag recovery,NA
Neophron percnopterus,Neophron percnopterus Bulgaria/Greece,balkans,Iliaz,118153,Iliaz_118153,Y,Bulgaria,Bulgaria,unknown,juv,juvenile,2,N,N,alive,active,NA,2448,8/30/12 6:00,5/30/19 12:00,41.44,41.2745,25.56833,25.19317,2464.25,y,0.045374,5042.344764,1.108333333,NA,still transmitting,NA
Neophron percnopterus,Neophron percnopterus Bulgaria/Greece,balkans,Odiseas,118149,Odiseas_118149,NA,Greece,Greece,unknown,juv,juvenile,3,N,Y,confirmed dead,carcass found,exhaustion,6,9/11/12 14:00,9/16/12 10:00,41.10467,41.09317,26.24133,26.24183,4.833333333,y,0.002700,300.042711,0.972222222,NA,carcass retrieved,Found dead near Dadia; This individual was rescued before tagging; Probable reason of death - bad physical condition
Cathartes aura,Vulture Movements,north america - eastern,ACT_TV,111943,ACT_TV_111943,N,United States,United States,F,3rd yr,adult,29,N,N,confirmed dead,carcass found,unknown,169,11/15/12 15:00,5/5/13 0:00,30.49917,30.93067,-86.53017,-86.67983,170.375,y,0.000310,34.431788,1,NA,transmitter recovered from dead bird,contacted owner of property to recover where last location was
Cathartes aura,Vulture Movements,north america - eastern,ELV_TV,121787,ELV_TV_121787,N,United States,NA,F,ad,adult,54,N,N,confirmed dead,terminated over water,unknown,91,1/31/13 15:00,5/1/13 0:00,24.573,24.52483,-81.67367,-82.02133,89.375,y,0.119573,13287.892342,1,NA,last location at water surface off FL Keys,"likely a condition known as ""fall out"", trying to head somewhere over water and becoming exhausted by head winds and dropping to water between Barracouta and Marquesas Keys"
Cathartes aura,Vulture Movements,north america - eastern,EMH_TV,121788,EMH_TV_121788,Y,United States,United States,M,ad,adult,54,N,N,confirmed dead,carcass found,unknown,759,2/1/13 16:00,11/30/16 0:00,24.57317,29.653,-81.67367,-82.28767,1397.333333,y,0.000722,80.206412,1,NA,transmitter recovered from dead bird,"transmitted statically, PA WS directed to last location to recover transmitter."
Cathartes aura,Vulture Movements,north america - eastern,HAL_TV,121789,HAL_TV_121789,N,United States,NA,F,3rd yr,adult,20,N,N,confirmed dead,carcass found,suspected electrocution,497,2/2/13 15:00,6/13/14 0:00,24.57317,24.67983,-81.67367,-81.35533,495.375,y,0.024906,2767.728409,1,NA,transmitter recovered from dead bird,bird and transmitter recovered from underneath powerline
Neophron percnopterus,Egyptian vultures in Djibouti,horn of africa,127589,127589,127589_127589,N,Djibouti,Djibouti,unknown,ad,adult,54,N,N,confirmed transmitter failure,resighted / recaptured,NA,252,3/11/13 5:56,1/31/14 1:44,11.7859,12.0148,42.8239,43.2961,325.8246412,y,0.105923,11771.040371,1.097951389,NA,"intermittent fixes, bird seen in good condition","tagged in Horn of Africa. Population determination based on where they migrated to. For birds that did not migrate, left as HoA. intermittant after 4 Mar 2014, last location 7 Jun 2018. Bird seemingly alive at that time."
Neophron percnopterus,Egyptian Vulture Reintroduction Israel,middle east,White 12,119245,White 12_119245,Y,Israel,Egypt,unknown,370,immature,13,Y,N,confirmed dead,transmitter recovered,NA,902,3/13/13 13:00,8/31/15 8:00,32.75817,26.80067,35.008,34.04067,900.7916667,y,0.749404,83279.714037,1,NA,Found,Age units are days
Neophron percnopterus,Egyptian Vulture Reintroduction Israel,middle east,White 08,119246,White 08_119246,NA,Israel,Israel,unknown,392,immature,14,Y,N,confirmed dead,transmitter recovered,Killed by Bonnelie's eagle,158,3/15/13 15:32,8/19/13 3:22,32.85542,32.79932,33.88082,35.16793,156.4932755,y,0.034366,3819.026182,1.004166667,NA,Found,Age units are days
Cathartes aura,Turkey Vulture Acopian Center USA GPS,north america - eastern,Tesla,127590,Tesla_127590,Y,United States,United States,unknown,ad,adult,54,N,N,confirmed dead,transmitter recovered,unknown,320,5/13/13 19:14,4/4/14 1:31,40.6388,37.1723,-76.0183,-77.9549,325.261875,y,1.028751,114323.039794,0.996793981,NA,transmitter recovered,NA
Cathartes aura,Turkey Vulture Acopian Center USA GPS,north america - eastern,Black Knight,120507,Black Knight_120507,Y,United States,United States,unknown,ad,adult,54,N,N,alive,active,NA,887,5/15/13 21:53,5/17/19 20:34,41.8189,41.6763,-76.4188,-75.3394,2192.945556,y,0.022135,2459.869621,4.816766204,NA,still transmitting,NA
Cathartes aura,Turkey Vulture Acopian Center USA GPS,north america - western,Julie,127777,Julie_127777,Y,United States,United States,F,ad,adult,54,N,N,alive,active,NA,2170,5/22/13 14:00,5/30/19 0:00,32.88683,32.774,-112.03733,-112.122,2198.416667,y,0.090937,10105.669384,1,NA,still transmitting,NA
Cathartes aura,Turkey Vulture Acopian Center USA GPS,north america - western,Desert_Rat,127772,Desert_Rat_127772,Y,United States,Mexico,F,ad,adult,54,N,N,likely dead,static transmission,unknown,1262,5/24/13 13:00,11/15/16 0:00,32.88683,14.82033,-112.03733,-92.22867,1270.458333,y,0.009496,1055.261486,1,NA,transmission from same location over 3 days before ceasing,NA
Cathartes aura,Turkey Vulture Acopian Center USA GPS,north america - western,Jennie,127776,Jennie_127776,N,United States,United States,F,ad,adult,54,N,N,likely dead,static transmission,unknown,773,5/24/13 19:00,12/7/15 21:00,32.88617,32.77333,-112.03617,-112.56283,927.0833333,y,0.000178,19.751891,6.5875,NA,transmission from same location over 3 months before ceasing,NA
Cathartes aura,Turkey Vulture Acopian Center USA GPS,north america - western,TK Red River,127773,TK Red River_127773,Y,United States,Mexico,F,ad,adult,54,N,N,unknown,unknown,NA,139,5/24/13 20:00,10/9/13 0:00,32.88683,22.9985,-112.03733,-105.5965,137.1666667,y,1.413462,157075.232140,1,NA,unknown,NA
Cathartes aura,Turkey Vulture Acopian Center USA GPS,north america - western,Linda,127775,Linda_127775,Y,United States,United States,F,ad,adult,54,N,N,confirmed transmitter failure,resighted / recaptured,NA,193,5/26/13 15:00,4/2/14 16:00,32.88383,32.72617,-112.03233,-112.18583,311.0416667,y,1.797343,199735.088231,8.570833333,NA,bird observed with unit on but missing antenna,NA
Cathartes aura,Turkey Vulture Acopian Center USA GPS,north america - western,Edward Abbey,127774,Edward Abbey_127774,Y,United States,El Salvador,F,ad,adult,54,N,N,likely dead,static transmission,unknown,1982,5/26/13 17:00,11/10/18 0:00,32.873,13.25933,-112.057,-88.26117,1993.291667,y,0.035425,3936.753296,1,NA,transmission from same location over 3 days before ceasing,NA
Cathartes aura,Turkey Vulture Acopian Center USA GPS,north america - central ,Ozzie,127781,Ozzie_127781,Y,Canada,Canada,F,ad,adult,54,N,N,likely dead,static transmission,unknown,337,6/4/13 13:00,5/12/14 16:00,53.0045,53.00483,-106.313,-106.31283,342.125,y,0.029092,3232.980894,1.004166667,NA,transmission from same location over 3 days before ceasing,NA
Cathartes aura,Turkey Vulture Acopian Center USA GPS,north america - central ,Harriet,127780,Harriet_127780,Y,Canada,NA,M,ad,adult,54,N,N,likely dead,static transmission,unknown,659,6/5/13 1:00,4/3/15 0:00,53.00733,13.17233,-106.30933,-87.68467,666.9583333,y,1.419593,157756.507567,1.204166667,NA,"transmission from same location over 5 days before ceasing, last location was on island on migration",NA
Cathartes aura,Black Vultures and Turkey Vultures Southeastern USA,north america - eastern,6,171,6_171,N,United States,United States,M,ad,adult,54,N,N,alive,active,NA,806,6/17/13 13:19,8/31/15 0:14,33.16323,33.16438,-81.63931,-81.39533,804.4551968,y,0.097690,10856.133437,0.999496528,NA,"Transmitter active and moving by ""end date""",NA
Neophron percnopterus,"Egyptian Vulture (Neophron percnopterus), Turkey, Armenia, Ethiopia ",caucasus,Agri,130662,Agri_130662,Y,Turkey,Turkey,unknown,ad,adult,54,N,N,unknown,unknown,NA,324,6/22/13 1:00,7/19/14 14:00,40.08083,39.7845,43.667,43.24833,392.5416667,y,0.025390,2821.574370,3.523266204,NA,unknown,NA
Neophron percnopterus,"Egyptian Vulture (Neophron percnopterus), Turkey, Armenia, Ethiopia ",caucasus,Ardahan,210,Ardahan_210,Y,Turkey,Saudi Arabia,unknown,ad,adult,54,N,N,unknown,unknown,NA,451,6/22/13 1:14,9/17/14 0:27,40.07148,16.81774,43.66676,42.84321,451.9668403,y,2.315840,257354.703414,1.036113426,NA,unknown,NA
Neophron percnopterus,"Egyptian Vulture (Neophron percnopterus), Turkey, Armenia, Ethiopia ",caucasus,Tuzluca,209,Tuzluca_209,Y,Turkey,Saudi Arabia,unknown,ad,adult,54,N,N,unknown,unknown,NA,1193,6/22/13 1:14,10/5/16 0:29,40.081,19.86006,43.66704,41.10614,1200.968542,y,1.786326,198510.838173,0.999340278,NA,entered no GSM area,NA
Cathartes aura,Black Vultures and Turkey Vultures Southeastern USA,north america - eastern,1,163,1_163,N,United States,United States,F,ad,adult,54,N,N,alive,active,NA,797,6/26/13 14:07,8/31/15 0:00,33.16381,33.25171,-81.63951,-81.72544,795.4120255,y,0.056772,6308.994377,1.000306713,NA,still transmitting,NA
Cathartes aura,Black Vultures and Turkey Vultures Southeastern USA,north america - eastern,3,173,3_173,N,United States,United States,F,ad,adult,54,N,N,alive,active,NA,797,6/26/13 14:38,8/31/15 0:19,33.1638,33.15512,-81.63956,-81.57771,795.403206,y,0.055601,6178.791811,0.999696759,NA,still transmitting,NA
Cathartes aura,Black Vultures and Turkey Vultures Southeastern USA,north america - eastern,13,180,13_180,N,United States,United States,F,ad,adult,54,N,N,unknown,unknown,NA,177,6/27/13 18:49,12/20/13 0:14,33.22092,32.02984,-81.5618,-81.25777,175.2253472,y,0.152142,16907.214062,1.000201389,NA,unknown,NA
Cathartes aura,Black Vultures and Turkey Vultures Southeastern USA,north america - eastern,60,172,60_172,N,United States,United States,M,ad,adult,54,N,N,alive,active,NA,787,7/5/13 12:52,8/31/15 0:12,33.16302,33.1322,-81.64008,-81.40866,786.4719444,y,0.132077,14677.418740,0.999657407,NA,"Transmitter active and moving by ""end date""",NA
Cathartes aura,Black Vultures and Turkey Vultures Southeastern USA,north america - eastern,75,176,75_176,N,United States,United States,M,ad,adult,54,N,N,alive,active,NA,783,7/9/13 15:31,8/31/15 0:22,33.26114,33.38986,-81.73846,-81.84455,782.3684144,y,0.015513,1723.950445,0.998978009,NA,"Transmitter active and moving by ""end date""",NA
Cathartes aura,Black Vultures and Turkey Vultures Southeastern USA,north america - eastern,90,166,90_166,N,United States,United States,M,ad,adult,54,N,N,alive,active,NA,763,7/30/13 14:34,8/31/15 0:08,33.16219,32.53167,-81.64264,-81.15254,761.3988194,y,0.054212,6024.462246,1.00159375,NA,"Transmitter active and moving by ""end date""",NA
Cathartes aura,Black Vultures and Turkey Vultures Southeastern USA,north america - eastern,91,179,91_179,N,United States,United States,M,ad,adult,54,N,N,alive,active,NA,762,7/31/13 15:52,8/31/15 0:19,33.16277,33.20603,-81.64166,-81.2645,760.3518866,y,0.196686,21857.293470,1.000430556,NA,"Transmitter active and moving by ""end date""",NA
Neophron percnopterus,Neophron percnopterus Bulgaria/Greece,balkans,Sanie,131249,Sanie_131249,Y,Bulgaria,Ethiopia,unknown,juv,juvenile,2,N,N,unknown,unknown,unknown,1152,8/1/13 2:00,10/3/16 1:00,41.6415,13.04167,25.88183,40.399,1158.958333,y,0.469944,52223.937721,1,NA,unknown,Since 04.10 the transmitter sending signal from the same location
Neophron percnopterus,Neophron percnopterus Bulgaria/Greece,balkans,Berenice,130672,Berenice_130672,Y,Greece,NA,unknown,juv,juvenile,2,N,N,confirmed dead,inferred from transmissions,drowned,37,8/2/13 3:00,9/9/13 12:00,39.8,33.83567,21.68933,23.2085,38.375,y,0.758757,84319.123670,1.247013889,NA,ceased over sea,track ends in sea
Neophron percnopterus,Neophron percnopterus Bulgaria/Greece,balkans,Ibrahim,131248,Ibrahim_131248,Y,Bulgaria,NA,unknown,juv,juvenile,2,N,N,likely dead,inferred from transmissions,unknown,42,8/2/13 14:00,9/25/13 4:00,41.618,34.99567,25.6495,25.18817,53.58333333,y,0.275758,30644.388017,0.996875,NA,ceased near sea,Not clear if the bird really died or the transmitter failed. 
Neophron percnopterus,Neophron percnopterus Bulgaria/Greece,balkans,Asparuh,131250,Asparuh_131250,Y,Bulgaria,NA,unknown,juv,juvenile,2,N,N,confirmed dead,inferred from transmissions,drowned,32,8/4/13 12:06,9/12/13 3:00,41.6,33.7705,25.985,20.83933,38.62083333,y,1.324310,147167.868783,1.004166667,NA,ceased over sea,track ends in sea
Neophron percnopterus,Neophron percnopterus Bulgaria/Greece,balkans,Ilina,130674,Ilina_130674,Y,The former Yugoslav Republic of Macedonia,NA,unknown,juv,juvenile,2,N,N,confirmed dead,carcass found,predation,48,8/5/13 9:00,10/2/13 6:00,41.769,36.37,21.72467,27.46383,57.875,y,0.571089,63463.984726,0.998402778,NA,found feathers,Most probably killed by Bonneli's eagle
Neophron percnopterus,Neophron percnopterus Bulgaria/Greece,balkans,Katerina,130671,Katerina_130671,Y,Greece,Egypt,unknown,juv,juvenile,2,N,N,likely dead,inferred from transmissions,drowned,67,8/9/13 13:49,8/31/14 7:00,41.161,31.15617,26.237,29.964,386.7159722,y,0.121516,13503.838827,1.370833333,NA,ceased near sea,Bird drowned on the 18/9/2013 although carcass likely washed up on beach in Egypt on the 10/10/2013. Contacted locals to try to find it. Claimed they never did but a year later there were some fixes from Alexandria!!
Cathartes aura,Turkey Vulture Acopian Center USA GPS,north america - central ,Ricky,127779,Ricky_127779,Y,Canada,Costa Rica,unknown,juv,juvenile,2,N,N,confirmed dead,transmitter recovered,unknown,176,8/9/13 23:00,2/27/14 1:00,53.005,10.44183,-106.31233,-85.39833,201.0833333,y,0.029298,3255.850147,1,NA,transmitter recovered,NA
Cathartes aura,Turkey Vulture Acopian Center USA GPS,north america - central ,David,127778,David_127778,Y,Canada,Canada,unknown,juv,juvenile,2,N,N,alive,active,NA,1650,8/10/13 1:00,5/17/19 0:00,53.00467,52.217,-106.313,-103.38083,2105.958333,y,1.196733,132990.557937,3.383333333,NA,still transmitting,NA
Neophron percnopterus,Neophron percnopterus Bulgaria/Greece,balkans,Paschalis,130670,Paschalis_130670,Y,Greece,Niger,unknown,juv,juvenile,2,N,N,confirmed dead,transmitter recovered,hunting,197,8/13/13 0:47,3/2/14 3:00,41.158,14.21717,25.834,9.96533,201.0923611,y,0.043287,4810.388401,1,NA,"tag retrieved, asked locals",Killed by Nigerian hunter on 27.2.2014; exported to be sold in Nigeria
Neophron percnopterus,Neophron percnopterus Bulgaria/Greece,balkans,Ilin,130675,Ilin_130675,NA,The former Yugoslav Republic of Macedonia,The former Yugoslav Republic of Macedonia,unknown,juv,juvenile,2,N,N,confirmed dead,carcass found,predation,24,8/19/13 7:47,10/27/13 17:00,41.762,41.98833,21.735,21.4495,69.38402778,y,0.157076,17455.560731,5.603055556,NA,found carcass,"Found dead near the nest, killed by predator"
Neophron percnopterus,Neophron percnopterus Bulgaria/Greece,balkans,Heracles,130676,Heracles_130676,Y,Greece,NA,unknown,juv,juvenile,2,N,N,confirmed dead,inferred from transmissions,drowned,23,8/22/13 7:00,9/13/13 3:00,39.79217,36.212,21.55817,21.18317,21.83333333,y,0.540687,60085.486050,1,NA,ceased over sea,track ends in sea
Neophron percnopterus,Neophron percnopterus Bulgaria/Greece,balkans,Red Cliff,130673,Red Cliff_130673,Y,Albania,NA,unknown,juv,juvenile,2,N,N,confirmed dead,inferred from transmissions,drowned,22,8/28/13 15:00,9/21/13 2:00,40.10867,36.49417,20.08083,22.364,23.45833333,y,0.876272,97378.405157,1,NA,ceased over sea,track ends in sea
Neophron percnopterus,Egyptian Vulture Reintroduction Israel,middle east,Yellow 04,119246,Yellow 04_119246,NA,Israel,Israel,unknown,297,juv,10,Y,N,unknown,unknown,NA,532,11/14/13 6:00,4/29/15 0:20,32.75283,32.7568,35.0115,35.00227,530.7642593,y,0.557660,61971.633701,1.024065972,NA,transmission ceased abruptly in a very good GSM cover area,Age units are days
Neophron percnopterus,"Egyptian Vulture (Neophron percnopterus), Turkey, Armenia, Ethiopia ",horn of africa,Mille,132085,Mille_132085,N,Ethiopia,Ethiopia,unknown,2nd yr,immature,17,N,N,likely transmitter failure,inferred from transmissions,NA,556,11/26/13 8:48,6/19/15 8:01,9.4482,13.2598,40.3726,37.02,569.9672917,y,0.499959,55559.395745,47.08060069,NA,>400 days between fixes at different locations,"tagged in Horn of Africa. Population determination based on where they migrated to. For birds that did not migrate, left as HoA"
Neophron percnopterus,"Egyptian Vulture (Neophron percnopterus), Turkey, Armenia, Ethiopia ",caucasus,Logiya,118174,Logiya_118174,Y,Ethiopia,Iran (Islamic Republic of),unknown,3rd yr,immature,30,N,N,alive,active,NA,1825,12/1/13 5:00,5/30/19 16:00,11.71533,39.08683,40.974,46.96567,2006.458333,y,0.012450,1383.590385,0.9875,NA,still transmitting,"tagged in Horn of Africa. Population determination based on where they migrated to. For birds that did not migrate, left as HoA"
Cathartes aura,Vulture Movements,north america - eastern,JML_TV,281,JML_TV_281,Y,United States,United States,F,3rd yr,adult,30,N,N,confirmed dead,carcass found,suspected vehicle collision,674,12/11/13 14:42,10/18/15 0:18,24.59744,29.65273,-81.70249,-82.28793,675.4000116,y,0.000253,28.094381,1.000260417,NA,transmitter recovered from dead bird,believed to be vehicle mortality due to last location
Cathartes aura,Vulture Movements,north america - eastern,JMX_TV,280,JMX_TV_280,N,United States,United States,F,3rd yr,adult,30,N,N,confirmed dead,carcass found,suspected vehicle collision,48,12/13/13 0:15,1/29/14 0:08,24.59422,24.57145,-81.69966,-81.79679,46.99513889,y,0.071808,7979.923764,0.999444444,NA,transmitter recovered from dead bird,believed to be vehicle mortality due to last location
Cathartes aura,Vulture Movements,north america - eastern,JPM_TV,111942,JPM_TV_111942,Y,United States,United States,F,3rd yr,adult,30,N,N,confirmed dead,carcass found,unknown,1695,12/13/13 11:00,5/13/19 20:00,24.5975,29.5885,-81.7025,-82.34883,1977.375,y,0.000431,47.859051,4.0875,NA,transmitter recovered from dead bird,"transmitted statically, bird/transmitter found near gun range, may have been shot"
Cathartes aura,Vulture Movements,north america - eastern,JTA_TV,111943,JTA_TV_111943,Y,United States,United States,M,2nd yr,immature,18,N,N,confirmed dead,carcass found,suspected vehicle collision,246,12/13/13 11:00,8/15/14 0:00,24.5975,42.46983,-81.7025,-76.414,244.5416667,y,0.036674,4075.549612,1,NA,transmitter recovered from dead bird,"transmitter recovered from carcass at last location adjacent to road, transmitter destroyed by apparent impact"
Neophron percnopterus,Egyptian Vulture Reintroduction Israel,middle east,00 White 2013,3515,00 White 2013_3515,Y,Israel,Syrian Arab Republic,unknown,312,immature,11,Y,N,alive,active,NA,1764,4/4/14 5:00,5/30/19 5:10,32.752136,34.4206595,35.0134302,38.2444062,1882.007222,y,0.394036,43788.433497,0.999320602,NA,still transmitting,Age units are days
Neophron percnopterus,Egyptian Vulture Reintroduction Israel,middle east,A02 Green 2013,3514,A02 Green 2013_3514,Y,Israel,Israel,unknown,298,juv,10,Y,N,unknown,unknown,NA,1117,4/4/14 5:00,4/24/17 5:00,32.7520933,32.7527297,35.0134463,35.0125028,1116,y,0.963721,107096.426516,0.999972222,NA,"Last location very hostile, no data for a long period",Age units are days
Neophron percnopterus,Egyptian Vulture Reintroduction Israel,middle east,18 White,3516,18 White_3516,NA,Israel,Israel,unknown,302,immature,11,Y,N,unknown,unknown,NA,6,4/22/14 4:00,4/27/14 4:00,32.7534508,32.7645128,35.0138107,35.0122282,5,y,0.095451,10607.329847,1,NA,"Very few fixes. Last location hostile and with good GSM cover, no data for a long period",Age units are days
Neophron percnopterus,Egyptian Vulture Reintroduction Israel,middle east,19 White,3517,19 White_3517,Y,Israel,Saudi Arabia,unknown,297,juv,10,Y,N,likely dead,static transmission,NA,126,4/22/14 4:00,8/27/14 4:00,32.7534673,18.1764597,35.0137975,42.0374481,127,y,0.650901,72333.289545,1,NA,Same location for 4 months,Age units are days
Cathartes aura,Black Vultures and Turkey Vultures Southeastern USA,north america - eastern,123,178,123_178,N,United States,United States,M,ad,adult,54,N,N,alive,active,NA,493,4/23/14 19:44,8/31/15 0:09,33.25997,33.02271,-81.73826,-81.5056,494.1839236,y,0.046800,5200.791511,0.999747685,NA,still transmitting,NA
Cathartes aura,Turkey Vulture Acopian Center USA GPS,north america - western,Boneyard1,135427,Boneyard1_135427,Y,United States,Mexico,F,ad,adult,54,N,N,likely dead,static transmission,unknown,633,5/14/14 0:00,4/4/16 4:00,33.389,17.44583,-112.68267,-98.85983,691.1666667,y,0.005415,601.755231,2.716666667,NA,transmission from same location over 1 month period,NA
Neophron percnopterus,Neophron percnopterus Bulgaria/Greece,balkans,Castor,135955,Castor_135955,Y,Greece,Ethiopia,unknown,ad,adult,54,N,Y,unknown,unknown,unknown,643,5/14/14 11:00,2/15/16 1:00,40.62333,6.76017,21.51933,42.83233,641.5833333,y,0.010792,1199.343384,1,NA,unknown,tagged after found disorientated due to lead poisoning
Cathartes aura,Turkey Vulture Acopian Center USA GPS,north america - western,Ava,135428,Ava_135428,Y,United States,United States,F,ad,adult,54,N,N,likely dead,static transmission,NA,1443,5/15/14 16:00,6/29/18 0:00,33.38883,33.60833,-112.68283,-112.588,1505.333333,y,0.000255,28.327305,2.433333333,NA,transmission from same location over 2 month period,NA
Cathartes aura,Turkey Vulture Acopian Center USA GPS,north america - western,Andres,136414,Andres_136414,Y,United States,United States,F,ad,adult,54,N,N,alive,active,NA,1840,5/15/14 23:00,5/30/19 0:00,33.38967,33.258,-112.68083,-112.2695,1840.041667,y,0.294210,32695.011331,1,NA,still transmitting,NA
Cathartes aura,Turkey Vulture Acopian Center USA GPS,north america - western,Johnny Yuma,136413,Johnny Yuma_136413,Y,United States,Mexico,F,ad,adult,54,N,N,unknown,unknown,NA,139,5/17/14 15:00,10/2/14 21:00,33.38733,22.186,-112.683,-105.29717,138.25,y,1.301830,144669.818359,1.0125,NA,unknown,NA
Cathartes aura,Turkey Vulture Acopian Center USA GPS,north america - western,Tire Pile,135429,Tire Pile_135429,Y,United States,United States,F,ad,adult,54,N,N,alive,active,NA,1801,5/17/14 17:00,5/28/19 0:00,33.38883,33.42067,-112.68033,-112.42983,1836.291667,y,0.060591,6733.385319,1.120833333,NA,still transmitting,NA
Cathartes aura,Turkey Vulture Acopian Center USA GPS,north america - western,Car Talk,135430,Car Talk_135430,Y,United States,United States,F,ad,adult,54,N,N,likely dead,static transmission,NA,1640,5/17/14 18:00,5/29/19 0:00,33.3895,32.0275,-112.683,-112.1525,1837.25,y,0.000102,11.335056,1.004166667,NA,static transmissions for months,NA
Cathartes aura,Turkey Vulture Acopian Center USA GPS,north america - central ,Leo,135431,Leo_135431,Y,Canada,Canada,unknown,ad,adult,54,N,N,alive,active,NA,1813,5/30/14 17:00,5/30/19 0:00,53.659,53.65867,-107.55533,-107.5535,1825.291667,y,0.047176,5242.556414,1,NA,still transmitting,NA
Neophron percnopterus,"Egyptian Vulture (Neophron percnopterus), Turkey, Armenia, Ethiopia ",caucasus,Haydi,132084,Haydi_132084,Y,Turkey,Kenya,unknown,3rd yr,immature,24,N,N,likely dead,static transmission,NA,671,6/9/14 2:46,4/27/16 8:00,40.0813,1.6534,43.6665,37.8024,688.2179051,y,0.000190,21.148992,15.87281481,NA,static transmissions in Kenya,"tried to get Kenyan colleagues to track down tag, but were unable"
Neophron percnopterus,"Egyptian Vulture (Neophron percnopterus), Turkey, Armenia, Ethiopia ",caucasus,Iste,132086,Iste_132086,Y,Turkey,Turkey,unknown,ad,adult,54,N,N,alive,active,NA,1747,6/10/14 2:36,5/30/19 4:00,40.0831,39.8344,43.6674,42.5493,1815.05838,y,0.017269,1919.067432,1.298402778,NA,still transmitting,NA
Neophron percnopterus,"Egyptian Vulture (Neophron percnopterus), Turkey, Armenia, Ethiopia ",caucasus,Serhat,10007,Serhat_10007,Y,Turkey,Ethiopia,unknown,5th yr,adult,54,N,N,unknown,unknown,NA,124,6/17/14 15:59,10/30/14 1:12,40.19459,10.5359,43.63137,40.455,134.3840278,y,0.233944,25997.732833,0.919791667,NA,unknown,NA
Neophron percnopterus,"Egyptian Vulture (Neophron percnopterus), Turkey, Armenia, Ethiopia ",caucasus,Cabuk,132087,Cabuk_132087,Y,Turkey,Ethiopia,unknown,2nd yr,immature,13,N,N,likely transmitter failure,inferred from transmissions,NA,511,7/1/14 3:00,12/8/15 2:00,40.0833,11.0695,43.6676,40.364,524.9583218,y,0.230215,25583.287958,6.71734375,NA,"long gap in trasnmission, during which time bird moved",NA
Cathartes aura,Turkey Vulture Acopian Center USA GPS,north america - central ,Tommy,139250,Tommy_139250,Y,United States,Guatemala,M,ad,adult,54,N,N,likely dead,static transmission,unknown,194,8/4/14 18:00,2/13/15 18:00,46.732,14.6705,-92.2015,-91.97367,193,y,0.075364,8375.051370,1.0125,NA,transmission from same location over 3 days before ceasing,NA
Cathartes aura,Turkey Vulture Acopian Center USA GPS,south america,Bariloche1,136416,Bariloche1_136416,NA,Argentina,Argentina,F,ad,adult,54,N,N,confirmed dead,transmitter recovered,unknown,33,11/14/14 18:00,12/16/14 0:00,-41.18733,-42.16967,-71.14433,-70.65533,31.25,y,0.361381,40159.575217,1,NA,transmitter recovered,NA
Cathartes aura,Turkey Vulture Acopian Center USA GPS,south america,Bariloche2,135434,Bariloche2_135434,Y,Argentina,Brazil,M,ad,adult,54,N,N,alive,active,NA,1657,11/14/14 18:00,5/30/19 0:00,-41.18717,-10.90517,-71.14417,-62.27717,1657.25,y,0.097971,10887.277170,1,NA,still transmitting,NA
Cathartes aura,Turkey Vulture Acopian Center USA GPS,south america,Halfway,135436,Halfway_135436,Y,Argentina,Peru,M,ad,adult,54,N,N,unknown,unknown,NA,241,11/16/14 17:00,7/14/15 2:00,-41.18667,-2.27083,-71.14433,-71.65817,239.375,y,0.008303,922.660223,1,NA,unknown,NA
Cathartes aura,Vulture Movements,north america - eastern,LCV_TV,280,LCV_TV_280,NA,United States,United States,F,2nd yr,immature,17,N,N,confirmed dead,transmitter recovered,unknown,296,11/18/14 14:57,11/29/16 0:15,24.59751,29.65303,-81.70262,-82.2877,741.3873611,y,0.000144,15.982762,1.000696759,NA,transmitter recovered from beach,"likely a condition known as ""fall out"" with last location at sea, trying to head somewhere over water and becoming exhausted by head winds and dropping to water, transmitter washed up on beach of Summerland Key, recovered, refurbished"
Cathartes aura,Turkey Vulture Acopian Center USA GPS,south america,Two-thirds,136412,Two-thirds_136412,Y,Argentina,Brazil,M,ad,adult,54,N,N,alive,active,NA,1640,11/18/14 18:00,5/30/19 0:00,-41.187,-30.1075,-71.144,-56.80817,1653.25,y,0.179275,19922.445640,1,NA,still transmitting,NA
Cathartes aura,Turkey Vulture Acopian Center USA GPS,south america,Cinco,136415,Cinco_136415,Y,Argentina,Argentina,F,ad,adult,54,N,N,confirmed dead,transmitter recovered,"potentially poisoned, found with 2 black vutlures and 2 chimango caracaras",151,11/19/14 18:00,4/18/15 11:00,-41.18717,-26.34917,-71.14417,-63.75167,149.7083333,y,0.448315,49820.312203,1,NA,transmitter recovered,NA
Cathartes aura,Vulture Movements,north america - eastern,LMV_TV,454,LMV_TV_454,Y,United States,United States,M,2nd yr,immature,17,N,N,alive,active,NA,1580,11/20/14 0:48,5/30/19 0:03,24.59759,40.34871,-81.70256,-81.97946,1651.96875,y,0.056404,6268.025039,1.00456713,NA,still transmitting,NA
Cathartes aura,Vulture Movements,north america - eastern,LVA_TV,452,LVA_TV_452,NA,United States,United States,F,3rd yr,adult,29,N,N,unknown,unknown,unknown,20,11/20/14 0:56,12/9/14 0:06,24.5976,24.58095,-81.70257,-81.79809,18.96553241,y,0.027392,3044.067517,1.002342593,NA,unknown,"transmitter stopped transmitting, search for it failed, may have been collision with aircraft approaching KW airport"
Cathartes aura,Vulture Movements,north america - eastern,LTH_TV,451,LTH_TV_451,NA,United States,United States,F,3rd yr,adult,29,N,N,unknown,unknown,unknown,88,11/20/14 1:05,2/15/15 0:02,24.59761,24.5802,-81.70251,-82.10631,86.95611111,y,0.039502,4389.786035,1.00080787,NA,unknown,"transmitter stopped transmitting at edge of island, may have been ""fall out"" condition"
Cathartes aura,Vulture Movements,north america - eastern,LMP_TV,453,LMP_TV_453,Y,United States,United States,M,3rd yr,adult,29,N,N,alive,active,NA,1651,11/20/14 1:07,5/30/19 0:00,24.59758,41.74949,-81.70255,-83.72422,1651.953704,y,0.055296,6144.923331,1.000109954,NA,still transmitting,NA
Cathartes aura,Turkey Vulture Acopian Center USA GPS,south america,Mandeb,127590,Mandeb_127590,NA,Argentina,Argentina,unknown,ad,adult,54,N,N,confirmed dead,transmitter recovered,unknown,84,12/31/14 16:46,4/16/15 18:27,-41.1386,-40.2389,-71.3369,-70.0759,106.0701389,y,0.192136,21351.669516,1.799375,NA,transmitter recovered,NA
Neophron percnopterus,McGrady.Meyburg,oman,143580,3,143580_3,N,Oman,Oman,unknown,juv,juvenile,7,N,N,confirmed dead,carcass found,NA,330,1/9/15 9:57,12/12/15 2:02,23.3449,23.3782,58.4553,58.6527,336.6701852,y,0.068354,7596.055314,0.997971065,NA,confirmed electrocuted,Confirmed electrocution 13 Dec 2015
Neophron percnopterus,McGrady.Meyburg,oman,143581,4,143581_4,N,Oman,Oman,unknown,juv,juvenile,7,N,N,unknown,unknown,NA,25,1/10/15 7:11,2/3/15 2:37,23.3448,23.0327,58.455,58.6193,23.80922454,y,0.180440,20051.975215,1.009930556,NA,very few locations,abrupt loss of transmission 04 Feb 2015
Cathartes aura,Turkey Vulture Acopian Center USA GPS,south america,Fenix,136416,Fenix_136416,Y,Argentina,Argentina,unknown,ad,adult,54,N,N,confirmed dead,transmitter recovered,killed by a fox,959,2/28/15 0:00,10/21/17 23:00,-41.12783,-41.14033,-71.24967,-71.24533,966.9583333,y,0.032914,3657.655435,1,NA,transmitter recovered,NA
Neophron percnopterus,Neophron percnopterus Bulgaria/Greece,balkans,Aoos,118154,Aoos_118154,Y,Albania,Albania,F,ad,adult,54,N,N,alive,active,NA,1159,4/17/15 17:00,5/27/19 8:17,40.13267,40.13586,20.54217,20.5388,1500.637303,y,0.253558,28177.390201,2.04171875,NA,still transmitting,"tagged in Greece, but bred in Albania"
Neophron percnopterus,Egyptian vulture Kobierzycki Pyrenees,western europe,Pyrenees_2015_Imm_wild_EC48601087785,48601087785,Pyrenees_2015_Imm_wild_EC48601087785_48601087785,Y,France,Senegal,unknown,3rd yr,immature,21,N,Y,unknown,unknown,NA,404,6/29/15 0:00,10/28/16 0:01,43.408666,15.982617,-1.508783,-15.830933,487.0006944,y,0.546455,60726.487690,1,NA,unknown,"born wild, found weakened in Western Pyrenees in autumn 2014. kept in rehabilitation whole winter. released in Western Pyrenees in 29/06/2015. last position in Senegal: possible death or transmitter failure"
Neophron percnopterus,Neophron percnopterus. GREFA. Spain,western europe,2HN,137397,2HN_137397,Y,Spain,Spain,F,juv,juvenile,2,N,N,alive,active,NA,1353,7/20/15 14:00,5/30/19 9:00,40.46833,40.61617,-3.83983,-4.72033,1409.791667,y,0.137042,15229.165148,0.977453704,NA,still transmitting,NA
Neophron percnopterus,Neophron percnopterus Bulgaria/Greece,balkans,Boris,149505,Boris_149505,Y,Bulgaria,Bulgaria,M,ad,adult,54,N,N,alive,active,NA,1410,7/21/15 4:00,5/30/19 4:00,41.59483,41.61667,25.64133,25.65183,1409,y,0.015276,1697.645114,1,NA,still transmitting,NA
Neophron percnopterus,"Egyptian Vulture (Neophron percnopterus), Turkey, Armenia, Ethiopia ",caucasus,Orada,48500703778,Orada_48500703778,Y,Armenia,Ethiopia,unknown,2nd yr,immature,13,N,N,unknown,unknown,NA,571,7/21/15 12:08,2/10/17 0:00,39.511333,9.370999,46.398683,40.442116,569.4944444,y,0.086909,9658.042355,1.000069444,NA,unknown,NA
Neophron percnopterus,"Egyptian Vulture (Neophron percnopterus), Turkey, Armenia, Ethiopia ",caucasus,Armenia2,48500703868,Armenia2_48500703868,Y,Armenia,Ethiopia,unknown,3rd yr,immature,25,N,N,unknown,unknown,NA,89,7/22/15 5:01,10/18/15 0:01,39.491799,7.746899,46.35705,43.0665,87.79166667,y,0.439060,48791.885128,1,NA,unknown,NA
Neophron percnopterus,"Egyptian Vulture (Neophron percnopterus), Turkey, Armenia, Ethiopia ",caucasus,Armenia3,48500704009,Armenia3_48500704009,Y,Armenia,Ethiopia,unknown,ad,adult,54,N,N,unknown,unknown,NA,91,7/24/15 0:02,11/7/15 0:02,39.5061,6.093983,46.345799,44.76245,106,y,0.268751,29865.747904,1.2,NA,unknown,NA
Neophron percnopterus,Neophron percnopterus Bulgaria/Greece,balkans,Jenny,149507,Jenny_149507,Y,Bulgaria,Bulgaria,F,ad,adult,54,N,N,alive,active,NA,1391,7/30/15 10:00,5/28/19 2:00,41.58367,41.59167,25.65033,25.44517,1397.666667,y,0.018659,2073.528351,1,NA,still transmitting,NA
Neophron percnopterus,Released Egyptian Vultures in Italy,italy,Agata,119157,Agata_119157,NA,Italy,Italy,F,juv,juvenile,3,Y,N,confirmed dead,inferred from transmissions,Drop in the sea,10,8/26/15 8:00,9/4/15 8:00,37.39733,36.8275,13.36967,13.1485,9,y,0.351860,39101.527862,1.002444444,NA,stopped at sea,NA
Neophron percnopterus,Released Egyptian Vultures in Italy,italy,Sara,23306,Sara_23306,Y,Italy,Niger,F,juv,juvenile,3,Y,N,alive,active,NA,1372,8/26/15 20:00,5/30/19 4:00,39.9165,40.6455,18.3045,16.641,1372.333333,y,0.336434,37387.182433,1,NA,still transmitting,NA
Neophron percnopterus,Released Egyptian Vultures in Italy,italy,Aneta,48500502206,Aneta_48500502206,Y,Italy,Egypt,F,juv,juvenile,3,Y,N,confirmed dead,terminated over water,Drop in the sea,27,9/7/15 0:01,10/3/15 0:00,39.10625,33.028566,16.891933,21.455933,25.99930556,y,0.832991,92568.652408,1.000208333,NA,stopped at sea,NA
Neophron percnopterus,Released Egyptian Vultures in Italy,italy,Carmen,48500501963,Carmen_48500501963,Y,Italy,Italy,F,juv,juvenile,3,Y,N,confirmed dead,terminated over water,unknown,111,9/7/15 0:01,12/26/15 0:01,39.106233,31.709233,16.891899,25.805033,110,y,0.198258,22032.053808,0.999930556,NA,stopped at sea,looks to have died at see and tx floated long after
Neophron percnopterus,Released Egyptian Vultures in Italy,italy,Tobia,48500501945,Tobia_48500501945,Y,Italy,Mali,M,juv,juvenile,3,Y,N,alive,active,NA,1349,9/7/15 0:01,5/30/19 5:00,39.1062,37.492649,16.891899,14.568049,1361.207639,y,0.644673,71641.207809,1.020833333,NA,still transmitting,NA
Neophron percnopterus,Released Egyptian Vultures in Italy,italy,Karel,119158,Karel_119158,NA,Italy,Italy,M,juv,juvenile,3,Y,N,likely dead,inferred from transmissions,unknown,42,9/8/15 12:12,10/20/15 8:00,38.997,36.75667,16.881,15.063,41.82449074,y,0.638094,70910.136480,1.018538194,NA,"stopped at sea, but near shore, so not confirmed mortality",NA
Neophron percnopterus,McGrady.Meyburg,oman,81,14,81_14,N,Oman,Oman,unknown,juv,juvenile,7,N,N,likely dead,static transmission,NA,37,1/19/16 10:25,2/24/16 3:09,23.339907,23.529493,58.459848,58.495088,35.69722222,y,0.009232,1025.950254,1.000277778,NA,static transmission for 7 days,possible mortality / dropped tx
Neophron percnopterus,McGrady.Meyburg,oman,80,13,80_13,N,Oman,Oman,unknown,juv,juvenile,7,N,N,likely transmitter failure,inferred from transmissions,NA,456,1/21/16 12:19,10/3/17 22:58,23.334163,22.378585,58.4669,59.342792,621.44375,y,0.357592,39738.475108,5.148611111,NA,increasing time between fixes,gps ceased 04 Oct 2017
Cathartes aura,Turkey Vulture Acopian Center USA GPS,south america,Simona,136415,Simona_136415,Y,Argentina,Argentina,unknown,ad,adult,54,N,N,confirmed dead,transmitter recovered,"likely poisoned, carcass found next to dead sheep along with another Turkey Vulture and two Chimango Caracaras",406,1/31/16 11:00,3/11/17 0:00,-41.143,-41.26617,-71.23967,-68.764,404.5416667,y,0.040067,4452.599803,1,NA,transmitter recovered,NA
Neophron percnopterus,Egyptian vulture Kobierzycki Gardon ,western europe,Gardon_2016_Ad_wild_MW707 ,707,Gardon_2016_Ad_wild_MW707 _707,Y,France,France,M,ad,adult,54,N,N,alive,active,NA,925,3/29/16 6:46,5/30/19 1:16,44.2314,44.37482,4.41436,4.43738,1156.770405,y,0.002469,274.337693,1.096199074,NA,still transmitting,adult captured at breeding site in Gardon. born in 2009 in Herault and ringed in 2009.
Neophron percnopterus,Egyptian Vulture Reintroduction Israel,middle east,R0,16013,R0_16013,NA,Israel,Egypt,unknown,299,juv,10,Y,N,unknown,unknown,NA,179,4/5/16 2:36,10/1/16 4:05,32.55883789,29.45985413,34.93921661,33.30299377,179.0618403,y,0.081670,9075.836762,1.100430556,56.9,Last location in a house,Age units are days
Neophron percnopterus,Egyptian Vulture Reintroduction Israel,middle east,R1,16012,R1_16012,Y,Israel,Sudan,unknown,324,immature,11,Y,N,unknown,unknown,NA,639,4/5/16 2:40,5/4/18 6:40,32.55897522,14.22767544,34.93922043,24.59109688,759.1668981,y,0.818445,90952.125622,1.183425926,75.8,unknown,Age units are days
Neophron percnopterus,Egyptian Vulture Reintroduction Israel,middle east,R4,16014,R4_16014,Y,Israel,Turkey,unknown,292,juv,10,Y,N,unknown,unknown,NA,51,4/5/16 2:40,5/25/16 1:52,32.55524826,36.21194458,34.93397522,36.59433746,49.96659722,y,0.202438,22496.530064,0.9990625,99.8,"Last location hostile, no data for a long period",Age units are days
Neophron percnopterus,Egyptian Vulture Reintroduction Israel,middle east,R2,16015,R2_16015,Y,Israel,Sudan,unknown,305,immature,11,Y,N,confirmed transmitter failure,resighted / recaptured,NA,386,4/5/16 2:41,12/6/17 5:00,32.55886841,11.31221867,34.93929672,26.67757416,610.0966667,y,0.249409,27716.331687,0.999216435,83.6,still transmitting,"Age units are days, transmitter fell, seen alive June 2019"
Neophron percnopterus,Egyptian Vulture Reintroduction Israel,middle east,R3,16011,R3_16011,NA,Israel,Israel,unknown,293,juv,10,Y,N,confirmed dead,transmitter recovered,Probably snake bite,10,4/5/16 2:41,4/14/16 2:49,32.56093979,32.55176544,34.93896103,34.95930481,9.005555556,y,0.033850,3761.653129,1.000416667,70.3,Found,Age units are days
Cathartes aura,Vulture Movements,north america - eastern,VAJ_TV,613,VAJ_TV_613,N,United States,United States,M,2nd yr,immature,10,N,N,alive,active,NA,1134,4/19/16 0:00,5/30/19 0:04,30.52352,30.72155,-86.49591,-86.4449,1136.002674,y,0.189581,21067.711250,1.00080787,NA,still transmitting,NA
Cathartes aura,Vulture Movements,north america - eastern,VAT_TV,615,VAT_TV_615,N,United States,United States,F,3rd yr,adult,22,N,N,confirmed dead,carcass found,suspected vehicle collision,212,4/19/16 0:01,11/29/16 0:18,30.52321,29.65289,-86.49575,-82.28752,224.0116898,y,0.000250,27.836897,0.998834491,NA,transmitter recovered from dead bird,"transmitter recovered from last location, refurbished"
Cathartes aura,Vulture Movements,north america - eastern,VAM_TV,614,VAM_TV_614,N,United States,United States,F,3rd yr,adult,22,N,N,unknown,unknown,suspected vehicle collision,768,4/19/16 0:22,5/28/18 0:20,30.52316,30.7399,-86.49572,-86.18094,768.9983912,y,0.050882,5654.459792,1.00121412,NA,last location in middle of Hwy 331,"bird and transmitter NOT found at last location, unknown fate of both"
Cathartes aura,Turkey Vulture Acopian Center USA GPS,north america - western,Gash,157420,Gash_157420,Y,United States,United States,M,ad,adult,54,N,N,alive,active,NA,1097,5/18/16 18:00,5/30/19 0:00,33.428,32.78683,-112.69567,-113.41967,1106.25,y,0.502688,55862.749736,1,NA,still transmitting,NA
Cathartes aura,Turkey Vulture Acopian Center USA GPS,north america - western,MooMoo,157419,MooMoo_157419,Y,United States,NA,M,ad,adult,54,N,N,likely dead,static transmission,unknown,617,5/18/16 18:00,3/7/18 12:00,33.428,9.374,-112.69567,-75.76617,657.75,y,0.004066,451.834891,4.8,NA,transmission from same location over several months before ceasing,NA
Cathartes aura,Turkey Vulture Acopian Center USA GPS,north america - western,Calm_Lady,144304,Calm_Lady_144304,Y,United States,United States,M,ad,adult,54,N,N,alive,active,NA,1097,5/19/16 13:54,5/30/19 0:45,33.4278,33.7384,-112.6963,-113.1779,1105.45213,y,0.135836,15095.158226,0.99558912,NA,still transmitting,NA
Cathartes aura,Turkey Vulture Acopian Center USA GPS,north america - western,Early_Bird,144305,Early_Bird_144305,Y,United States,United States,M,ad,adult,54,N,N,alive,active,NA,1097,5/20/16 15:13,5/30/19 1:15,33.4276,33.0984,-112.697,-112.9884,1104.418218,y,0.014990,1665.775715,0.993716435,NA,still transmitting,NA
Neophron percnopterus,LIFE_Rupis_EgyptianVultures,western europe,NeoPer_Rupis,48511694900,NeoPer_Rupis_48511694900,Y,Spain,Spain,unknown,3rd yr,immature,25,N,N,alive,active,NA,1004,7/15/16 6:00,5/30/19 5:59,41.477116,41.447649,-6.270032,-6.339049,1048.999306,y,0.018979,2109.110869,1,NA,still transmitting,NA
Neophron percnopterus,_Egyptian Vulture in Spain - Migra Program in Spain,western europe,La Rioja 01-Brieva-4404,4404,La Rioja 01-Brieva-4404_4404,Y,Spain,Mauritania,M,juv,juvenile,1,N,N,unknown,unknown,NA,209,7/20/16 8:45,3/31/17 11:45,42.16987,16.96502,-2.769862,-11.03883,254.1249653,y,0.216194146,,2.641667824,NA,transmitter ceased abruptly while bird was moving,NA
Neophron percnopterus,_Egyptian Vulture in Spain - Migra Program in Spain,western europe,La Rioja 02-Quel-4405,4405,La Rioja 02-Quel-4405_4405,Y,Spain,Mauritania,M,juv,juvenile,1,N,N,unknown,unknown,NA,459,7/20/16 8:45,1/1/18 6:31,42.16989,17.2961,-2.769875,-14.94369,529.9072569,y,0.030364907,,0.987541667,NA,transmitter ceased abruptly while bird was moving,little movement for last 6 months
Neophron percnopterus,Neophron percnopterus. GREFA. Spain,western europe,2HP,48500703772,2HP_48500703772,Y,Spain,Spain,M,juv,juvenile,2,N,N,alive,active,NA,199,7/25/16 5:08,5/30/19 0:00,40.95475,41.132949,-4.100033,-6.149383,1038.786111,y,0.543128,60356.783726,1.099930556,NA,still transmitting,NA
Neophron percnopterus,Neophron percnopterus. GREFA. Spain,western europe,95R,5019,95R_5019,Y,Spain,Mauritania,M,juv,juvenile,2,N,N,likely dead,static transmission,NA,444,7/26/16 5:00,1/13/18 17:00,42.330439,15.5335782,-7.2841079,-8.0311031,536.4996065,y,0.019178,2131.262347,2.2930625,NA,static transmissions for months,"suspected mortality, same location for a long time"
Neophron percnopterus,Neophron percnopterus Bulgaria/Greece,balkans,Maria,149504,Maria_149504,Y,Bulgaria,Saudi Arabia,unknown,juv,juvenile,2,N,N,likely dead,static transmission,unknown,62,8/7/16 7:27,10/18/16 2:00,41.75681,27.6115,25.36315,35.71333,71.77260417,y,0.130663,14520.330421,1,NA,static transmission for >10 days,The bird died on 10.10.2016. Since then transmitter was sending signal from the same location
Neophron percnopterus,Neophron percnopterus Bulgaria/Greece,balkans,Lomets,118149,Lomets_118149,Y,Bulgaria,Cyprus,M,juv,juvenile,2,Y,N,confirmed dead,inferred from transmissions,drowned,20,8/26/16 12:00,9/14/16 2:00,43.648,34.9825,26.05967,32.51567,18.58333333,y,1.543771,171556.131458,1,NA,ceased over sea,Track ends in sea. Captive-bred from Vienna Zoo; originates from Turkish population
Neophron percnopterus,Neophron percnopterus Bulgaria/Greece,balkans,Regina,149506,Regina_149506,Y,Bulgaria,NA,F,juv,juvenile,2,Y,N,likely dead,inferred from transmissions,drowned,13,8/27/16 4:00,9/8/16 2:00,43.64817,36.2745,26.0595,30.43483,11.91666667,y,1.198749,133214.573204,1,NA,ceased near sea,Track ends in sea. Captive-bred from Vienna Zoo; originates from Turkish population
Neophron percnopterus,Neophron percnopterus Bulgaria/Greece,balkans,Elodie,135956,Elodie_135956,Y,Bulgaria,Niger,F,juv,juvenile,2,Y,N,confirmed dead,transmitter recovered,shot,379,8/28/16 6:44,9/13/17 3:00,43.1555,15.01317,26.27962,7.67117,380.8441204,y,0.011898,1322.255508,1.114600694,NA,retrieved transmitter and asked locals,NA
Neophron percnopterus,Egyptian vulture Kobierzycki Vaucluse,western europe,Provence_2016_Ad_wild_EO5018_Salome_8P,5018,Provence_2016_Ad_wild_EO5018_Salom√©_8P_5018,Y,France,France,F,ad,adult,54,N,Y,alive,active,NA,835,9/30/16 8:32,5/29/19 6:02,43.8350705,43.6599439,5.3740319,5.0051528,970.8956481,y,0.020415,2268.732350,0.994827546,NA,still transmitting,errant last point? has a straight shot from Africa back to France
Cathartes aura,Vulture Movements,north america - eastern,VLP_TV,615,VLP_TV_615,Y,United States,United States,unknown,2nd yr,immature,18,N,N,confirmed dead,carcass found,suspected vehicle collision,858,12/8/16 0:18,4/17/19 1:13,27.85224,39.18355,-82.53398,-82.75388,860.0380556,y,0.099546,11062.294435,1.003574074,NA,bird and tag photographed on roadside,"bird and transmitter found by passing motorist, called number on back of tag; tag, transmitter, and wings sent (for pentosidine sampling)"
Cathartes aura,Turkey Vulture Acopian Center USA GPS,north america - western,Captain Haddock,163488,Captain Haddock_163488,Y,United States,Canada,unknown,ad,adult,54,N,N,alive,active,NA,837,1/22/17 19:00,5/30/19 0:00,33.42833,48.55383,-112.696,-123.46867,857.2083333,y,0.021387,2376.692313,1.05,NA,still transmitting,NA
Cathartes aura,Turkey Vulture Acopian Center USA GPS,north america - western,Tintin,163487,Tintin_163487,Y,United States,United States,unknown,ad,adult,54,N,N,alive,active,NA,854,1/22/17 19:00,5/28/19 18:00,33.42833,37.12217,-112.696,-119.77867,855.9583333,y,0.020929,2325.756461,1.016666667,NA,still transmitting,NA
Neophron percnopterus,Egyptian Vulture Reintroduction Israel,middle east,A17 Green,17113,A17 Green_17113,NA,Israel,Israel,unknown,663,immature,23,Y,N,confirmed dead,transmitter recovered,Hit a train when feeding on a dead boer,80,4/16/17 0:05,7/4/17 0:06,32.55931854,32.5566864,34.93855286,34.93691635,79.00068287,y,0.010247,1138.710391,1.000002315,100,Found,Age units are days
Neophron percnopterus,Egyptian Vulture Reintroduction Israel,middle east,A46 Green,17112,A46 Green_17112,Y,Israel,Turkey,unknown,691,immature,24,Y,N,confirmed dead,transmitter recovered,Electrocuted,391,4/16/17 0:05,5/11/18 1:40,32.55895233,37.73614502,34.93920135,41.33025742,390.0661458,y,0.477057,53014.441971,0.998398148,97.1,Found,Age units are days
Neophron percnopterus,Egyptian Vulture Reintroduction Israel,middle east,C39 Blue,17111,C39 Blue_17111,Y,Israel,Israel,unknown,701,immature,24,Y,N,confirmed dead,transmitter recovered,Hit a train when feeding on a dead boer,464,4/16/17 0:05,7/23/18 2:20,32.55890274,32.55898666,34.93943405,34.93889236,463.0940509,y,0.000161,17.933392,1.000453704,100,Found,Age units are days
Neophron percnopterus,Egyptian Vulture Reintroduction Israel,middle east,X34 Blue,16126,X34 Blue_16126,Y,Israel,Saudi Arabia,unknown,660,immature,22,Y,N,unknown,unknown,NA,496,4/16/17 3:34,8/25/18 3:30,32.55898666,19.09997559,34.93927383,41.41659164,495.9977431,y,1.725952,191801.545960,1.000162037,99.8,"Stopped transmitting on route to a potential no-GSM cover area, did not return after migration, might return next year",Age units are days
Neophron percnopterus,LIFE_Rupis_EgyptianVultures,western europe,NeoPer_Poiares,48797733001,NeoPer_Poiares_48797733001,Y,Portugal,Mali,F,ad,adult,54,N,Y,likely transmitter failure,inferred from transmissions,NA,171,6/1/17 12:34,11/18/17 6:59,40.898099,14.0555,-6.9674,-11.874966,169.7673611,y,2.887946,320931.634306,14.685625,NA,two isolated GPS locations from April 2018 indciated the bird was close to the 2017 nest site after several months of no data_Bird never resighted so fate is unknown,Bird was found weak May29th_taken to rehab centre for 3 days treatment and released at Penedo do Durao on 3rd June. Data transmissions were erratic from winter 2017-18_two isolated GPS locations received from summer range after months of receiving no data. Bird never resighted since. Suspected transmitter failure. 
Neophron percnopterus,LIFE_Rupis_EgyptianVultures,western europe,NeoPer_Douro,48797733050,NeoPer_Douro_48797733050,Y,Spain,Spain,M,ad,adult,54,N,N,confirmed transmitter failure,resighted / recaptured,NA,689,6/13/17 6:00,5/10/19 6:01,40.9598,41.00625,-6.833833,-6.436266,696.0006944,y,0.121964,13553.668400,1.510277778,NA,Transmitter detached due to harness failure_Bird was seen incubating at nest several days later identified by colour ring,Transmitter confirmed detached on 7th May 2019_Bird resighted a couple of days later incubating alive and well https://www.4vultures.org/2019/05/28/the-mystery-of-egyptian-vulture-douro-s-lost-gps-transmitter/
Neophron percnopterus,LIFE_Rupis_EgyptianVultures,western europe,NeoPer_Faia,48505476460,NeoPer_Faia_48505476460,Y,Portugal,Spain,F,ad,adult,54,N,N,alive,active,NA,716,6/13/17 8:00,5/29/19 6:00,40.926366,40.962883,-6.943999,-6.871649,714.9166667,y,0.071187,7910.842932,0.987569444,NA,still transmitting,NA
Neophron percnopterus,Egyptian vulture (Neophron percnopterus) in Arribes del Duero (Salamanca) - SALORO,western europe,BatuecasA,17020,BatuecasA_17020,Y,Spain,Spain,M,3rd yr,immature,24,N,N,alive,active,NA,715,6/15/17 14:48,5/30/19 4:56,41.05353546,41.06195831,-6.663703442,-6.769111633,713.5889468,y,0.003409,378.870802,0.999137731,91.4,still transmitting,NA
Neophron percnopterus,Egyptian vulture (Neophron percnopterus) in Arribes del Duero (Salamanca) - SALORO,western europe,Huebra,17021,Huebra_17021,Y,Spain,Spain,M,3rd yr,immature,24,N,N,confirmed transmitter failure,resighted / recaptured,NA,655,6/15/17 14:57,4/16/19 4:48,41.05710983,41.02622986,-6.660486698,-6.678959846,669.5768056,y,0.016093,1788.330118,1.397221065,68.9,resighted?,NA
Neophron percnopterus,Egyptian Vulture Reintroduction Israel,middle east,EV10,17113,EV10_17113,Y,Israel,Sudan,unknown,224,juv,8,Y,N,confirmed transmitter failure,resighted / recaptured,NA,39,7/15/17 0:05,8/22/17 0:07,32.4717865,18.05933762,34.98392487,31.1617775,38.00115741,y,1.746055,194035.646936,1.000130787,96.1,bird resighted,"Age units are days, transmitter stopped working, bird seen alive summer 2019"
Neophron percnopterus,_Egyptian Vulture in Spain - Migra Program in Spain,western europe,Guipuzcoa 01-Zuri-5533,5533,Guipuzcoa 01-Zuri-5533_5533,Y,Spain,Mauritania,F,juv,juvenile,1,N,N,confirmed dead,transmitter recovered,unknown,134,7/17/17 8:15,11/27/17 4:00,43.16938,16.30394,-2.123876,-13.21682,132.8231019,y,0.630630037,,1,NA,"11-28-2017 it begins to appear apparently static 2 km north of Djivol in Mauritania. 12-12-2017 remains of the bird and trasnmiter are found by a local head of the area, notified by Mané. We recovered the device. Cause of death unknown",NA
Neophron percnopterus,_Egyptian Vulture in Spain - Migra Program in Spain,western europe,Guipuzcoa 02-Endoia-5534,5534,Guipuzcoa 02-Endoia-5534_5534,Y,Spain,Spain,M,juv,juvenile,1,N,N,likely transmitter failure,inferred from transmissions,NA,53,7/17/17 13:25,9/7/17 4:00,43.19792,36.33941,-2.277571,-5.968527,51.60783565,y,1.770895613,,1.331549769,NA,long time between last fixesm during which bird moved significant distance,NA
Neophron percnopterus,Neophron percnopterus. GREFA. Spain,western europe,9FC,5782,9FC_5782,Y,Spain,Morocco,F,juv,juvenile,2,N,N,unknown,unknown,NA,52,7/20/17 5:00,9/15/17 5:00,40.482207,32.65646,-4.1674682,-4.6789209,56.99965278,y,1.277459,141961.458862,0.999930556,NA,very few fixes,NA
Neophron percnopterus,LIFE_Rupis_EgyptianVultures,western europe,NeoPer_Bruco,48505470927,NeoPer_Bruco_48505470927,Y,Spain,Mali,M,4th yr,immature,37,N,N,unknown,unknown,NA,164,7/20/17 6:00,1/4/18 6:00,41.195016,13.897483,-6.680866,-9.689316,168,y,0.066386,7377.289511,1,NA,unknown,Fate unknown - data stopped transmitting in south-central Mali
Neophron percnopterus,Neophron percnopterus. GREFA. Spain,western europe,9FJ,5783,9FJ_5783,Y,Spain,Mali,F,juv,juvenile,2,N,N,unknown,unknown,NA,190,7/21/17 5:00,1/26/18 5:00,42.3284003,15.3682485,-7.2847455,-4.459704,189,y,0.136369,15154.361891,1,NA,unknown,NA
Neophron percnopterus,Egyptian vultures Dagestan2,caucasus,Malysh,116,Malysh_116,Y,Russia,Saudi Arabia,unknown,juv,juvenile,1,N,N,likely dead,static transmission,Collision with wires on power line and delivered to a rehabilitation center,69,7/23/17 8:18,10/22/17 9:58,42.98465,21.26675,47.18038,40.70254,91.06944444,y,0.011963,1329.446490,1.097013889,NA,static transmission for >10 days,Tagged in the nest
Neophron percnopterus,Egyptian vultures Dagestan2,caucasus,Sarygush,117,Sarygush_117,Y,Russia,Iraq,unknown,juv,juvenile,1,N,N,likely dead,static transmission,Caught by poachers and sold in the market,47,7/23/17 8:18,9/29/17 11:13,42.98449,34.69167,47.18051,44.03076,68.12152778,y,0.870760,96765.823503,1.739444444,NA,static transmission for >10 days,Tagged in the nest
Neophron percnopterus,Egyptian vultures Dagestan2,caucasus,Kapchug,115,Kapchug_115,Y,Russia,Azerbaijan,unknown,juv,juvenile,1,N,N,unknown,unknown,NA,31,7/23/17 10:37,9/25/17 2:59,42.98421,38.96566,47.18025,48.78752,63.68194444,y,0.559051,62126.214527,1.005763889,NA,unknown,Tagged in the nest
Neophron percnopterus,Egyptian vultures Dagestan2,caucasus,Gurman,114,Gurman_114,Y,Russia,Yemen,unknown,juv,juvenile,1,N,N,confirmed transmitter failure,inferred from transmissions,NA,449,7/24/17 12:12,11/4/18 3:27,43.00113,13.88479,47.20156,43.77549,467.6354167,y,0.287990,32003.784503,0.998055556,NA,1 sensor failed while another continued to transmit data.,Tagged in the nest
Neophron percnopterus,Released Egyptian Vultures in Italy,italy,Apollo,16093,Apollo_16093,Y,Italy,Algeria,M,juv,juvenile,15,Y,N,unknown,unknown,NA,61,7/24/17 23:09,9/27/17 4:48,40.24658966,34.45599747,16.10240936,9.631937027,64.23530093,y,0.485605,53964.312885,1.001194444,79,"transmission ceased abruptly while bird was moving. However, might also be a captured bird as signal was lost in an area with low reception (boarder area Algeria / Mali).",NA
Neophron percnopterus,Neophron percnopterus. GREFA. Spain,western europe,9FH,370,9FH_370,Y,Spain,Mali,M,juv,juvenile,2,N,N,unknown,unknown,NA,175,7/31/17 1:08,1/29/18 0:18,42.48747,13.92329,-6.84458,-12.05638,181.9651042,y,0.115248,12807.270743,0.99908912,NA,unknown,NA
Neophron percnopterus,Egyptian vulture (Neophron percnopterus) in Arribes del Duero (Salamanca) - SALORO,western europe,Camaces,17017,Camaces_17017,Y,Spain,Morocco,F,juv,juvenile,1,N,N,unknown,unknown,NA,26,7/31/17 12:29,9/11/17 2:12,41.00911331,34.08429718,-6.743571758,-5.792381763,41.57116898,y,1.175786,130662.783614,0.997916667,100,unknown,The animal was in a very bad body condition when it was marked. Surely this prevented him from surviving the conditions of the migratory trip when crossing the desert. The team responsible for marking has always ruled out any relationship with that power line.
Neophron percnopterus,Egyptian vulture (Neophron percnopterus) in Arribes del Duero (Salamanca) - SALORO,western europe,BatuecasP,17022,BatuecasP_17022,N,Spain,Spain,F,juv,juvenile,2,N,N,alive,active,NA,667,8/1/17 0:02,5/30/19 0:43,41.06285477,40.84054947,-6.766503334,-6.53962183,667.0288079,y,0.050646,5628.151238,1.0008125,100,still transmitting,Nonmigratory
Neophron percnopterus,Egyptian Vulture Reintroduction Israel,middle east,H81 Green,171081,H81 Green_171081,Y,Israel,Turkey,unknown,155,juv,6,Y,N,unknown,unknown,NA,511,10/25/17 9:12,5/30/19 1:53,32.753479,36.94350815,35.01400375,34.68184662,581.6948032,y,1.913213,212611.539154,0.996924769,88.2,"Last location hostile but with very poor GSM cover, no data for a long period",Age units are days
Cathartes aura,Turkey Vulture Acopian Center USA GPS,south america,Castagnino,163486,Castagnino_163486,Y,Argentina,Chile,unknown,ad,adult,54,N,N,alive,active,NA,552,11/24/17 19:00,5/30/19 0:00,-41.128,-35.95617,-71.24983,-71.59767,551.2083333,y,0.039635,4404.510162,1,NA,still transmitting,NA
Neophron percnopterus,Egyptian Vulture Reintroduction Israel,middle east,A25 Green,171087,A25 Green_171087,NA,Israel,Israel,unknown,582,immature,21,Y,N,unknown,unknown,NA,131,12/13/17 0:05,4/22/18 2:37,32.75230026,32.75218964,35.01338959,35.0135231,130.1057292,y,0.071663,7963.758863,0.998981481,99.5,"Last location very hostile, no data for a long period",Age units are days
Neophron percnopterus,Egyptian Vulture Reintroduction Israel,middle east,A47 Green,171082,A47 Green_171082,Y,Israel,Yemen,unknown,182,juv,7,Y,N,unknown,unknown,NA,255,12/13/17 4:05,8/24/18 2:32,32.7522583,13.0051918,35.01337051,43.67879105,253.9352546,y,1.230514,136744.572349,1.000892361,99.7,"Stopped transmitting on route to a potential no-GSM cover area, did not return after first migration, might return next year",Age units are days
Neophron percnopterus,Egyptian Vulture Reintroduction Israel,middle east,A26 Green,171080,A26 Green_171080,Y,Israel,Egypt,unknown,208,juv,7,Y,N,alive,active,NA,356,12/13/17 4:06,5/30/19 2:17,32.75217819,29.94383049,35.01340485,33.7244606,532.9246412,y,1.604660,178322.651590,0.996923611,91.6,still transmitting,Age units are days
Neophron percnopterus,Egyptian Vulture Reintroduction Israel,middle east,H42 Green,171086,H42 Green_171086,Y,Israel,Palestine,unknown,570,immature,20,Y,N,alive,active,NA,427,12/13/17 4:06,5/30/19 2:08,32.75216293,31.48824501,35.01342392,35.31668472,532.9183218,y,1.172745,130324.797359,1.00050463,82.3,still transmitting,Age units are days
Neophron percnopterus,Egyptian Vulture Reintroduction Israel,middle east,H50 Green,171084,H50 Green_171084,NA,Israel,Egypt,unknown,207,juv,7,Y,N,confirmed dead,transmitter recovered,"Found in a drinking pool, possibly drowned after exhaustion",239,12/13/17 4:06,8/8/18 2:43,32.75217056,28.13488197,35.01344299,34.36839676,237.9425,y,1.065837,118444.328691,1.001391204,99.4,Found,Age units are days
Neophron percnopterus,Egyptian Vulture Reintroduction Israel,middle east,H94 Blue,171085,H94 Blue_171085,Y,Israel,Turkey,unknown,545,immature,19,Y,N,confirmed dead,transmitter recovered,Electrocuted,521,12/13/17 4:06,5/17/19 2:07,32.75212479,36.40061188,35.01343918,33.67343903,519.9177315,y,1.346377,149620.174699,1.001606481,96.1,Found,Age units are days
Neophron percnopterus,Egyptian Vulture Reintroduction Israel,middle east,H60 Blue,16124,H60 Blue_16124,Y,Israel,Syrian Arab Republic,unknown,550,immature,19,Y,N,alive,active,NA,360,12/13/17 5:22,5/30/19 1:33,32.75217819,33.0796051,35.01341629,35.67793655,532.8411921,y,0.003782,420.332436,0.999958333,87.4,still transmitting,Age units are days
Neophron percnopterus,McGrady.Meyburg,oman,70107,12,70107_12,N,Oman,Oman,unknown,2nd yr,immature,7,N,N,alive,active,NA,501,1/13/18 2:00,5/30/19 0:00,23.33967,22.71133,58.45383,59.0225,501.9166667,y,0.050908,5657.291111,0.995833333,NA,still transmitting,NA
Neophron percnopterus,McGrady.Meyburg,oman,171325,5,171325_5,N,Oman,Oman,unknown,ad,adult,54,N,N,alive,active,NA,318,1/15/18 0:14,5/30/19 1:23,23.358963,23.457968,58.591347,58.624062,500.0477662,y,0.004121,457.964600,1.399763889,NA,still transmitting,NA
Neophron percnopterus,McGrady.Meyburg,oman,171327,7,171327_7,N,Oman,Oman,unknown,ad,adult,54,N,N,unknown,unknown,NA,146,1/18/18 0:08,6/16/18 0:02,23.333981,23.333454,58.459003,58.458832,148.9958218,y,0.205854,22876.182985,1.000043981,NA,unknown,Tag not performing well
Neophron percnopterus,Omanvulture,oman,16095,16095,16095_16095,N,Oman,Oman,unknown,ad,adult,54,N,N,alive,active,NA,496,1/19/18 10:49,5/30/19 1:23,23.33503151,23.30084038,58.45743179,58.6533699,495.6069329,y,0.007178,797.633222,0.981116898,75.5,still transmitting,NA
Neophron percnopterus,McGrady.Meyburg,oman,171330,10,171330_10,N,Oman,Oman,unknown,ad,adult,54,N,N,alive,active,NA,438,1/19/18 11:07,5/30/19 1:23,23.338934,23.322981,58.449287,58.418118,495.5939005,y,0.032349,3594.833998,1.0998125,NA,still transmitting,NA
Neophron percnopterus,McGrady.Meyburg,oman,171329,9,171329_9,N,Oman,Oman,unknown,ad,adult,54,N,N,likely transmitter failure,inferred from transmissions,NA,289,1/20/18 0:17,2/8/19 2:47,23.285469,23.276367,58.333851,58.332546,384.1046296,y,0.049147,5461.663269,7.223090278,NA,increasing interval between transmissions,NA
Neophron percnopterus,Omanvulture,oman,171318,171318,171318_171318,N,Oman,Iran (Islamic Republic of),unknown,ad,adult,54,N,N,alive,active,NA,496,1/20/18 9:48,5/30/19 1:47,23.33926582,27.21995735,58.4492836,56.18041611,494.6662847,y,0.017430,1936.979710,1.001390046,77.7,still transmitting,NA
Neophron percnopterus,McGrady.Meyburg,oman,95784,15,95784_15,N,Oman,Oman,unknown,ad,adult,54,N,N,alive,active,NA,451,1/20/18 12:00,5/25/19 9:00,23.33417,23.34517,58.46533,58.46333,489.875,y,0.154288,17145.709974,1.141666667,NA,still transmitting,Tag not performing well
Neophron percnopterus,McGrady.Meyburg,oman,171328,8,171328_8,N,Oman,Oman,unknown,ad,adult,54,N,N,alive,active,NA,277,1/21/18 0:03,5/30/19 1:22,23.111874,23.121912,58.837193,58.852936,494.0545949,y,0.008641,960.234822,1.499603009,NA,still transmitting,NA
Neophron percnopterus,McGrady.Meyburg,oman,47638,11,47638_11,N,Oman,Oman,unknown,ad,adult,54,N,N,likely dead,abrupt termination,NA,251,1/21/18 5:00,9/28/18 1:00,23.33067,23.3345,58.45033,58.47683,249.8333333,y,0.007413,823.783863,1.029166667,NA,static transmissions for months,gps ceased 29 Sept 2018
Neophron percnopterus,McGrady.Meyburg,oman,171326,6,171326_6,N,Oman,Oman,unknown,ad,adult,54,N,N,alive,active,NA,465,1/22/18 0:24,5/30/19 0:01,23.377052,23.330379,58.313049,58.444141,492.9843634,y,0.087555,9729.822931,1.000053241,NA,still transmitting,NA
Neophron percnopterus,McGrady.Meyburg,oman,52027,1,52027_1,N,Oman,Oman,unknown,ad,adult,7,N,N,unknown,unknown,NA,63,1/22/18 9:00,9/12/18 10:00,23.23667,23.11883,58.42733,58.28533,233.0416667,y,0.134441,14940.107885,1.295833333,NA,unknown,NA
Neophron percnopterus,McGrady.Meyburg,oman,139,2,139_2,N,Oman,Oman,unknown,ad,adult,54,N,N,likely transmitter failure,inferred from transmissions,NA,296,1/23/18 12:24,12/12/18 12:28,23.522387,23.339338,58.445302,58.45815,323.0027778,y,0.099234,11027.631390,3.672847222,NA,long interval between fixes preceeding going offline,gps ceased 13 Dec 2018
Neophron percnopterus,Egyptian vulture in France (grands Causses-Baronnies),western europe,Causses_2018_Imm_wild_OR171075_4X,171075,Causses_2018_Imm_wild_OR171075_4X_171075,Y,France,Spain,unknown,2nd yr,immature,22,N,Y,alive,active,NA,421,4/5/18 12:00,5/30/19 3:33,44.20375443,36.43340302,3.255665064,-5.97423315,419.6479167,y,0.065524,7281.503398,1.000688657,67.6,still transmitting,"born wild in Gorges de la Dourbie, found weakened in Sept 2017. released in sept 2017, found again. Kept in captivity and rehabilitated the whole winter 2017-2018. released 05/04/2018. recovered again in Dourbie Canyon on 16 May 2018. "
Neophron percnopterus,Egyptian vulture Kobierzycki Pyrenees,western europe,Ossau_2018_Ad_wild_OR17996_PC0,17996,Ossau_2018_Ad_wild_OR17996_PC0_17996,Y,France,France,M,ad,adult,54,N,N,alive,active,NA,307,4/21/18 3:44,5/30/19 5:59,43.06973267,43.06936646,-0.415683329,-0.424849987,404.0939468,y,0.005853,650.384510,0.990020833,48.9,still transmitting,Adult caught in Ossau (Castet) 21/04/2018. age unknown
Neophron percnopterus,Neophron percnopterus Bulgaria/Greece,balkans,Polya,171356,Polya_171356,Y,Bulgaria,Sudan,F,2nd yr,immature,11,Y,N,alive,active,NA,380,5/16/18 0:14,5/30/19 1:56,41.59454346,16.45769691,25.64137459,33.92584229,379.0704282,y,0.142734,15861.748731,0.99962037,83.8,still transmitting,NA
Neophron percnopterus,Neophron percnopterus Bulgaria/Greece,balkans,Akaga,171362,Akaga_171362,Y,Bulgaria,Ethiopia,unknown,2nd yr,immature,11,Y,N,alive,active,NA,380,5/16/18 0:15,5/30/19 6:19,41.59421539,12.42877293,25.64131165,40.21025467,379.2530556,y,0.243611,27071.969536,1.015836806,99.1,still transmitting,NA
Neophron percnopterus,Neophron percnopterus Bulgaria/Greece,balkans,Boyana,171357,Boyana_171357,Y,Bulgaria,Chad,F,2nd yr,immature,11,Y,N,alive,active,NA,380,5/16/18 0:16,5/30/19 3:09,41.59446335,13.17770863,25.64115906,17.37357903,379.1201852,y,0.049384,5487.978824,0.999862269,93,still transmitting,NA
Neophron percnopterus,Neophron percnopterus Bulgaria/Greece,balkans,Panteley,171360,Panteley_171360,Y,Bulgaria,Bulgaria,M,2nd yr,immature,11,Y,N,alive,active,NA,379,5/16/18 0:28,5/30/19 1:16,41.59446335,41.59857941,25.64143372,23.84302521,379.0337847,y,0.783109,87025.344620,0.997462963,91.8,still transmitting,NA
Cathartes aura,Turkey Vulture Acopian Center USA GPS,north america - western,Coy,174648,Coy_174648,Y,United States,United States,unknown,ad,adult,54,N,N,alive,active,NA,364,6/1/18 23:00,5/30/19 0:00,47.00033,47.28,-123.94783,-123.37617,362.0416667,y,0.118730,13194.267668,1,NA,still transmitting,NA
Cathartes aura,Turkey Vulture Acopian Center USA GPS,north america - western,Grayland,174649,Grayland_174649,Y,United States,Canada,unknown,ad,adult,54,N,N,alive,active,NA,363,6/2/18 17:00,5/30/19 0:00,46.8325,49.78783,-124.1075,-123.1745,361.2916667,y,0.114048,12673.887471,1,NA,still transmitting,NA
Cathartes aura,Turkey Vulture Acopian Center USA GPS,north america - western,Airy,163484,Airy_163484,N,United States,United States,unknown,ad,adult,54,N,N,unknown,unknown,unknown,57,6/6/18 2:00,8/5/18 0:00,47.00317,47.34883,-124.143,-124.28433,59.91666667,y,0.086295,9589.778314,0.995833333,NA,transmisson from same location over a period of time,NA
Cathartes aura,Turkey Vulture Acopian Center USA GPS,north america - western,Artful_Dodger,163485,Artful_Dodger_163485,Y,United States,United States,unknown,ad,adult,54,N,N,alive,active,NA,358,6/7/18 2:00,5/30/19 0:00,47.0105,46.96967,-124.147,-123.89633,356.9166667,y,0.048978,5442.872080,1,NA,still transmitting,NA
Neophron percnopterus,Egyptian Vulture wild-birds Israel,middle east,Gamla 2018 J4107,180322,Gamla 2018 J4107_180322,Y,Syrian Arab Republic,Chad,unknown,juv,juvenile,1,N,N,alive,active,NA,302,7/11/18 12:04,5/29/19 5:08,32.89861298,15.66723537,35.76422882,23.67345619,321.7116551,y,1.511098,167925.267428,1.793453704,85.3,still transmitting,Tagged in the nest
Neophron percnopterus,Egyptian Vulture wild-birds Israel,middle east,Gamla 2018 H36 Green,180319,Gamla 2018 H36 Green_180319,Y,Syrian Arab Republic,Sudan,unknown,juv,juvenile,1,N,N,unknown,unknown,NA,73,7/11/18 13:14,11/8/18 5:44,32.89871979,10.14315987,35.76559448,29.12295341,119.6876968,y,0.887648,98642.493380,1.008082176,98.2,transmission ceased in a no-GSM wintering area,Tagged in the nest
Neophron percnopterus,_Egyptian Vulture in Spain - Migra Program in Spain,western europe,Guipuzcoa 03 - Ekhi - 5533,5533,Guipuzcoa 03 - Ekhi - 5533_5533,Y,Spain,Mauritania,unknown,juv,juvenile,1,N,N,alive,active,NA,311,7/19/18 16:04,5/30/19 4:00,42.96061,16.89298,-2.360367,-12.39253,314.4972222,y,0.335790011,,0.998859954,NA,still transmitting,NA
Neophron percnopterus,_Egyptian Vulture in Spain - Migra Program in Spain,western europe,La Rioja 03 - Lidia -REKI38,48797732417,La Rioja 03 - Lidia -REKI38_48797732417,Y,Spain,Senegal,unknown,juv,juvenile,1,N,N,alive,active,NA,305,7/20/18 6:00,5/30/19 6:00,42.88157,14.99103,-2.632999,-15.7048,314,y,0.004405088,,1,NA,still active,NA
Neophron percnopterus,Neophron percnopterus Bulgaria/Greece,balkans,Blanka,171345,Blanka_171345,Y,Bulgaria,Ethiopia,F,juv,juvenile,2,Y,N,confirmed dead,carcass found,probably injured by people/animals and suffered to death,79,8/2/18 6:02,10/19/18 0:02,41.64996719,11.90906811,25.84464073,41.59094238,77.7497338,y,0.001756,195.163438,1.000011574,100,retrieved transmitter and carcass,The bird died on 21.10 in the morning
Neophron percnopterus,Neophron percnopterus. GREFA. Spain,western europe,95N,181641,95N_181641,Y,Spain,Spain,M,ad,adult,54,N,N,alive,active,NA,302,8/2/18 8:50,5/30/19 2:38,41.53552246,41.48222351,-3.589221716,-3.581470013,300.7418056,y,0.000893,99.279866,0.999998843,98.8,still transmitting,NA
Neophron percnopterus,Neophron percnopterus. GREFA. Spain,western europe,95P,6471,95P_6471,Y,Spain,Senegal,M,juv,juvenile,3,N,N,alive,active,NA,294,8/6/18 5:00,5/30/19 5:00,41.2050675,14.9075907,-4.8270731,-16.1349876,296.9997222,y,0.002529,280.992149,0.999979167,NA,still transmitting,NA
Neophron percnopterus,Neophron percnopterus Bulgaria/Greece,balkans,Belgin,171346,Belgin_171346,Y,Bulgaria,Turkey,unknown,juv,juvenile,2,N,N,likely dead,inferred from transmissions,drowned,41,8/9/18 1:56,9/18/18 0:17,41.63591003,36.2170105,25.85634422,29.85806656,39.93148148,y,0.783055,87019.298145,0.999296296,98.1,ceased near sea,track ends in sea
Neophron percnopterus,Neophron percnopterus Bulgaria/Greece,balkans,Anna,171348,Anna_171348,Y,Bulgaria,Turkey,F,juv,juvenile,2,Y,N,confirmed dead,resighted / recaptured,exhaustion,35,8/10/18 0:53,9/15/18 0:01,41.63582993,37.2335434,25.85588837,34.84251404,35.96383102,y,1.281916,142456.815367,0.999230324,87.3,recaptured,"would have died of exhaustion, but recaptured"
Neophron percnopterus,Neophron percnopterus Bulgaria/Greece,balkans,Zikmund,171349,Zikmund_171349,NA,Bulgaria,Greece,F,juv,juvenile,2,Y,N,confirmed dead,resighted / recaptured,human imprinting,27,8/10/18 2:49,9/11/18 0:19,41.63608551,40.96373749,25.85622025,25.64482498,31.89597222,y,0.100827,11204.757420,1.000032407,67.3,recaptured,would have died due to too strong affinity to humans
Neophron percnopterus,ISPRA,italy,Binca_IHB,AF5AF11F,Bianca_IHB_AF5AF11F,Y,Italy,Italy,F,juv,juvenile,2,Y,N,confirmed dead,carcass found,NA,25,8/16/18 8:59,9/12/18 5:00,40.6451833,36.7739717,16.66185,12.0043667,26.83435185,y,1.062956,118124.138140,1,NA,retrieved transmitter and carcass,"Probably poisoned. The carcass showed clear signs of convulsions (fethers abraded, turned nek and open beak)"
Neophron percnopterus,ISPRA,italy,Clara_IHC,B05AF11F,Clara_IHC_B05AF11F,NA,Italy,Tunisia,F,juv,juvenile,2,Y,N,confirmed dead,carcass found,NA,24,8/16/18 9:30,9/8/18 6:00,40.64519,37.7127983,16.6618667,12.6724333,22.85444444,y,0.679749,75539.185322,0.999971065,NA,retrieved transmitter and carcass,X rays revealed many gunshot in the carcass
Neophron percnopterus,Egyptian Vulture wild-birds Israel,middle east,Amud H08 Blue,180318,Amud H08 Blue_180318,Y,Israel,Israel,unknown,ad,adult,54,N,Y,alive,active,NA,284,8/20/18 14:46,5/30/19 2:03,32.88889694,32.9209938,35.49689102,35.5478096,282.4706944,y,0.058568,6508.567263,0.983549769,90.4,still transmitting,"Found not flying, treated for a week at the Is Israel Wildlife Hospital and released. Migrated 2018 and returned to the same area in 2019, seen in a nest with two chicks."
Cathartes aura,Turkey Vulture Acopian Center USA GPS,north america - western,Edgar,175727,Edgar_175727,Y,United States,United States,unknown,ad,adult,54,N,N,alive,active,NA,258,9/15/18 23:00,5/30/19 0:00,33.282,33.3605,-111.14517,-111.13733,256.0416667,y,0.051051,5673.187305,1,NA,still transmitting,NA
Cathartes aura,Turkey Vulture Acopian Center USA GPS,north america - western,Superior,171645,Superior_171645,Y,United States,United States,unknown,ad,adult,54,N,N,alive,active,NA,256,9/16/18 21:00,5/30/19 0:00,33.283,33.3295,-111.14467,-111.17533,255.125,y,0.034996,3889.019263,1,NA,still transmitting,NA
Cathartes aura,Turkey Vulture Acopian Center USA GPS,north america - western,Malcom,163489,Malcom_163489,Y,United States,United States,unknown,ad,adult,54,N,N,alive,active,NA,246,9/16/18 22:00,5/25/19 0:00,33.28283,33.20033,-111.1025,-111.12083,250.0833333,y,0.010383,1153.894921,1.1875,NA,still transmitting,NA
Cathartes aura,Turkey Vulture Acopian Center USA GPS,north america - western,Picket Post,171646,Picket Post_171646,Y,United States,United States,unknown,ad,adult,54,N,N,alive,active,NA,247,9/17/18 0:00,5/30/19 3:00,33.28333,33.3095,-111.1445,-111.06483,255.125,y,0.014257,1584.357119,1.429166667,NA,still transmitting,NA
Cathartes aura,Turkey Vulture Acopian Center USA GPS,north america - western,Queen Creek,175728,Queen Creek_175728,Y,United States,Mexico,unknown,ad,adult,54,N,N,unknown,unknown,NA,73,9/18/18 0:00,11/30/18 0:00,33.29217,19.46017,-111.07217,-102.5695,73,y,0.060856,6762.807568,1.1,NA,unknown,NA
Neophron percnopterus,Egyptian Vulture Reintroduction Israel,middle east,H42 Blue,180323,H42 Blue_180323,NA,Israel,Saudi Arabia,unknown,171,juv,6,Y,N,likely dead,static transmission,NA,32,12/13/18 15:05,1/13/19 3:55,32.75046158,30.20084763,35.01750183,38.76715088,30.53461806,y,0.510123,56688.942410,0.998751157,36.9,"Same location for a long period, was searched for 4 months after disapearnace with nothing found",Age units are days
Neophron percnopterus,Egyptian Vulture Reintroduction Israel,middle east,H54 Green,180324,H54 Green_180324,NA,Israel,Syrian Arab Republic,unknown,551,immature,20,Y,N,unknown,unknown,NA,147,12/22/18 4:09,5/20/19 5:29,32.75208282,36.32237244,35.01375961,40.25368881,149.0554282,y,1.137203,126375.148992,1.000888889,100,"Last location hostile but with very poor GSM cover, no data for a long period",Age units are days
Neophron percnopterus,Egyptian Vulture Reintroduction Israel,middle east,H70 Green,180326,H70 Green_180326,Y,Israel,Turkey,unknown,543,immature,19,Y,N,alive,active,NA,156,12/22/18 4:10,5/30/19 1:19,32.75210953,39.93067551,35.0135231,40.65314484,158.8810069,y,0.860195,95591.779076,0.99847338,97.9,still transmitting,Age units are days
Neophron percnopterus,Egyptian Vulture Reintroduction Israel,middle east,H57 Green,180325,H57 Green_180325,Y,Israel,Turkey,unknown,549,immature,19,Y,N,confirmed dead,transmitter recovered,Electrocuted,98,12/23/18 4:10,4/4/19 6:17,32.75209427,37.7419548,35.01347733,36.8273735,102.0884838,y,0.648800,72099.809172,1.010130787,79.4,Found,Age units are days
Neophron percnopterus,Egyptian Vulture Reintroduction Israel,middle east,H92 Green,180320,H92 Green_180320,NA,Israel,Israel,unknown,223,juv,8,Y,N,confirmed transmitter failure,resighted / recaptured,NA,73,12/23/18 4:10,3/18/19 3:22,32.7522316,32.75212097,35.01348495,35.01334763,84.96701389,y,0.001807,200.799628,0.999152778,42.8,"transmission ceased abruptly, bird seen alive later","Age units are days, transmitter fell, seen alive March 2019"
Neophron percnopterus,Egyptian Vulture Reintroduction Israel,middle east,H73 Blue,180327,H73 Blue_180327,Y,Israel,Turkey,unknown,577,immature,20,Y,N,confirmed dead,transmitter recovered,"Unknown, awaiting details from Turkish authorities",96,12/24/18 4:10,3/29/19 3:02,32.75222015,37.01908875,35.01353073,35.53696823,94.95304398,y,0.541408,60165.607894,0.998719907,98,found,Age units are days
Neophron percnopterus,Egyptian Vulture Reintroduction Israel,middle east,X86 Blue,180321,X86 Blue_180321,NA,Israel,Israel,unknown,219,juv,8,Y,N,confirmed dead,transmitter recovered,Electrocuted,11,12/24/18 4:11,1/3/19 4:14,32.75218201,32.69799423,35.01345825,34.99830246,10.00262731,y,0.031212,3468.552362,1.00027662,23.8,Found,Age units are days
Neophron percnopterus,Neophron percnopterus Bulgaria/Greece,horn of africa,Chuupa,182258,Chuupa_182258,NA,Ethiopia,Ethiopia,unknown,2nd yr,immature,7,N,N,alive,active,NA,84,1/20/19 9:16,5/19/19 8:05,8.856550217,10.44137192,39.91941833,41.90215683,118.9508218,y,0.303856,33766.855226,4.684927083,100,still transmitting,"tagged in Horn of Africa. Population determination based on where they migrated to. For birds that did not migrate, left as HoA"
Neophron percnopterus,Neophron percnopterus Bulgaria/Greece,horn of africa,Fentale,182251,Fentale_182251,N,Ethiopia,Ethiopia,unknown,3rd yr,immature,19,N,N,unknown,unknown,NA,102,1/22/19 9:02,5/3/19 1:42,9.062495232,11.77626705,39.91034317,40.90812683,100.694375,y,0.325844,36210.406812,0.999403935,100,unknown,"tagged in Horn of Africa. Population determination based on where they migrated to. For birds that did not migrate, left as HoA"
Neophron percnopterus,Neophron percnopterus Bulgaria/Greece,horn of africa,Qero,182266,Qero_182266,NA,Ethiopia,Ethiopia,M,2nd yr,immature,7,N,N,alive,active,NA,129,1/22/19 12:00,5/30/19 1:37,8.905138016,10.7673769,39.77139664,40.65172958,127.5673148,y,0.011428,1270.002122,0.999905093,100,still transmitting,"tagged in Horn of Africa. Population determination based on where they migrated to. For birds that did not migrate, left as HoA"
Neophron percnopterus,Neophron percnopterus Bulgaria/Greece,horn of africa,Lucy,182263,Lucy_182263,NA,Ethiopia,Ethiopia,unknown,4th yr,immature,31,N,N,alive,active,NA,127,1/24/19 8:32,5/30/19 1:31,11.87216854,12.84275627,40.87143326,40.98961258,125.7076505,y,0.177621,19738.611369,1.002706019,99.8,still transmitting,"tagged in Horn of Africa. Population determination based on where they migrated to. For birds that did not migrate, left as HoA"
Neophron percnopterus,Neophron percnopterus Bulgaria/Greece,unknown,Ardi,182265,Ardi_182265,Y,Ethiopia,Saudi Arabia,unknown,ad,adult,54,N,N,likely dead,static transmission,NA,127,1/24/19 14:29,5/30/19 1:13,11.79798126,20.23863792,41.05654526,43.19859695,125.4472569,y,0.000379,42.165297,0.999767361,100,static transmissions for 1 month,"tagged in Horn of Africa. Population determination based on where they migrated to. For birds that did not migrate, left as HoA"
Neophron percnopterus,Neophron percnopterus Bulgaria/Greece,horn of africa,Alimerah,182254,Alimerah_182254,N,Ethiopia,Ethiopia,unknown,2nd yr,immature,7,N,N,alive,active,NA,126,1/25/19 7:55,5/30/19 1:33,11.67359829,11.78143692,40.97370148,41.03799057,124.7345833,y,0.052353,5817.843733,0.999767361,100,still transmitting,"tagged in Horn of Africa. Population determination based on where they migrated to. For birds that did not migrate, left as HoA"
Neophron percnopterus,Neophron percnopterus Bulgaria/Greece,balkans,Ertale,182252,Ertale_182252,Y,Ethiopia,Turkey,unknown,ad,adult,54,N,N,alive,active,NA,125,1/26/19 9:05,5/30/19 0:32,11.54074192,39.50958633,40.81601715,32.15328979,123.6433333,y,0.321795,35760.472099,0.999230324,100,still transmitting,"tagged in Horn of Africa. Population determination based on where they migrated to. For birds that did not migrate, left as HoA"
Neophron percnopterus,Egyptian Vulture wild-birds Israel,middle east,Tlalim C48 Blue,171405,Tlalim C48 Blue_171405,NA,Israel,Israel,unknown,ad,adult,54,N,Y,alive,active,NA,74,3/18/19 11:30,5/30/19 2:11,30.8218708,31.01068306,34.83675003,34.88015747,72.61133102,y,0.000862,95.799337,0.999690972,100,still transmitting,"Found (probably) posioned, treated for a week at the Is Israel Wildlife Hospital and released."
Neophron percnopterus,Egyptian vulture in France (grands Causses-Baronnies),western europe,Baronnies_2019_Imm_wild_OR181635_5T,181635,Baronnies_2019_Imm_wild_OR181635_5T_181635,NA,France,France,unknown,2nd yr,immature,22,N,Y,alive,active,collsion with powerline,60,4/1/19 17:25,5/30/19 3:36,44.43438339,43.85716248,5.322945118,5.932906628,58.42417824,y,0.193764,21532.606125,0.997450231,74.2,still transmitting,"born wild, found weakened in Baronnies in autumn 2018. kept in rehabilitation whole winter. released in Baronnies in April 2019"
Neophron percnopterus,Neophron percnopterus Bulgaria/Greece,middle east,Wesal,182264,Wesal_182264,NA,Jordan,Turkey,unknown,ad,adult,54,N,Y,alive,active,NA,46,4/15/19 6:14,5/30/19 0:18,30.69724083,37.00724411,35.57994461,39.23025131,44.75239583,y,0.304601,33849.650143,0.999075231,99.9,still transmitting,"confiscated by RSCN in Jordan, rehabilitated for >1 year, and released"
Neophron percnopterus,Egyptian Vulture wild-birds Israel,middle east,Segev-Shalom 2019 I00,190588,Segev-Shalom 2019 I00_190588,NA,Jordan,Saudi Arabia,unknown,3rd yr,immature,22,N,Y,likely dead,static transmission,NA,9,4/18/19 7:40,4/26/19 3:09,30.7135601,29.00510406,35.41505814,41.50872803,7.811944444,y,1.083355,120391.098221,0.978616255,95.77777778,"Transmitted from same location in SA-Iraq border for a few weeks, after roosting on what seems like a military antena","Found (probably) posioned, treated for a week at the Is Israel Wildlife Hospital and released."
Neophron percnopterus,Neophron percnopterus Bulgaria/Greece,balkans,Andi,182261,Andi_182261,NA,Bulgaria,Bulgaria,M,2nd yr,immature,11,Y,N,alive,active,NA,16,5/15/19 1:04,5/30/19 0:05,41.59440231,41.5983963,25.64131165,25.63884735,14.95892361,y,0.000242,26.852081,1.00002662,81.4,"still transmitting, very few relocations on this tx",NA
Neophron percnopterus,Neophron percnopterus Bulgaria/Greece,balkans,Fer,182253,Fer_182253,NA,Bulgaria,Bulgaria,unknown,2nd yr,immature,11,Y,N,alive,active,NA,16,5/15/19 1:04,5/30/19 0:00,41.59442902,41.5982132,25.64137077,25.63885498,14.9552662,y,0.000589,65.478951,0.999997685,92.4,"still transmitting, very few locations",NA
Neophron percnopterus,Neophron percnopterus Bulgaria/Greece,balkans,Sharka,182256,Sharka_182256,NA,Bulgaria,Bulgaria,unknown,2nd yr,immature,11,Y,N,confirmed dead,carcass found,killed by predator,2,5/15/19 1:04,5/16/19 1:03,41.59423447,41.59809494,25.64156151,25.6211338,0.999247685,y,0.011522,1280.383144,0.983831019,99,carcass found,Killed by predator 3 days after the release