"id.tag","species","study.name","id","tag","start.date","end.date","start.lat","start.long","end.lat","end.long","mean.GPS.dist.last10fixes","mean.GPS.fixrate.last10fixes","mean.battery.charge.percent.last10fixes","deployment.duration","fate","age.at.deployment","sex","captive.raised","rehabilitated","how.fate.determined","cause.of.death","death.or.failure.date","comments","start.country","end.country","n.locs","start.date.adjusted","end.date.adjusted"
"1_163","Cathartes aura","Black Vultures and Turkey Vultures Southeastern USA","1",163,"2013-06-26 14:07:33","2015-08-31 00:00:52",33.16381,-81.63951,33.25171,-81.72544,0.0567723196103417,1.00030671296296,NA,795.412025462963,"alive","6","F","N","N","Transmitter active and moving by ""end date""",NA,NA,NA,"United States","United States",797,NA,NA
"123_178","Cathartes aura","Black Vultures and Turkey Vultures Southeastern USA","123",178,"2014-04-23 19:44:16","2015-08-31 00:09:07",33.25997,-81.73826,33.02271,-81.5056,0.0468000099640937,0.999747685185185,NA,494.183923611111,"alive","6","M","N","N","Transmitter active and moving by ""end date""",NA,NA,NA,"United States","United States",493,NA,NA
"13_180","Cathartes aura","Black Vultures and Turkey Vultures Southeastern USA","13",180,"2013-06-27 18:49:55","2013-12-20 00:14:25",33.22092,-81.5618,32.02984,-81.25777,0.152141801328088,1.00020138888889,NA,175.225347222222,"likely transmitter failure","6","F","N","N","Transmission ceased at a point where the bird was clearly moving along a trajectory. There was no collection of stationary locations to suggest a specific drop point, thus we suspect transmitter failure.",NA,NA,NA,"United States","United States",177,NA,NA
"3_173","Cathartes aura","Black Vultures and Turkey Vultures Southeastern USA","3",173,"2013-06-26 14:38:58","2015-08-31 00:19:35",33.1638,-81.63956,33.15512,-81.57771,0.0556006749985913,0.999696759259259,NA,795.403206018519,"alive","6","F","N","N","Transmitter active and moving by ""end date""",NA,NA,NA,"United States","United States",797,NA,NA
"6_171","Cathartes aura","Black Vultures and Turkey Vultures Southeastern USA","6",171,"2013-06-17 13:19:20","2015-08-31 00:14:49",33.16323,-81.63931,33.16438,-81.39533,0.0976903524432249,0.999496527777778,NA,804.455196759259,"alive","6","M","N","N","Transmitter active and moving by ""end date""",NA,NA,NA,"United States","United States",806,NA,NA
"60_172","Cathartes aura","Black Vultures and Turkey Vultures Southeastern USA","60",172,"2013-07-05 12:52:58","2015-08-31 00:12:34",33.16302,-81.64008,33.1322,-81.40866,0.13207669256164,0.999657407407407,NA,786.471944444444,"alive","6","M","N","N","Transmitter active and moving by ""end date""",NA,NA,NA,"United States","United States",787,NA,NA
"75_176","Cathartes aura","Black Vultures and Turkey Vultures Southeastern USA","75",176,"2013-07-09 15:31:45","2015-08-31 00:22:16",33.26114,-81.73846,33.38986,-81.84455,0.0155131962800712,0.998978009259259,NA,782.368414351852,"alive","6","M","N","N","Transmitter active and moving by ""end date""",NA,NA,NA,"United States","United States",783,NA,NA
"90_166","Cathartes aura","Black Vultures and Turkey Vultures Southeastern USA","90",166,"2013-07-30 14:34:17","2015-08-31 00:08:35",33.16219,-81.64264,32.53167,-81.15254,0.054211920038044,1.00159375,NA,761.398819444444,"alive","6","M","N","N","Transmitter active and moving by ""end date""",NA,NA,NA,"United States","United States",763,NA,NA
"91_179","Cathartes aura","Black Vultures and Turkey Vultures Southeastern USA","91",179,"2013-07-31 15:52:51","2015-08-31 00:19:34",33.16277,-81.64166,33.20603,-81.2645,0.196685745211501,1.00043055555556,NA,760.351886574074,"alive","6","M","N","N","Transmitter active and moving by ""end date""",NA,NA,NA,"United States","United States",762,NA,NA
"BatuecasA_17020","Neophron percnopterus","Egyptian vulture (Neophron percnopterus) in Arribes del Duero (Salamanca) - SALORO","BatuecasA",17020,"2017-06-15 14:48:52","2019-05-30 04:56:57",41.05354,-6.663703,41.06196,-6.769112,0.00341012589904457,0.999137731481481,91.4,713.588946759259,"alive","6","M","N","N",NA,NA,NA,NA,"Spain","Spain",715,"",""
"BatuecasP_17022","Neophron percnopterus","Egyptian vulture (Neophron percnopterus) in Arribes del Duero (Salamanca) - SALORO","BatuecasP",17022,"2017-08-01 00:02:30","2019-05-30 00:43:59",41.06285,-6.766503,40.84055,-6.539622,0.0506463334016173,1.0008125,100,667.02880787037,"alive","1","F","N","N",NA,NA,NA,"Nonmigratory","Spain","Spain",667,"",""
"Camaces_17017","Neophron percnopterus","Egyptian vulture (Neophron percnopterus) in Arribes del Duero (Salamanca) - SALORO","Camaces",17017,"2017-07-31 12:29:37","2017-09-11 02:12:06",41.00911,-6.743572,34.0843,-5.792382,1.17578598577446,0.997916666666667,100,41.5711689814815,"likely dead","1","F","N","N",NA,NA,NA,"Last location close to power line in Morocco not possible to send field team to investigate","Spain","Morocco",26,"",""
"Huebra_17021","Neophron percnopterus","Egyptian vulture (Neophron percnopterus) in Arribes del Duero (Salamanca) - SALORO","Huebra",17021,"2017-06-15 14:57:25","2019-04-16 04:48:01",41.05711,-6.660487,41.02623,-6.67896,0.0160926762478935,1.39722106481481,68.9,669.576805555556,"confirmed transmitter failure","6","M","N","N",NA,NA,NA,NA,"Spain","Spain",655,"",""
"Agri_130662","Neophron percnopterus","Egyptian Vulture (Neophron percnopterus), Turkey, Armenia, Ethiopia ","Agri",130662,"2013-06-22 01:00:00","2014-07-19 01:44:25",40.08083,43.667,39.783,43.254,0.0256068372367126,3.5232662037037,NA,392.030844907407,"unknown","6","unknown","N","N",NA,NA,NA,NA,"Turkey","Turkey",324,"6/23/13 0:00",""
"Aras_118176","Neophron percnopterus","Egyptian Vulture (Neophron percnopterus), Turkey, Armenia, Ethiopia ","Aras",118176,"2012-08-18 13:00:00","2013-02-04 01:00:00",40.12183,43.5835,10.1725,40.24533,0.0673421281048931,1,NA,169.5,"unknown","3","unknown","N","N",NA,NA,NA,NA,"Turkey","Ethiopia",164,"8/17/12 0:00",""
"Ardahan_210","Neophron percnopterus","Egyptian Vulture (Neophron percnopterus), Turkey, Armenia, Ethiopia ","Ardahan",210,"2013-06-22 01:14:53","2014-09-17 00:27:08",40.07148,43.66676,16.81774,42.84321,2.31584032297777,1.03611342592593,NA,451.966840277778,"unknown","6","unknown","N","N",NA,NA,NA,NA,"Turkey","Saudi Arabia",451,"6/24/13 0:00",""
"Armenia2_48500703868","Neophron percnopterus","Egyptian Vulture (Neophron percnopterus), Turkey, Armenia, Ethiopia ","Armenia2",48500703868,"2015-07-22 05:01:00","2015-10-18 00:01:00",39.4918,46.35705,7.746899,43.0665,0.439060417111385,1,NA,87.7916666666667,"unknown","3","unknown","N","N",NA,NA,NA,NA,"Armenia","Ethiopia",89,"7/22/15 0:00",""
"Armenia3_48500704009","Neophron percnopterus","Egyptian Vulture (Neophron percnopterus), Turkey, Armenia, Ethiopia ","Armenia3",48500704009,"2015-07-24 00:02:00","2015-11-07 00:02:00",39.5061,46.3458,6.093983,44.76245,0.268750571268808,1.2,NA,106,"unknown","6","unknown","N","N",NA,NA,NA,NA,"Armenia","Ethiopia",91,"7/24/15 0:00",""
"Arpacay_118174","Neophron percnopterus","Egyptian Vulture (Neophron percnopterus), Turkey, Armenia, Ethiopia ","Arpacay",118174,"2012-08-20 17:00:00","2012-09-26 01:00:00",40.123,43.60117,31.40283,45.07967,0.847637370642619,1.125,NA,36.3333333333333,"unknown",NA,"unknown","N","N",NA,NA,NA,NA,"Turkey","Iraq",30,"8/21/12 0:00",""
"Cabuk_132087","Neophron percnopterus","Egyptian Vulture (Neophron percnopterus), Turkey, Armenia, Ethiopia ","Cabuk",132087,"2014-07-01 03:00:35","2015-12-08 02:00:34",40.0833,43.6676,11.0695,40.364,0.230214598630889,6.71734375,NA,524.958321759259,"unknown","2","unknown","N","N",NA,NA,NA,NA,"Turkey","Ethiopia",511,"7/5/14 0:00",""
"Djibouti_127589","Neophron percnopterus","Egyptian Vulture (Neophron percnopterus), Turkey, Armenia, Ethiopia ","Djibouti",127589,"2013-04-04 22:47:53","2014-05-03 06:37:24",11.1891,42.764,10.4281,42.2315,0.206515674163489,1.82780671296296,NA,393.326053240741,"unknown","4","unknown","N","N",NA,NA,NA,NA,"Djibouti","Ethiopia",348,"4/4/13 0:00",""
"Haydi_132084","Neophron percnopterus","Egyptian Vulture (Neophron percnopterus), Turkey, Armenia, Ethiopia ","Haydi",132084,"2014-06-09 02:46:24","2016-04-27 08:00:11",40.0813,43.6665,1.6534,37.8024,0.000190312195417659,15.8728148148148,NA,688.217905092593,"unknown","3","unknown","N","N",NA,NA,NA,NA,"Turkey","Kenya",671,"6/9/14 0:00",""
"Igdir_118175","Neophron percnopterus","Egyptian Vulture (Neophron percnopterus), Turkey, Armenia, Ethiopia ","Igdir",118175,"2012-08-22 05:00:00","2015-03-01 01:00:00",40.12167,43.5835,4.2755,42.06417,0.15733318758182,1,NA,920.833333333333,"confirmed dead","6","unknown","N","N","bird / tag recovery","poisoning",NA,NA,"Turkey","Ethiopia",874,"8/23/12 0:00",""
"Iste_132086","Neophron percnopterus","Egyptian Vulture (Neophron percnopterus), Turkey, Armenia, Ethiopia ","Iste",132086,"2014-06-10 02:36:30","2019-05-30 04:00:34",40.0831,43.6674,39.8344,42.5493,0.0172689821123505,1.29840277777778,NA,1815.05837962963,"alive","6","unknown","N","N",NA,NA,NA,NA,"Turkey","Turkey",1747,"6/10/14 0:00",""
"Logiya_118174","Neophron percnopterus","Egyptian Vulture (Neophron percnopterus), Turkey, Armenia, Ethiopia ","Logiya",118174,"2013-12-01 05:00:00","2019-05-30 16:00:00",11.71533,40.974,39.08683,46.96567,0.0124504205483494,0.9875,NA,2006.45833333333,"alive","3","unknown","N","N",NA,NA,NA,NA,"Ethiopia","Iran (Islamic Republic of)",1825,"12/1/13 0:00",""
"Mille_132085","Neophron percnopterus","Egyptian Vulture (Neophron percnopterus), Turkey, Armenia, Ethiopia ","Mille",132085,"2013-11-26 08:48:06","2015-06-19 08:01:00",9.4482,40.3726,13.2598,37.02,0.499958568498045,47.0806006944444,NA,569.967291666667,"unknown","2","unknown","N","N",NA,NA,NA,NA,"Ethiopia","Ethiopia",556,"12/1/13 0:00",""
"Orada_48500703778","Neophron percnopterus","Egyptian Vulture (Neophron percnopterus), Turkey, Armenia, Ethiopia ","Orada",48500703778,"2015-07-21 12:08:00","2017-02-10 00:00:00",39.51133,46.39868,9.370999,40.44212,0.086907761364731,1.00006944444444,NA,569.494444444444,"unknown","2","unknown","N","N",NA,NA,NA,NA,"Armenia","Ethiopia",571,"7/5/14 0:00",""
"Serhat_10007","Neophron percnopterus","Egyptian Vulture (Neophron percnopterus), Turkey, Armenia, Ethiopia ","Serhat",10007,"2014-06-17 15:59:00","2014-10-30 01:12:00",40.19459,43.63137,10.5359,40.455,0.233944036035575,0.919791666666667,NA,134.384027777778,"unknown","5","unknown","N","N",NA,NA,NA,NA,"Turkey","Ethiopia",124,"6/20/14 0:00",""
"Tuzluca_209","Neophron percnopterus","Egyptian Vulture (Neophron percnopterus), Turkey, Armenia, Ethiopia ","Tuzluca",209,"2013-06-22 01:14:53","2016-10-05 00:29:35",40.081,43.66704,19.86006,41.10614,1.78632602174632,0.999340277777778,NA,1200.96854166667,"unknown","6","unknown","N","N",NA,NA,NA,NA,"Turkey","Saudi Arabia",1193,"6/23/13 0:00",""
"Baronnies_2019_Imm_wild_OR181635_5T_181635","Neophron percnopterus","Egyptian vulture in France (grands Causses-Baronnies)","Baronnies_2019_Imm_wild_OR181635_5T",181635,"2019-04-01 17:25:34","2019-05-30 03:36:23",44.43438,5.322945,43.85716,5.932907,0.193762131040826,0.997450231481481,74.2,58.4241782407407,"alive","1","unknown","N","Y","telemetry data: still moving",NA,NA,"born wild, found weakened in Baronnies in autumn 2018. kept in rehabilitation whole winter. released in Baronnies in April 2019","France","France",60,"",""
"Causses_2018_Imm_wild_OR171075_4X_171075","Neophron percnopterus","Egyptian vulture in France (grands Causses-Baronnies)","Causses_2018_Imm_wild_OR171075_4X",171075,"2018-04-05 12:00:05","2019-05-30 03:33:05",44.20375,3.255665,36.4334,-5.974233,0.0655226871724178,1.00068865740741,67.6,419.647916666667,"alive","1","unknown","N","Y","telemetry data: still moving",NA,NA,"born wild in Gorges de la Dourbie, found weakened in Sept 2017. released in sept 2017, found again. Kept in captivity and rehabilitated the whole winter 2017-2018. released 05/04/2018. recovered again in Dourbie Canyon on 16 May 2018.","France","Spain",421,"",""
"Gardon_2016_Ad_wild_MW707 _707","Neophron percnopterus","Egyptian vulture Kobierzycki Gardon ","Gardon_2016_Ad_wild_MW707 ",707,"2016-03-29 06:46:53","2019-05-30 01:16:16",44.2314,4.41436,44.37482,4.43738,0.00246866413515211,1.09619907407407,NA,1156.77040509259,"alive","1","unknown","N","N","telemetry data: still moving",NA,NA,"adult captured at breeding site in Gardon. born in 2009 in Herault and ringed in 2009.","France","France",925,"",""
"Ossau_2018_Ad_wild_OR17996_PC0_17996","Neophron percnopterus","Egyptian vulture Kobierzycki Pyrenees","Ossau_2018_Ad_wild_OR17996_PC0",17996,"2018-04-21 03:44:05","2019-05-30 05:59:22",43.06973,-0.4156833,43.06937,-0.42485,0.00585167015321557,0.990020833333333,48.9,404.093946759259,"alive","6","unknown","N","N","telemetry data: still moving",NA,NA,"Adult caught in Ossau (Castet) 21/04/2018. age unknown","France","France",307,"",""
"Pyrenees_2015_Imm_wild_EC48601087785_48601087785","Neophron percnopterus","Egyptian vulture Kobierzycki Pyrenees","Pyrenees_2015_Imm_wild_EC48601087785",48601087785,"2015-06-29 00:00:00","2016-10-28 00:01:00",43.40867,-1.508783,15.98262,-15.83093,0.546455594735548,1,NA,487.000694444444,"unknown","1","unknown","N","Y",NA,NA,NA,"born wild, found weakened in Western Pyrenees in autumn 2014. kept in rehabilitation whole winter. released in Western Pyrenees in 29/06/2015. last position in Senegal: possible death or transmitter failure","France","Senegal",404,"",""
"Provence_2016_Ad_wild_EO5018_Salomé_8P_5018","Neophron percnopterus","Egyptian vulture Kobierzycki Vaucluse","Provence_2016_Ad_wild_EO5018_Salomé_8P",5018,"2016-09-30 08:32:50","2019-05-29 06:02:34",43.83507,5.374032,43.65994,5.005153,0.0204162704084122,0.994827546296296,NA,970.895648148148,"alive",NA,"unknown",NA,NA,"still transmitting",NA,NA,"errant last point? has a straight shot from Africa back to France","France","France",835,NA,NA
"00 White 2013_3515","Neophron percnopterus","Egyptian Vulture Reintroduction Israel","00 White 2013",3515,"2014-04-04 05:00:23","2019-05-30 05:10:47",32.752136,35.0134302,34.4206595,38.2444062,0.394036007518616,0.999320601851852,NA,1882.00722222222,"alive","1","unknown","Y","N",NA,NA,NA,"Age units are days","Israel","Syrian Arab Republic",1764,"",""
"18 White_3516","Neophron percnopterus","Egyptian Vulture Reintroduction Israel","18 White",3516,"2014-04-22 04:00:23","2014-04-27 04:00:23",32.75345,35.01381,32.76451,35.01223,0.0954522211782834,1,NA,5,"likely dead","1","unknown","Y","N","Last location hostile and with good GSM cover, no data for a long period",NA,NA,"Age units are days","Israel","Israel",6,"",""
"19 White_3517","Neophron percnopterus","Egyptian Vulture Reintroduction Israel","19 White",3517,"2014-04-22 04:00:23","2014-08-27 04:00:23",32.75347,35.0138,18.17646,42.03745,0.650901189500921,1,NA,127,"likely dead","1","unknown","Y","N","Same location for 4 months",NA,NA,"Age units are days","Israel","Saudi Arabia",126,"",""
"A02 Green 2013_3514","Neophron percnopterus","Egyptian Vulture Reintroduction Israel","A02 Green 2013",3514,"2014-04-04 05:00:23","2017-04-24 05:00:23",32.75209,35.01345,32.75273,35.0125,0.96372146995529,0.999972222222222,NA,1116,"likely dead","1","unknown","Y","N","Last location very hostile, no data for a long period",NA,NA,"Age units are days","Israel","Israel",1117,"",""
"A17 Green_17113","Neophron percnopterus","Egyptian Vulture Reintroduction Israel","A17 Green",17113,"2017-04-16 00:05:08","2017-07-04 00:06:07",32.55932,34.93855,32.55669,34.93692,0.0102448717645904,1.00000231481481,100,79.0006828703704,"confirmed dead","2","unknown","Y","N","Found","Hit a train when feeding on a dead boer",NA,"Age units are days","Israel","Israel",80,"",""
"A25 Green_171087","Neophron percnopterus","Egyptian Vulture Reintroduction Israel","A25 Green",171087,"2017-12-13 00:05:39","2018-04-22 02:37:54",32.7523,35.01339,32.75219,35.01352,0.0716655810852753,0.998981481481481,99.5,130.105729166667,"likely dead","2","unknown","Y","N","Last location very hostile, no data for a long period",NA,NA,"Age units are days","Israel","Israel",131,"",""
"A26 Green_171080","Neophron percnopterus","Egyptian Vulture Reintroduction Israel","A26 Green",171080,"2017-12-13 04:06:06","2019-05-30 02:17:35",32.75218,35.0134,29.94383,33.72446,1.60465990744232,0.996923611111111,91.6,532.924641203704,"alive","1","unknown","Y","N",NA,NA,NA,"Age units are days","Israel","Egypt",356,"",""
"A46 Green_17112","Neophron percnopterus","Egyptian Vulture Reintroduction Israel","A46 Green",17112,"2017-04-16 00:05:15","2018-05-11 01:40:30",32.55895,34.9392,37.73615,41.33026,0.477057713918786,0.998398148148148,97.1,390.066145833333,"confirmed dead","2","unknown","Y","N","Found","Electrocuted",NA,"Age units are days","Israel","Turkey",391,"",""
"A47 Green_171082","Neophron percnopterus","Egyptian Vulture Reintroduction Israel","A47 Green",171082,"2017-12-13 04:05:37","2018-08-24 02:32:23",32.75226,35.01337,13.00519,43.67879,1.23051431029638,1.00089236111111,99.7,253.93525462963,"unknown","1","unknown","Y","N",NA,NA,NA,"Age units are days","Israel","Yemen",255,"",""
"C39 Blue_17111","Neophron percnopterus","Egyptian Vulture Reintroduction Israel","C39 Blue",17111,"2017-04-16 00:05:05","2018-07-23 02:20:31",32.5589,34.93943,32.55899,34.93889,0.000161586200179244,1.0004537037037,100,463.094050925926,"confirmed dead","2","unknown","Y","N","Found","Hit a train when feeding on a dead boer",NA,"Age units are days","Israel","Israel",464,"",""
"EV10_17113","Neophron percnopterus","Egyptian Vulture Reintroduction Israel","EV10",17113,"2017-07-15 00:05:45","2017-08-22 00:07:25",32.47179,34.98392,18.05934,31.16178,1.74605460175035,1.00013078703704,96.1,38.0011574074074,"alive","1","unknown","Y","N","Seen",NA,NA,"Age units are days, transmitter stopped working, bird seen alive summer 2019","Israel","Sudan",39,"",""
"H42 Blue_180323","Neophron percnopterus","Egyptian Vulture Reintroduction Israel","H42 Blue",180323,"2018-12-13 15:05:42","2019-01-13 03:55:33",32.75046,35.0175,30.20085,38.76715,0.510122840227312,0.998751157407407,36.9,30.5346180555556,"likely dead","1","unknown","Y","N","Same location for a long period, was searched for 4 months after disapearnace with nothing found",NA,NA,"Age units are days","Israel","Saudi Arabia",32,"",""
"H42 Green_171086","Neophron percnopterus","Egyptian Vulture Reintroduction Israel","H42 Green",171086,"2017-12-13 04:06:06","2019-05-30 02:08:29",32.75216,35.01342,31.48825,35.31668,1.17274592167505,1.00050462962963,82.3,532.918321759259,"alive","2","unknown","Y","N",NA,NA,NA,"Age units are days","Israel","Palestine",427,"",""
"H50 Green_171084","Neophron percnopterus","Egyptian Vulture Reintroduction Israel","H50 Green",171084,"2017-12-13 04:06:06","2018-08-08 02:43:18",32.75217,35.01344,28.13488,34.3684,1.06583886364739,1.0013912037037,99.4,237.9425,"confirmed dead","1","unknown","Y","N","Found","Found in a drinking pool, possibly drowned after exhaustion",NA,"Age units are days","Israel","Egypt",239,"",""
"H54 Green_180324","Neophron percnopterus","Egyptian Vulture Reintroduction Israel","H54 Green",180324,"2018-12-22 04:09:31","2019-05-20 05:29:20",32.75208,35.01376,36.32237,40.25369,1.13720503239668,1.00088888888889,100,149.055428240741,"unknown","2","unknown","Y","N",NA,NA,NA,"Age units are days","Israel","Syrian Arab Republic",147,"",""
"H57 Green_180325","Neophron percnopterus","Egyptian Vulture Reintroduction Israel","H57 Green",180325,"2018-12-23 04:10:33","2019-04-04 06:17:58",32.75209,35.01348,37.74195,36.82737,0.648798688282611,1.01013078703704,79.4,102.088483796296,"confirmed dead","2","unknown","Y","N","Found","Electrocuted",NA,"Age units are days","Israel","Turkey",98,"",""
"H60 Blue_16124","Neophron percnopterus","Egyptian Vulture Reintroduction Israel","H60 Blue",16124,"2017-12-13 05:22:00","2019-05-30 01:33:19",32.75218,35.01342,33.07961,35.67794,0.00378107894579148,0.999958333333333,87.4,532.84119212963,"alive","2","unknown","Y","N",NA,NA,NA,"Age units are days","Israel","Syrian Arab Republic",360,"",""
"H70 Green_180326","Neophron percnopterus","Egyptian Vulture Reintroduction Israel","H70 Green",180326,"2018-12-22 04:10:54","2019-05-30 01:19:33",32.75211,35.01352,39.93068,40.65314,0.860194377566481,0.99847337962963,97.9,158.881006944444,"alive","2","unknown","Y","N",NA,NA,NA,"Age units are days","Israel","Turkey",156,"",""
"H73 Blue_180327","Neophron percnopterus","Egyptian Vulture Reintroduction Israel","H73 Blue",180327,"2018-12-24 04:10:34","2019-03-29 03:02:57",32.75222,35.01353,37.01909,35.53697,0.541408430354143,0.998719907407407,98,94.9530439814815,"likely dead","2","unknown","Y","N","GPS on roads after a few days on the ground",NA,NA,"Age units are days","Israel","Turkey",96,"",""
"H81 Green_171081","Neophron percnopterus","Egyptian Vulture Reintroduction Israel","H81 Green",171081,"2017-10-25 09:12:59","2019-05-30 01:53:30",32.75348,35.014,36.94351,34.68185,1.91321290333264,0.996924768518519,88.2,581.694803240741,"alive","1","unknown","Y","N",NA,NA,NA,"Age units are days","Israel","Turkey",511,"",""
"H92 Green_180320","Neophron percnopterus","Egyptian Vulture Reintroduction Israel","H92 Green",180320,"2018-12-23 04:10:03","2019-03-18 03:22:33",32.75223,35.01348,32.75212,35.01335,0.0018056194802169,0.999152777777778,42.8,84.9670138888889,"unknown","1","unknown","Y","N",NA,NA,NA,"Age units are days, transmitter fell, seen alive March 2019","Israel","Israel",73,"",""
"H94 Blue_171085","Neophron percnopterus","Egyptian Vulture Reintroduction Israel","H94 Blue",171085,"2017-12-13 04:06:05","2019-05-17 02:07:37",32.75212,35.01344,36.40061,33.67344,1.34637771622043,1.00160648148148,96.1,519.917731481481,"confirmed dead","2","unknown","Y","N","Found","Electrocuted",NA,"Age units are days","Israel","Turkey",521,"",""
"R0_16013","Neophron percnopterus","Egyptian Vulture Reintroduction Israel","R0",16013,"2016-04-05 02:36:31","2016-10-01 04:05:34",32.55884,34.93922,29.45985,33.30299,0.081669757128587,1.10043055555556,56.9,179.061840277778,"likely dead","1","unknown","Y","N","Last location in a house",NA,NA,"Age units are days","Israel","Egypt",179,"",""
"R1_16012","Neophron percnopterus","Egyptian Vulture Reintroduction Israel","R1",16012,"2016-04-05 02:40:01","2018-05-04 06:40:21",32.55898,34.93922,14.22768,24.5911,0.818442923851249,1.18342592592593,75.8,759.166898148148,"unknown","1","unknown","Y","N",NA,NA,NA,"Age units are days","Israel","Sudan",639,"",""
"R2_16015","Neophron percnopterus","Egyptian Vulture Reintroduction Israel","R2",16015,"2016-04-05 02:41:19","2017-12-06 05:00:31",32.55887,34.9393,11.31222,26.67757,0.249408821442438,0.999216435185185,83.6,610.096666666667,"alive","1","unknown","Y","N","Seen",NA,NA,"Age units are days, transmitter fell, seen alive June 2019","Israel","Sudan",386,"",""
"R3_16011","Neophron percnopterus","Egyptian Vulture Reintroduction Israel","R3",16011,"2016-04-05 02:41:01","2016-04-14 02:49:01",32.56094,34.93896,32.55177,34.9593,0.0338483499325813,1.00041666666667,70.3,9.00555555555556,"confirmed dead","1","unknown","Y","N","Found","Probably snake bite",NA,"Age units are days","Israel","Israel",10,"",""
"R4_16014","Neophron percnopterus","Egyptian Vulture Reintroduction Israel","R4",16014,"2016-04-05 02:40:31","2016-05-25 01:52:25",32.55525,34.93398,36.21194,36.59434,0.202438014707105,0.9990625,99.8,49.9665972222222,"likely dead","1","unknown","Y","N","Last location very hostile, no data for a long period",NA,NA,"Age units are days","Israel","Turkey",51,"",""
"White 08_119246","Neophron percnopterus","Egyptian Vulture Reintroduction Israel","White 08",119246,"2013-03-15 15:32:00","2013-08-19 03:22:19",32.85542,33.88082,32.79932,35.16793,0.0398709608908171,1.00416666666667,NA,156.493275462963,"confirmed dead","2","unknown","Y","N","Found","Killed by Bonnelie's eagle",NA,"Age units are days",NA,"Israel",158,"",""
"White 12_119245","Neophron percnopterus","Egyptian Vulture Reintroduction Israel","White 12",119245,"2013-03-13 13:00:00","2015-08-31 07:58:28",32.75817,35.008,26.58753,32.01117,1.06849212413208,1.01420949074074,NA,900.790601851852,"confirmed dead","2","unknown","Y","N","Found",NA,NA,"Age units are days","Israel","Egypt",902,"",""
"X34 Blue_16126","Neophron percnopterus","Egyptian Vulture Reintroduction Israel","X34 Blue",16126,"2017-04-16 03:34:01","2018-08-25 03:30:46",32.55899,34.93927,19.09998,41.41659,1.72595135178478,1.00016203703704,99.8,495.997743055556,"unknown","2","unknown","Y","N",NA,NA,NA,"Age units are days","Israel","Saudi Arabia",496,"",""
"X86 Blue_180321","Neophron percnopterus","Egyptian Vulture Reintroduction Israel","X86 Blue",180321,"2018-12-24 04:11:04","2019-01-03 04:14:51",32.75218,35.01346,32.69799,34.9983,0.0312112462731577,1.00027662037037,23.8,10.0026273148148,"confirmed dead","1","unknown","Y","N","Found","Electrocuted",NA,"Age units are days","Israel","Israel",11,"",""
"Yellow 04_119246","Neophron percnopterus","Egyptian Vulture Reintroduction Israel","Yellow 04",119246,"2013-11-14 06:00:00","2015-04-29 00:20:32",32.75283,35.0115,32.7568,35.00227,0.557659939048984,1.02406597222222,NA,530.764259259259,"unknown","1","unknown","Y","N",NA,NA,NA,"Age units are days","Israel","Israel",532,"",""
"Amud H08 Blue_180318","Neophron percnopterus","Egyptian Vulture wild-birds Israel","Amud H08 Blue",180318,"2018-08-20 14:46:03","2019-05-30 02:03:51",32.8889,35.49689,32.92099,35.54781,0.0585673883266275,0.983549768518519,90.4,282.470694444444,"alive","6","unknown","N","Y",NA,NA,NA,"Found not flying, treated for a week at the Is Israel Wildlife Hospital and released. Migrated 2018 and returned to the same area in 2019, seen in a nest with two chicks.","Israel","Israel",284,"",""
"Gamla 2018 H36 Green_180319","Neophron percnopterus","Egyptian Vulture wild-birds Israel","Gamla 2018 H36 Green",180319,"2018-07-11 13:14:20","2018-11-08 05:44:37",32.89872,35.76559,10.14316,29.12295,0.887648038869029,1.00808217592593,98.2,119.687696759259,"unknown",NA,"unknown","N","N",NA,NA,NA,"Tagged in the nest","Syrian Arab Republic","Sudan",73,"",""
"Gamla 2018 J4107_180322","Neophron percnopterus","Egyptian Vulture wild-birds Israel","Gamla 2018 J4107",180322,"2018-07-11 12:04:02","2019-05-29 05:08:49",32.89861,35.76423,15.66724,23.67346,1.51109602946844,1.7934537037037,85.3,321.711655092593,"unknown",NA,"unknown","N","N",NA,NA,NA,"Tagged in the nest","Syrian Arab Republic","Chad",302,"",""
"Segev-Shalom 2019 I00_190588","Neophron percnopterus","Egyptian Vulture wild-birds Israel","Segev-Shalom 2019 I00",190588,"2019-04-18 07:40:23","2019-04-26 03:09:35",30.71356,35.41506,29.0051,41.50873,1.08335481922796,0.978616255144033,95.7777777777778,7.81194444444444,"likely dead","3","unknown","N","Y","Transmitted from same location in SA-Iraq border for a few weeks, after roosting on what seems like a military antena",NA,NA,"Found (probably) posioned, treated for a week at the Is Israel Wildlife Hospital and released.","Jordan","Saudi Arabia",9,"",""
"Tlalim C48 Blue_171405","Neophron percnopterus","Egyptian Vulture wild-birds Israel","Tlalim C48 Blue",171405,"2019-03-18 11:30:51","2019-05-30 02:11:10",30.82187,34.83675,31.01068,34.88016,0.000864846300953042,0.999690972222222,100,72.6113310185185,"alive","6","unknown","N","Y",NA,NA,NA,"Found (probably) posioned, treated for a week at the Is Israel Wildlife Hospital and released.","Israel","Israel",74,"",""
"Gurman_114","Neophron percnopterus","Egyptian vultures Dagestan2","Gurman",114,"2017-07-24 12:12:00","2018-11-04 03:27:00",43.00113,47.20156,13.88479,43.77549,0.287990285857034,0.998055555555555,NA,467.635416666667,"unknown",NA,"unknown",NA,NA,NA,NA,NA,NA,"Russia","Yemen",449,"",""
"Kapchug_115","Neophron percnopterus","Egyptian vultures Dagestan2","Kapchug",115,"2017-07-23 10:37:00","2017-09-25 02:59:00",42.98421,47.18025,38.96566,48.78752,0.55905095499317,1.00576388888889,NA,63.6819444444444,"unknown",NA,"unknown",NA,NA,NA,NA,NA,NA,"Russia","Azerbaijan",31,"",""
"Malysh_116","Neophron percnopterus","Egyptian vultures Dagestan2","Malysh",116,"2017-07-23 08:18:00","2017-10-22 09:58:00",42.98465,47.18038,21.26675,40.70254,0.0119631999101749,1.09701388888889,NA,91.0694444444444,"unknown",NA,"unknown",NA,NA,NA,NA,NA,NA,"Russia","Saudi Arabia",69,"",""
"Sarygush_117","Neophron percnopterus","Egyptian vultures Dagestan2","Sarygush",117,"2017-07-23 08:18:00","2017-09-29 11:13:00",42.98449,47.18051,34.69167,44.03076,0.870760056404528,1.73944444444444,NA,68.1215277777778,"unknown",NA,"unknown",NA,NA,NA,NA,NA,NA,"Russia","Iraq",47,"",""
"127589_127589","Neophron percnopterus","Egyptian vultures in Djibouti","127589",127589,"2013-03-11 05:56:36","2014-01-31 01:44:05",11.7859,42.8239,12.0148,43.2961,0.105923262538183,1.09795138888889,NA,325.824641203704,"unknown","6","unknown",NA,NA,NA,NA,NA,"intermittant after 4 Mar 2014, last location 7 Jun 2018. Bird seemingly alive at that time.","Djibouti","Djibouti",252,"11-Mar-13",""
"AF5AF11F_NA","Neophron percnopterus","ISPRA","AF5AF11F",NA,"2018-08-16 08:59:07","2018-09-12 05:00:35",40.64518,16.66185,36.77397,12.00437,1.06295564014559,1,NA,26.8343518518519,"unknown",NA,"unknown",NA,NA,NA,NA,NA,NA,"Italy","Italy",25,NA,NA
"B05AF11F_NA","Neophron percnopterus","ISPRA","B05AF11F",NA,"2018-08-16 09:30:07","2018-09-08 06:00:31",40.64519,16.66187,37.7128,12.67243,0.679747380669401,0.999971064814815,NA,22.8544444444444,"unknown",NA,"unknown",NA,NA,NA,NA,NA,NA,"Italy","Italy",24,NA,NA
"NeoPer_Bruco_48505470927","Neophron percnopterus","LIFE_Rupis_EgyptianVultures","NeoPer_Bruco",48505470927,"2017-07-20 06:00:00","2018-01-04 06:00:00",41.19502,-6.680866,13.89748,-9.689316,0.0663852154585282,1,NA,168,"unknown","4","unknown","N","N","Normal movements",NA,NA,"Fate unknown - data stopped transmitting in south-central Mali","Spain","Mali",164,"",""
"NeoPer_Douro_48797733050","Neophron percnopterus","LIFE_Rupis_EgyptianVultures","NeoPer_Douro",48797733050,"2017-06-13 06:00:00","2019-05-10 06:01:00",40.9598,-6.833833,41.00625,-6.436266,0.121964810144676,1.51027777777778,NA,696.000694444444,"alive","6","unknown","N","N","Transmitter detached due to harness failure_Bird was seen incubating at nest several days later identified by colour ring",NA,NA,"Transmitter confirmed detached on 7th May 2019_Bird resighted a couple of days later incubating alive and well https://www.4vultures.org/2019/05/28/the-mystery-of-egyptian-vulture-douro-s-lost-gps-transmitter/","Spain","Spain",689,"",""
"NeoPer_Faia_48505476460","Neophron percnopterus","LIFE_Rupis_EgyptianVultures","NeoPer_Faia",48505476460,"2017-06-13 08:00:00","2019-05-29 06:00:00",40.92637,-6.943999,40.96288,-6.871649,0.0711871124417165,0.987569444444444,NA,714.916666666667,"alive","6","unknown","N","N","Normal movements",NA,NA,NA,"Portugal","Spain",716,"",""
"NeoPer_Poiares_48797733001","Neophron percnopterus","LIFE_Rupis_EgyptianVultures","NeoPer_Poiares",48797733001,"2017-06-01 12:34:00","2017-11-18 06:59:00",40.8981,-6.9674,14.0555,-11.87497,2.88794652116587,14.685625,NA,169.767361111111,"likely transmitter failure","6","unknown","N","Y","two isolated GPS locations from April 2018 indciated the bird was close to the 2017 nest site after several months of no data_Bird never resighted so fate is unknown",NA,NA,"Bird was found weak May29th_taken to rehab centre for 3 days treatment and released at Penedo do Durao on 3rd June. Data transmissions were erratic from winter 2017-18_two isolated GPS locations received from summer range after months of receiving no data. Bird never resighted since. Suspected transmitter failure. ","Portugal","Mali",171,"",""
"NeoPer_Rupis_48511694900","Neophron percnopterus","LIFE_Rupis_EgyptianVultures","NeoPer_Rupis",48511694900,"2016-07-15 06:00:00","2019-05-30 05:59:00",41.47712,-6.270032,41.44765,-6.339049,0.018977713366374,1,NA,1048.99930555556,"alive","3","unknown","N","N","Normal movements",NA,NA,NA,"Spain","Spain",1004,"",""
"1_1","Neophron percnopterus","McGrady.Meyburg","1",1,"2018-01-22 09:00:00","2018-09-12 10:00:00",23.23667,58.42733,23.11883,58.28533,0.134440536480443,1.29583333333333,NA,233.041666666667,"unknown",NA,"unknown",NA,NA,NA,NA,NA,NA,"Oman","Oman",63,NA,NA
"139_2","Neophron percnopterus","McGrady.Meyburg","139",2,"2018-01-23 12:24:00","2018-12-12 07:41:00",23.522387,58.445302,23.3614,58.486,0.100924820019098,3.71055555555556,NA,322.803472222222,"unknown","6","unknown",NA,NA,NA,NA,NA,"gps ceased 13 Dec 2018","Oman","Oman",296,"23-Jan-18",NA
"143580_3","Neophron percnopterus","McGrady.Meyburg","143580",3,"2015-01-09 09:57:30","2015-12-12 02:02:34",23.3449,58.4553,23.3782,58.6527,0.0683541083506035,0.997971064814815,NA,336.670185185185,"unknown",NA,"unknown",NA,NA,NA,NA,NA,"Confirmed electrocution 13 Dec 2015","Oman","Oman",330,"9-Jan-15",NA
"143581_4","Neophron percnopterus","McGrady.Meyburg","143581",4,"2015-01-10 07:11:48","2015-02-03 02:37:05",23.3448,58.455,23.0327,58.6193,0.180440349893026,1.00993055555556,NA,23.809224537037,"unknown",NA,"unknown",NA,NA,NA,NA,NA,"abrupt loss of transmission 04 Feb 2015","Oman","Oman",25,"10-Jan-15",NA
"171325_5","Neophron percnopterus","McGrady.Meyburg","171325",5,"2018-01-15 00:14:32","2019-05-30 01:23:19",23.358963,58.591347,23.457968,58.624062,0.00412105511890226,1.39976388888889,NA,500.047766203704,"alive","6","unknown",NA,NA,"still transmitting",NA,NA,NA,"Oman","Oman",318,"14-Jan-18",NA
"171326_6","Neophron percnopterus","McGrady.Meyburg","171326",6,"2018-01-22 00:24:30","2019-05-30 00:01:59",23.377052,58.313049,23.330379,58.444141,0.0875550980036961,1.00005324074074,NA,492.984363425926,"alive","6","unknown",NA,NA,"still transmitting",NA,NA,NA,"Oman","Oman",465,"19-Jan-18",""
"171327_7","Neophron percnopterus","McGrady.Meyburg","171327",7,"2018-01-18 00:08:38","2018-06-16 00:02:37",23.333981,58.459003,23.33345,58.45883,0.205855268507252,1.00004398148148,NA,148.995821759259,"unknown","6","unknown",NA,NA,NA,NA,NA,"Tag not performing well","Oman","Oman",146,"16-Jan-18",NA
"171328_8","Neophron percnopterus","McGrady.Meyburg","171328",8,"2018-01-21 00:03:26","2019-05-30 01:22:03",23.11187,58.83719,23.12191,58.85294,0.00864230100903906,1.49960300925926,NA,494.054594907407,"alive","6","unknown",NA,NA,"still transmitting",NA,NA,NA,"Oman","Oman",277,"20-Jan-18",NA
"171329_9","Neophron percnopterus","McGrady.Meyburg","171329",9,"2018-01-20 00:17:15","2019-02-08 02:47:55",23.28547,58.33385,23.27637,58.33255,0.0491449464497024,7.22309027777778,NA,384.10462962963,"unknown","6","unknown",NA,NA,NA,NA,NA,NA,"Oman","Oman",289,"19-Jan-18",NA
"171330_10","Neophron percnopterus","McGrady.Meyburg","171330",10,"2018-01-19 11:07:59","2019-05-30 01:23:12",23.33893,58.44929,23.32298,58.41812,0.0323478782544217,1.0998125,NA,495.593900462963,"alive","6","unknown",NA,NA,"still transmitting",NA,NA,NA,"Oman","Oman",438,"19-Jan-18",NA
"47638_11","Neophron percnopterus","McGrady.Meyburg","47638",11,"2018-01-21 05:00:00","2018-09-28 01:00:00",23.33067,58.45033,23.3345,58.47683,0.00741292774716115,1.02916666666667,NA,249.833333333333,"unknown","6","unknown",NA,NA,NA,NA,NA,"gps ceased 29 Sept 2018","Oman","Oman",251,"20-Jan-18",NA
"70107_12","Neophron percnopterus","McGrady.Meyburg","70107",12,"2018-01-13 02:00:00","2019-05-30 00:00:00",23.33967,58.45383,22.71133,59.0225,0.050907881602515,0.995833333333333,NA,501.916666666667,"alive",NA,"unknown",NA,NA,"still transmitting",NA,NA,NA,"Oman","Oman",501,"13-Jan-18",NA
"80_13","Neophron percnopterus","McGrady.Meyburg","80",13,"2016-01-21 12:19:00","2017-10-03 00:40:00",23.33416,58.4669,22.41539,59.36682,0.30173586751813,5.19944444444444,NA,620.514583333333,"unknown",NA,"unknown",NA,NA,NA,NA,NA,"gps ceased 04 Oct 2017","Oman","Oman",456,"21-Jan-16",NA
"93_14","Neophron percnopterus","McGrady.Meyburg","93",14,"2016-01-19 09:45:00","2016-02-24 03:09:00",23.33999,58.4602,23.52949,58.49509,0.00484044254572162,1.01048611111111,NA,35.725,"unknown",NA,"unknown",NA,NA,NA,NA,NA,"possible mortality / dropped tx","Oman","Oman",37,NA,NA
"95784_15","Neophron percnopterus","McGrady.Meyburg","95784",15,"2018-01-20 00:00:00","2019-05-25 09:00:00",23.62367,58.48817,23.34517,58.46333,0.0925385294855575,1.14166666666667,NA,490.375,"alive","6","unknown",NA,NA,"still transmitting",NA,NA,"Tag not performing well","Oman","Oman",451,"20-Jan-18",NA
"Akaga_171362","Neophron percnopterus","Neophron percnopterus Bulgaria/Greece","Akaga",171362,"2018-05-16 00:15:07","2019-05-30 06:19:31",41.59422,25.64131,12.42877,40.21025,0.243610492091431,1.01583680555556,99.1,379.253055555556,"alive","2","unknown","Y","N",NA,NA,NA,NA,"Bulgaria","Ethiopia",380,"16/05/2018 00:15","31/05/2019 05:29"
"Alimerah_182254","Neophron percnopterus","Neophron percnopterus Bulgaria/Greece","Alimerah",182254,"2019-01-25 07:55:42","2019-05-30 01:33:30",11.6736,40.9737,11.78144,41.03799,0.0523522574090531,0.999767361111111,100,124.734583333333,"alive","2","unknown","N","N",NA,NA,NA,NA,"Ethiopia","Ethiopia",126,"25/01/2019 07:55","31/05/2019 01:33"
"Andi_182261","Neophron percnopterus","Neophron percnopterus Bulgaria/Greece","Andi",182261,"2019-05-15 01:04:35","2019-05-30 00:05:26",41.5944,25.64131,41.5984,25.63885,0.000244396809372799,1.00002662037037,81.4,14.9589236111111,"alive","2","M","Y","N",NA,NA,NA,NA,"Bulgaria","Bulgaria",16,"15/05/2019 01:04","31/05/2019 00:05"
"Anna_171348","Neophron percnopterus","Neophron percnopterus Bulgaria/Greece","Anna",171348,"2018-08-10 00:53:11","2018-09-15 00:01:06",41.63583,25.85589,37.23354,34.84251,1.28191590551311,0.999230324074074,87.3,35.9638310185185,"captive","1","F","Y","N","recaptured","exhaustion",NA,"would have died of exhaustion, but recaptured","Bulgaria","Turkey",35,"10/8/18 0:53","16/09/2018 00:01"
"Aoos_118154","Neophron percnopterus","Neophron percnopterus Bulgaria/Greece","Aoos",118154,"2015-04-17 15:59:08","2019-05-27 08:17:43",40.13106,20.53554,40.13586,20.5388,0.253557971044308,2.04171875,NA,1500.67957175926,"alive","6","F","N","N",NA,NA,NA,"tagged in Greece, but bred in Albania","Albania","Albania",1159,"17/04/2015 17:00","29/05/2019 13:00"
"Arda_118147","Neophron percnopterus","Neophron percnopterus Bulgaria/Greece","Arda",118147,"2012-08-13 00:41:00","2013-03-05 02:00:00",41.644,25.878,10.79567,28.50933,0.226228330644935,5.4,NA,204.054861111111,"confirmed dead","1","unknown","N","N","inferred from transmissions","unknown",NA,"The bird died on 29.12.2012. Since then it is transmitting from the same location","Bulgaria","Sudan",156,"13/08/2012 00:41","29/12/2013 02:00"
"Ardi_182265","Neophron percnopterus","Neophron percnopterus Bulgaria/Greece","Ardi",182265,"2019-01-24 14:29:25","2019-05-30 01:13:28",11.79798,41.05655,20.23864,43.1986,0.000381172724032143,0.999767361111111,100,125.447256944444,"alive","6","unknown","N","N",NA,NA,NA,NA,"Ethiopia","Saudi Arabia",127,"24/01/2019 14:29","31/05/2019 01:05"
"Asparuh_131250","Neophron percnopterus","Neophron percnopterus Bulgaria/Greece","Asparuh",131250,"2013-08-04 12:06:00","2013-09-12 03:00:00",41.6,25.985,33.7705,20.83933,1.322523254083,1.00416666666667,NA,38.6208333333333,"confirmed dead","1","unknown","N","N","inferred from transmissions","drowned",NA,"track ends in sea","Bulgaria",NA,32,"14/08/2013","9/9/13"
"Belgin_171346","Neophron percnopterus","Neophron percnopterus Bulgaria/Greece","Belgin",171346,"2018-08-09 01:56:15","2018-09-18 00:17:35",41.63591,25.85634,36.21701,29.85807,0.783053649662809,0.999296296296296,98.1,39.9314814814815,"confirmed dead","1","unknown","N","N","inferred from transmissions","drowned",NA,"track ends in sea","Bulgaria","Turkey",41,"9/8/18 1:56","19/09/2018 00:07"
"Berenice_130672","Neophron percnopterus","Neophron percnopterus Bulgaria/Greece","Berenice",130672,"2013-08-02 03:00:00","2013-09-09 12:00:00",39.8,21.68933,33.83567,23.2085,0.754362092500909,1.25590277777778,NA,38.375,"confirmed dead","1","unknown","N","N","inferred from transmissions","drowned",NA,"track ends in sea","Greece",NA,37,"2/8/13","5/9/13"
"Blanka_171345","Neophron percnopterus","Neophron percnopterus Bulgaria/Greece","Blanka",171345,"2018-08-02 06:02:56","2018-10-19 00:02:33",41.64997,25.84464,11.90907,41.59094,0.00175534339432177,1.00001157407407,100,77.7497337962963,"confirmed dead","1","F","Y","N","retrieved transmitter and carcass","probably injured by people/animals and suffered to death",NA,"The bird died on 21.10 in the morning","Bulgaria","Ethiopia",79,"2/8/18 6:02","21/10/2018 07:00"
"Boris_149505","Neophron percnopterus","Neophron percnopterus Bulgaria/Greece","Boris",149505,"2015-07-21 04:00:00","2019-05-30 04:00:00",41.59483,25.64133,41.61667,25.65183,0.0157020661187131,1,NA,1409,"alive","6","M","N","N",NA,NA,NA,NA,"Bulgaria","Bulgaria",1410,"21/07/2015 04:00","31/05/2019 02:00"
"Boyana_171357","Neophron percnopterus","Neophron percnopterus Bulgaria/Greece","Boyana",171357,"2018-05-16 00:16:39","2019-05-30 03:09:43",41.59446,25.64116,13.17771,17.37358,0.0493814938964551,0.999862268518518,93,379.120185185185,"alive","2","F","Y","N",NA,NA,NA,NA,"Bulgaria","Chad",380,"16/05/2018 00:16","31/05/2019 03:10"
"Castor_135955","Neophron percnopterus","Neophron percnopterus Bulgaria/Greece","Castor",135955,"2014-05-14 09:39:53","2016-02-15 01:00:00",40.55761,21.50085,6.76017,42.83233,0.0109142370864166,1,NA,641.638969907407,"confirmed dead","6","unknown","N","Y","transmission ended","unknown",NA,"tagged after found disorientated due to lead poisoning","Greece","Ethiopia",643,"14/05/2014 11:00","16/02/2016 01:00"
"Chuupa_182258","Neophron percnopterus","Neophron percnopterus Bulgaria/Greece","Chuupa",182258,"2019-01-20 09:16:22","2019-05-19 08:05:33",8.85655,39.91942,10.44137,41.90216,0.303856542484037,4.68492708333333,100,118.950821759259,"alive","2","unknown","N","N",NA,NA,NA,NA,"Ethiopia","Ethiopia",84,"20/01/2019 09:16","24/05/2019 07:41"
"Dobromir_118150","Neophron percnopterus","Neophron percnopterus Bulgaria/Greece","Dobromir",118150,"2012-08-16 18:00:00","2016-09-24 02:00:00",43.14567,27.63883,14.50783,30.302,0.583575147527464,1.00483912037037,NA,1499.33333333333,"confirmed dead","1","unknown","N","N","inferred from transmissions","shot",NA,"probably killed but no evidence could be obtained. Last locations from inside a village","Bulgaria","Sudan",1492,"16/08/2012 18:00","25/09/2016 02:00"
"Elodie_135956","Neophron percnopterus","Neophron percnopterus Bulgaria/Greece","Elodie",135956,"2016-08-28 06:44:28","2017-09-13 02:02:13",43.1555,26.27962,15.01478,7.66996,0.0148926423638202,1.11460069444444,NA,380.803993055556,"confirmed dead","1","F","Y","N","retrieved transmitter and asked locals","shot",NA,NA,"Bulgaria","Niger",379,"28/08/2016 06:44","15/09/2017 06:30"
"Ertale_182252","Neophron percnopterus","Neophron percnopterus Bulgaria/Greece","Ertale",182252,"2019-01-26 09:05:59","2019-05-30 00:32:23",11.54074,40.81602,39.50959,32.15329,0.321793250502719,0.999230324074074,100,123.643333333333,"alive","6","unknown","N","N",NA,NA,NA,NA,"Ethiopia","Turkey",125,"26/01/2019 09:05","31/05/2019 00:31"
"Fentale_182251","Neophron percnopterus","Neophron percnopterus Bulgaria/Greece","Fentale",182251,"2019-01-22 09:02:55","2019-05-03 01:42:49",9.062495,39.91034,11.77627,40.90813,0.325842408573679,0.999403935185185,100,100.694375,"alive","3","unknown","N","N",NA,NA,NA,NA,"Ethiopia","Ethiopia",102,"22/01/2019 09:02","4/5/19 1:42"
"Fer_182253","Neophron percnopterus","Neophron percnopterus Bulgaria/Greece","Fer",182253,"2019-05-15 01:04:28","2019-05-30 00:00:03",41.59443,25.64137,41.59821,25.63885,0.000587632710035866,0.999997685185185,92.4,14.9552662037037,"alive","2","unknown","Y","N",NA,NA,NA,NA,"Bulgaria","Bulgaria",16,"15/05/2019 01:04","31/05/2019 00:00"
"Heracles_130676","Neophron percnopterus","Neophron percnopterus Bulgaria/Greece","Heracles",130676,"2013-08-22 07:00:00","2013-09-13 03:00:00",39.79217,21.55817,36.212,21.18317,0.543035791501537,0.992986111111111,NA,21.8333333333333,"confirmed dead","1","unknown","N","N","inferred from transmissions","drowned",NA,"track ends in sea","Greece",NA,23,"22/08/2013","9/9/13"
"Ibrahim_131248","Neophron percnopterus","Neophron percnopterus Bulgaria/Greece","Ibrahim",131248,"2013-08-02 14:00:00","2013-09-25 04:00:00",41.618,25.6495,34.99567,25.18817,0.275367329804466,1.00347222222222,NA,53.5833333333333,"confirmed dead","1","unknown","N","N","transmission ended","unknown",NA,"Not clear if the bird really died or the transmitter failed. ","Bulgaria",NA,42,"2/8/13 14:00","26/09/2013 01:15"
"Ikaros_118145","Neophron percnopterus","Neophron percnopterus Bulgaria/Greece","Ikaros",118145,"2012-08-12 19:00:00","2012-09-11 06:00:00",39.80383,21.68783,33.834,22.25767,0.86484812711588,1.31666666666667,NA,29.4583333333333,"confirmed dead","1","unknown","N","N","inferred from transmissions","drowned",NA,"track ends in sea","Greece",NA,26,"12/8/12","9/9/12"
"Iliaz_118153","Neophron percnopterus","Neophron percnopterus Bulgaria/Greece","Iliaz",118153,"2012-08-30 06:00:00","2019-05-30 12:00:00",41.44,25.56833,41.2745,25.19317,0.139249203600495,1.10833333333333,NA,2464.25,"alive","1","unknown","N","N",NA,NA,NA,NA,"Bulgaria","Bulgaria",2447,"30/08/2012 06:00","31/05/2019 06:00"
"Ilin_130675","Neophron percnopterus","Neophron percnopterus Bulgaria/Greece","Ilin",130675,"2013-08-19 07:47:00","2013-10-27 17:00:00",41.762,21.735,41.98833,21.4495,0.20945399306606,5.62423611111111,NA,69.3840277777778,"confirmed dead","1","unknown","N","N","found carcass","predation",NA,"Found dead near the nest, killed by predator","The former Yugoslav Republic of Macedonia","The former Yugoslav Republic of Macedonia",24,"19/08/2013 07:47","28/10/2013 08:44"
"Ilina_130674","Neophron percnopterus","Neophron percnopterus Bulgaria/Greece","Ilina",130674,"2013-08-05 09:00:00","2013-10-02 06:00:00",41.769,21.72467,36.37,27.46383,0.557292734129623,0.998402777777778,NA,57.875,"confirmed dead","1","unknown","N","N","found feathers","predation",NA,"Most probably killed by Bonneli's eagle","The former Yugoslav Republic of Macedonia",NA,48,"17/08/2013","28/09/2013"
"Jenny_149507","Neophron percnopterus","Neophron percnopterus Bulgaria/Greece","Jenny",149507,"2015-07-30 10:00:00","2019-05-28 02:00:00",41.58367,25.65033,41.59167,25.44517,0.01887428190412,1,NA,1397.66666666667,"alive","6","F","N","N",NA,NA,NA,NA,"Bulgaria","Bulgaria",1391,"30/07/2015 10:00","29/05/2019 04:00"
"Katerina_130671","Neophron percnopterus","Neophron percnopterus Bulgaria/Greece","Katerina",130671,"2013-08-09 13:49:00","2014-08-31 07:00:00",41.161,26.237,31.15617,29.964,0.12151607929379,1.37083333333333,NA,386.715972222222,"confirmed dead","1","unknown","N","N","inferred from transmissions","drowned",NA,"Bird drowned on the 18/9/2013 although carcass likely washed up on beach in Egypt on the 10/10/2013. Contacted locals to try to find it. Claimed they never did but a year later there were some fixes from Alexandria!!","Greece","Egypt",67,"9/8/13 13:49","18/09/2013 02:00"
"Lazaros_108050","Neophron percnopterus","Neophron percnopterus Bulgaria/Greece","Lazaros",108050,"2012-06-23 22:00:00","2013-03-31 10:00:00",39.789,21.7325,41.05583,24.14917,2.34740545128837,1.01236111111111,NA,280.5,"confirmed dead","6","F","N","Y","carcass retrieved","poisoning",NA,"Tagged after being found poisoned in Meteora; poisoned again one year later","Greece","Greece",282,"23/06/2012 22:00","1/4/13 10:00"
"Levkipos_118146","Neophron percnopterus","Neophron percnopterus Bulgaria/Greece","Levkipos",118146,"2012-08-07 16:00:00","2015-06-19 02:00:00",41.089,26.13933,10.86567,26.57283,0.00140473556930101,0.994929398148148,NA,1045.41666666667,"confirmed dead","1","unknown","N","N","inferred from transmissions","unknown",NA,"The bird died on 26.01.2015. Since then transmitter was sending signal from the same location","Greece","Sudan",1008,"7/8/12 16:00","26/01/2015 12:00"
"Lomets_118149","Neophron percnopterus","Neophron percnopterus Bulgaria/Greece","Lomets",118149,"2016-08-26 12:00:00","2016-09-14 02:00:00",43.648,26.05967,34.9825,32.51567,1.54371525902863,1,NA,18.5833333333333,"confirmed dead","1","M","Y","N","inferred from transmissions","drowned",NA,"Track ends in sea. Captive-bred from Vienna Zoo; originates from Turkish population","Bulgaria","Cyprus",20,"26/08/2016","15/09/2016"
"Lucy_182263","Neophron percnopterus","Neophron percnopterus Bulgaria/Greece","Lucy",182263,"2019-01-24 08:32:34","2019-05-30 01:31:35",11.87217,40.87143,12.84276,40.98961,0.177621065882868,1.00270601851852,99.8,125.707650462963,"alive","4","unknown","N","N",NA,NA,NA,NA,"Ethiopia","Ethiopia",127,"24/01/2019 08:32","31/05/2019 02:12"
"Macedonia_61952","Neophron percnopterus","Neophron percnopterus Bulgaria/Greece","Macedonia",61952,"2011-08-10 05:00:00","2011-09-18 05:00:00",41.18317,21.717,33.55417,22.33083,1.21041643265542,1,NA,39,"confirmed dead","1","unknown","N","N","inferred from transmissions","drowned",NA,"track ends in sea","The former Yugoslav Republic of Macedonia",NA,36,"10/8/11","17/09/2011"
"Maria_149504","Neophron percnopterus","Neophron percnopterus Bulgaria/Greece","Maria",149504,"2016-08-07 07:27:27","2016-10-18 02:00:00",41.75681,25.36315,27.6115,35.71333,0.132389098556512,1,NA,71.7726041666667,"confirmed dead","1","unknown","N","N","inferred from transmissions","unknown",NA,"The bird died on 10.10.2016. Since then transmitter was sending signal from the same location","Bulgaria","Saudi Arabia",61,"11/8/16 0:44","19/10/2016 02:00"
"Odiseas_118149","Neophron percnopterus","Neophron percnopterus Bulgaria/Greece","Odiseas",118149,"2012-09-11 14:00:00","2012-09-16 10:00:00",41.10467,26.24133,41.09317,26.24183,0.00269997421053878,0.972222222222222,NA,4.83333333333333,"confirmed dead","1","unknown","N","Y","carcass retrieved","exhaustion",NA,"Found dead near Dadia; This individual was rescued before tagging; Probable reason of death - bad physical condition","Greece","Greece",6,"11/9/12 14:00","17/09/2012 10:00"
"Panteley_171360","Neophron percnopterus","Neophron percnopterus Bulgaria/Greece","Panteley",171360,"2018-05-16 00:28:19","2019-05-30 01:16:58",41.59446,25.64143,41.59858,23.84303,0.783109426563988,0.997462962962963,91.8,379.033784722222,"alive","2","M","Y","N",NA,NA,NA,NA,"Bulgaria","Bulgaria",379,"16/05/2018 00:28","31/05/2019 01:16"
"Paschalis_130670","Neophron percnopterus","Neophron percnopterus Bulgaria/Greece","Paschalis",130670,"2013-08-13 00:47:00","2014-03-02 01:20:40",41.158,25.834,14.21269,9.98572,0.0702570698666324,1,NA,201.02337962963,"confirmed dead","1","unknown","N","N","tag retrieved, asked locals","hunting",NA,"Killed by Nigerian hunter on 27.2.2014; exported to be sold in Nigeria","Greece","Niger",197,"13/08/2013 00:47","3/3/14 3:00"
"Polya_171356","Neophron percnopterus","Neophron percnopterus Bulgaria/Greece","Polya",171356,"2018-05-16 00:14:35","2019-05-30 01:56:00",41.59454,25.64137,16.4577,33.92584,0.142733518081148,0.99962037037037,83.8,379.070428240741,"alive","2","F","Y","N",NA,NA,NA,NA,"Bulgaria","Sudan",380,"16/05/2018 00:14","31/05/2019 01:56"
"Qero_182266","Neophron percnopterus","Neophron percnopterus Bulgaria/Greece","Qero",182266,"2019-01-22 12:00:36","2019-05-30 01:37:32",8.905138,39.7714,10.76738,40.65173,0.0114270933650708,0.999905092592593,100,127.567314814815,"alive","2","M","N","N",NA,NA,NA,NA,"Ethiopia","Ethiopia",129,"22/01/2019 12:00","31/05/2019 01:37"
"Red Cliff_130673","Neophron percnopterus","Neophron percnopterus Bulgaria/Greece","Red Cliff",130673,"2013-08-28 15:00:00","2013-09-21 02:00:00",40.10867,20.08083,36.49417,22.364,0.893419833296114,1.00916666666667,NA,23.4583333333333,"confirmed dead","1","unknown","N","N","inferred from transmissions","drowned",NA,"track ends in sea","Albania",NA,22,"28/08/2013","21/09/2013"
"Regina_149506","Neophron percnopterus","Neophron percnopterus Bulgaria/Greece","Regina",149506,"2016-08-27 04:00:00","2016-09-08 02:00:00",43.64817,26.0595,36.2745,30.43483,1.20056348516615,0.992633101851852,NA,11.9166666666667,"confirmed dead","1","F","Y","N","inferred from transmissions","drowned",NA,"Track ends in sea. Captive-bred from Vienna Zoo; originates from Turkish population","Bulgaria",NA,13,"26/08/2016","9/9/16"
"Sanie_131249","Neophron percnopterus","Neophron percnopterus Bulgaria/Greece","Sanie",131249,"2013-08-01 02:00:00","2016-10-03 01:00:00",41.6415,25.88183,13.04167,40.399,0.475684274174614,1,NA,1158.95833333333,"confirmed dead","1","unknown","N","N","inferred from transmissions","unknown",NA,"Since 04.10 the transmitter sending signal from the same location","Bulgaria","Ethiopia",1151,"1/8/13 2:00","4/10/16 1:00"
"Sharka_182256","Neophron percnopterus","Neophron percnopterus Bulgaria/Greece","Sharka",182256,"2019-05-15 01:04:34","2019-05-16 01:03:29",41.59423,25.64156,41.59809,25.62113,0.0115277267270475,0.983831018518519,99,0.999247685185185,"confirmed dead","2","unknown","Y","N","carcass found","killed by predator",NA,"Killed by predator 3 days after the release","Bulgaria","Bulgaria",2,"15/05/2019 01:04","17/05/2019 00:18"
"Spartacus_61952","Neophron percnopterus","Neophron percnopterus Bulgaria/Greece","Spartacus",61952,"2010-08-19 04:00:00","2011-01-14 05:00:00",41.64117,25.88117,12.459,16.24717,0.0171125552676185,1.00833333333333,NA,148.041666666667,"confirmed dead","1","unknown","N","N","carcass retrieved","shot",NA,NA,"Bulgaria","Chad",140,"19/08/2010 04:00","15/01/2011 07:00"
"Svetlina_118152","Neophron percnopterus","Neophron percnopterus Bulgaria/Greece","Svetlina",118152,"2012-08-17 10:00:00","2014-09-05 01:00:00",41.62283,25.8975,17.91383,38.27417,9.60000000006289e-05,1,NA,748.625,"confirmed dead","1","unknown","N","N","inferred from transmissions","unknown",NA,"The bird died on 09.06.2014 and since then the transmitter is sending signal from the same location","Bulgaria","Sudan",750,"17/08/2012 10:00","6/9/14 1:00"
"Volen_118148","Neophron percnopterus","Neophron percnopterus Bulgaria/Greece","Volen",118148,"2012-08-16 16:00:00","2014-09-28 04:00:00",43.18,27.43567,28.74617,31.9875,2.2256466147863,1,NA,772.5,"confirmed dead","1","unknown","N","N",NA,NA,NA,"Last locations are from a roosting site in Egypt. No more locations after that. The bird might have died or the transmitter failed","Bulgaria","Egypt",773,"16/08/2012 16:00","29/09/2014 02:00"
"Wesal_182264","Neophron percnopterus","Neophron percnopterus Bulgaria/Greece","Wesal",182264,"2019-04-15 06:14:35","2019-05-30 00:18:02",30.69724,35.57994,37.00724,39.23025,0.304600323208945,0.999075231481481,99.9,44.7523958333333,"alive","6","unknown","N","Y",NA,NA,NA,"confiscated by RSCN in Jordan, rehabilitated for >1 year, and released","Jordan","Turkey",46,"15/04/2019 06:14","31/05/2019 00:16"
"Zikmund_171349","Neophron percnopterus","Neophron percnopterus Bulgaria/Greece","Zikmund",171349,"2018-08-10 02:49:43","2018-09-11 00:19:55",41.63609,25.85622,40.96374,25.64482,0.100828326199163,1.00003240740741,67.3,31.8959722222222,"confirmed dead","1","F","Y","N","recaptured","human imprinting",NA,"would have died due to too strong affinity to humans","Bulgaria","Greece",27,"10/8/18 2:49","12/9/18 0:09"
"2HN_137397","Neophron percnopterus","Neophron percnopterus. GREFA. Spain","2HN",137397,"2015-07-20 14:00:00","2019-05-30 09:00:00",40.46833,-3.83983,40.61617,-4.72033,0.143313024648898,0.977453703703704,NA,1409.79166666667,"alive",NA,"unknown",NA,NA,NA,NA,NA,NA,"Spain","Spain",1353,"",""
"2HP_48500703772","Neophron percnopterus","Neophron percnopterus. GREFA. Spain","2HP",48500703772,"2016-07-25 05:08:00","2019-05-30 00:00:00",40.95475,-4.100033,41.13295,-6.149383,0.543129846510922,1.09993055555556,NA,1038.78611111111,"alive",NA,"unknown",NA,NA,NA,NA,NA,NA,"Spain","Spain",199,"",""
"95N_181641","Neophron percnopterus","Neophron percnopterus. GREFA. Spain","95N",181641,"2018-08-02 08:50:30","2019-05-30 02:38:42",41.53552,-3.589222,41.48222,-3.58147,0.000892582367669315,0.999998842592593,98.8,300.741805555556,"alive",NA,"unknown",NA,NA,NA,NA,NA,NA,"Spain","Spain",302,"",""
"95P_6471","Neophron percnopterus","Neophron percnopterus. GREFA. Spain","95P",6471,"2018-08-06 05:00:47","2019-05-30 05:00:23",41.20507,-4.827073,14.90759,-16.13499,0.00252775427886834,0.999979166666667,NA,296.999722222222,"alive",NA,"unknown",NA,NA,NA,NA,NA,NA,"Spain","Senegal",294,"",""
"95R_5019","Neophron percnopterus","Neophron percnopterus. GREFA. Spain","95R",5019,"2016-07-26 05:00:48","2018-01-13 17:00:14",42.33044,-7.284108,15.53358,-8.031103,0.0191783867317627,2.2930625,NA,536.499606481481,"unknown",NA,"unknown",NA,NA,NA,NA,NA,NA,"Spain","Mauritania",444,"",""
"9FC_5782","Neophron percnopterus","Neophron percnopterus. GREFA. Spain","9FC",5782,"2017-07-20 05:00:53","2017-09-15 05:00:23",40.48221,-4.167468,32.65646,-4.678921,1.27745947573439,0.999930555555556,NA,56.9996527777778,"unknown",NA,"unknown",NA,NA,NA,NA,NA,NA,"Spain","Morocco",52,"",""
"9FH_370","Neophron percnopterus","Neophron percnopterus. GREFA. Spain","9FH",370,"2017-07-31 01:08:19","2018-01-29 00:18:04",42.48747,-6.84458,13.92329,-12.05638,0.115247919332103,0.99908912037037,NA,181.965104166667,"unknown",NA,"unknown",NA,NA,NA,NA,NA,NA,"Spain","Mali",175,"",""
"9FJ_5783","Neophron percnopterus","Neophron percnopterus. GREFA. Spain","9FJ",5783,"2017-07-21 05:00:23","2018-01-26 05:00:23",42.3284,-7.284745,15.36825,-4.459704,0.136368232867995,1,NA,189,"unknown",NA,"unknown",NA,NA,NA,NA,NA,NA,"Spain","Mali",190,"",""
"16095_16095","Neophron percnopterus","Omanvulture","16095",16095,"2018-01-19 10:49:05","2019-05-30 01:23:04",23.3350315093994,58.4574317932129,23.3008403778076,58.6533699035645,0.00717760800911305,0.981116898148148,75.5,495.60693287037,"alive","6","unknown",NA,NA,NA,NA,NA,NA,"Oman","Oman",496,"19-Jan-18",""
"171318_171318","Neophron percnopterus","Omanvulture","171318",171318,"2018-01-20 09:48:05","2019-05-30 01:47:32",23.3392658233643,58.4492835998535,27.2199573516846,56.1804161071777,0.0174301680832198,1.0013900462963,77.7,494.666284722222,"alive","6","unknown",NA,NA,NA,NA,NA,NA,"Oman","Iran (Islamic Republic of)",496,"20-Jan-18",""
"Agata_119157","Neophron percnopterus","Released Egyptian Vultures in Italy","Agata",119157,"2015-08-26 08:00:00","2015-09-04 08:00:00",37.39733,13.36967,36.8275,13.1485,0.365881185292531,1.00244444444444,NA,9,"unknown","1","F","Y",NA,"","",NA,"","Italy",NA,10,"",""
"Aneta_48500502206","Neophron percnopterus","Released Egyptian Vultures in Italy","Aneta",48500502206,"2015-09-07 00:01:00","2015-10-03 00:00:00",39.10625,16.89193,33.02857,21.45593,0.832990706951297,1.00020833333333,NA,25.9993055555556,"unknown",NA,"unknown",NA,NA,NA,NA,NA,NA,"Italy",NA,27,NA,NA
"Apollo_16093","Neophron percnopterus","Released Egyptian Vultures in Italy","Apollo",16093,"2017-07-24 23:09:19","2017-09-27 04:48:09",40.24659,16.10241,34.456,9.631937,0.485604885032413,1.00119444444444,79,64.2353009259259,"unknown","1","M","Y",NA,"","",NA,"","Italy","Tunisia",61,"",""
"Carmen_48500501963","Neophron percnopterus","Released Egyptian Vultures in Italy","Carmen",48500501963,"2015-09-07 00:01:00","2015-12-26 00:01:00",39.10623,16.8919,31.70923,25.80503,0.198256885759697,0.999930555555556,NA,110,"unknown",NA,"unknown",NA,NA,NA,NA,NA,"looks to have died at see and tx floated long after","Italy",NA,111,NA,NA
"Karel_119158","Neophron percnopterus","Released Egyptian Vultures in Italy","Karel",119158,"2015-09-08 12:12:44","2015-10-20 08:00:00",38.997,16.881,36.75667,15.063,0.639880307068756,1.04640972222222,NA,41.8244907407407,"unknown","1","M","Y",NA,"","",NA,"","Italy","Italy",42,"",""
"Sara_23306","Neophron percnopterus","Released Egyptian Vultures in Italy","Sara",23306,"2015-08-26 20:00:00","2019-05-30 04:00:00",39.9165,18.3045,40.6455,16.641,0.337850922785403,1,NA,1372.33333333333,"unknown","1","F","Y",NA,"","",NA,"","Italy","Italy",1368,"",""
"Tobia_48500501945","Neophron percnopterus","Released Egyptian Vultures in Italy","Tobia",48500501945,"2015-09-07 00:01:00","2019-05-30 05:00:00",39.1062,16.8919,37.49265,14.56805,0.64467348915326,1.02083333333333,NA,1361.20763888889,"alive",NA,"unknown",NA,NA,"still transmitting",NA,NA,NA,"Italy","Italy",1349,NA,NA
"Airy_163484","Cathartes aura","Turkey Vulture Acopian Center USA GPS","Airy",163484,"2018-06-06 02:00:00","2018-08-05 00:00:00",47.00317,-124.143,47.34883,-124.2843,0.0862708854037533,0.995833333333333,NA,59.9166666666667,"likely dead","6","unknown","N","N","transmisson from same location over a period of time","unknown",NA,NA,"United States","United States",57,NA,NA
"Andres_136414","Cathartes aura","Turkey Vulture Acopian Center USA GPS","Andres",136414,"2014-05-15 23:00:00","2019-05-30 00:00:00",33.38967,-112.6808,33.258,-112.2695,0.294198677272731,1,NA,1840.04166666667,"alive","6","F","N","N",NA,NA,NA,NA,"United States","United States",1840,NA,NA
"Argentina_53800","Cathartes aura","Turkey Vulture Acopian Center USA GPS","Argentina",53800,"2011-02-05 17:35:00","2017-11-04 00:55:21",-36.904,-64.2445,-36.9144,-64.2402,0.0021930916078677,1.02188888888889,NA,2463.30579861111,"likely transmitter failure","6","unknown","N","N",NA,NA,NA,NA,"Argentina","Argentina",2434,NA,NA
"Artful_Dodger_163485","Cathartes aura","Turkey Vulture Acopian Center USA GPS","Artful_Dodger",163485,"2018-06-07 02:00:00","2019-05-30 00:00:00",47.0105,-124.147,46.96967,-123.8963,0.0489836593202495,1,NA,356.916666666667,"alive","6","unknown","N","N",NA,NA,NA,NA,"United States","United States",358,NA,NA
"Ava_135428","Cathartes aura","Turkey Vulture Acopian Center USA GPS","Ava",135428,"2014-05-15 16:00:00","2018-06-29 00:00:00",33.38883,-112.6828,33.60833,-112.588,0.000258771230323833,2.43333333333333,NA,1505.33333333333,"confirmed dead","6","F","N","N","transmission from same location over 2 month period",NA,NA,NA,"United States","United States",1443,NA,NA
"Bariloche1_136416","Cathartes aura","Turkey Vulture Acopian Center USA GPS","Bariloche1",136416,"2014-11-14 18:00:00","2014-12-16 00:00:00",-41.18733,-71.14433,-42.16967,-70.65533,0.361381247175881,1,NA,31.25,"confirmed dead","6","F","N","N","transmitter recovered","unknown",NA,NA,"Argentina","Argentina",33,"",""
"Bariloche2_135434","Cathartes aura","Turkey Vulture Acopian Center USA GPS","Bariloche2",135434,"2014-11-14 18:00:00","2019-05-30 00:00:00",-41.18717,-71.14417,-10.90517,-62.27717,0.0979706030464277,1,NA,1657.25,"alive","6","M","N","N",NA,NA,NA,NA,"Argentina","Brazil",1657,NA,NA
"Black Knight_120507","Cathartes aura","Turkey Vulture Acopian Center USA GPS","Black Knight",120507,"2013-05-15 21:53:00","2019-05-17 20:34:36",41.8189,-76.4188,41.6763,-75.3394,0.0221354623270659,4.8167662037037,NA,2192.94555555556,"alive","6","unknown","N","N",NA,NA,NA,NA,"United States","United States",887,NA,NA
"Blizzard_57953","Cathartes aura","Turkey Vulture Acopian Center USA GPS","Blizzard",57953,"2005-06-22 16:00:00","2005-10-06 00:00:00",53.03467,-106.375,48.031,-100.226,0.81435694262829,1,NA,105.333333333333,"confirmed dead","6","unknown","N","N","transmitter recovered","collision with vehicle",NA,NA,"Canada","United States",107,NA,NA
"Boneyard1_135427","Cathartes aura","Turkey Vulture Acopian Center USA GPS","Boneyard1",135427,"2014-05-14 00:00:00","2016-04-04 04:00:00",33.389,-112.6827,17.44583,-98.85983,0.00541497363371188,2.71666666666667,NA,691.166666666667,"likely dead","6","F","N","N","transmission from same location over 1 month period","unknown",NA,NA,"United States","Mexico",633,NA,NA
"Butterball_42500","Cathartes aura","Turkey Vulture Acopian Center USA GPS","Butterball",42500,"2003-11-05 15:00:00","2004-04-18 00:00:00",40.6375,-76.01933,40.65883,-75.92783,0.0163150920535969,1.0125,NA,164.375,"alive","6","unknown","N","N","bird recaptured and transmitter removed",NA,NA,NA,"United States","United States",147,NA,NA
"Calm_Lady_144304","Cathartes aura","Turkey Vulture Acopian Center USA GPS","Calm_Lady",144304,"2016-05-19 13:54:00","2019-05-30 00:45:04",33.4278,-112.6963,33.7384,-113.1779,0.135835776749411,0.99558912037037,NA,1105.45212962963,"alive","6","M","N","N",NA,NA,NA,NA,"United States","United States",1097,NA,NA
"Captain Haddock_163488","Cathartes aura","Turkey Vulture Acopian Center USA GPS","Captain Haddock",163488,"2017-01-22 19:00:00","2019-05-30 00:00:00",33.42833,-112.696,48.55383,-123.4687,0.0213823866568655,1.05,NA,857.208333333333,"alive","6","unknown","N","N",NA,NA,NA,NA,"United States","Canada",837,NA,NA
"Car Talk_135430","Cathartes aura","Turkey Vulture Acopian Center USA GPS","Car Talk",135430,"2014-05-17 18:00:00","2019-05-29 00:00:00",33.3895,-112.683,32.0275,-112.1525,0.000108000000000175,1.00416666666667,NA,1837.25,"alive","6","F","N","N",NA,NA,NA,NA,"United States","United States",1640,NA,NA
"Castagnino_163486","Cathartes aura","Turkey Vulture Acopian Center USA GPS","Castagnino",163486,"2017-11-24 19:00:00","2019-05-30 00:00:00",-41.128,-71.24983,-35.95617,-71.59767,0.0396345672023901,1,NA,551.208333333333,"alive","6","unknown","N","N",NA,NA,NA,NA,"Argentina","Chile",552,NA,NA
"Cinco_136415","Cathartes aura","Turkey Vulture Acopian Center USA GPS","Cinco",136415,"2014-11-19 18:00:00","2015-04-18 11:00:00",-41.18717,-71.14417,-26.34917,-63.75167,0.448314665518318,1,NA,149.708333333333,"confirmed dead","6","F","N","N","transmitter recovered","potentially poisoned, found with 2 black vutlures and 2 chimango caracaras",NA,NA,"Argentina","Argentina",151,"",""
"Coy_174648","Cathartes aura","Turkey Vulture Acopian Center USA GPS","Coy",174648,"2018-06-01 23:00:00","2019-05-30 00:00:00",47.00033,-123.9478,47.28,-123.3762,0.11872597957014,1,NA,362.041666666667,"alive","6","unknown","N","N",NA,NA,NA,NA,"United States","United States",364,NA,NA
"David_127778","Cathartes aura","Turkey Vulture Acopian Center USA GPS","David",127778,"2013-08-10 01:00:00","2019-05-17 00:00:00",53.00467,-106.313,52.217,-103.3808,1.19672514178686,3.38333333333333,NA,2105.95833333333,"alive","1","unknown","N","N",NA,NA,NA,NA,"Canada","Canada",1650,NA,NA
"Desert_Rat_127772","Cathartes aura","Turkey Vulture Acopian Center USA GPS","Desert_Rat",127772,"2013-05-24 13:00:00","2016-11-15 00:00:00",32.88683,-112.0373,14.82033,-92.22867,0.00949591029088237,1,NA,1270.45833333333,"likely dead","6","F","N","N","transmission from same location over 3 days before ceasing","unknown",NA,NA,"United States","Mexico",1262,NA,NA
"Disney_52069","Cathartes aura","Turkey Vulture Acopian Center USA GPS","Disney",52069,"2004-09-19 21:00:00","2011-10-17 00:00:00",40.3605,-75.71683,38.64267,-79.349,0.0235801446926734,1,NA,2583.125,"likely transmitter failure","6","unknown","N","N","transmission ceased abruptly while bird was moving",NA,NA,NA,"United States","United States",2487,NA,NA
"Domingo_84797","Cathartes aura","Turkey Vulture Acopian Center USA GPS","Domingo",84797,"2011-02-05 14:20:00","2012-05-29 00:00:00",-36.8453,-64.2324,-13.5841,-63.6679,0.00574224852150154,0.987847222222222,NA,478.402777777778,"likely dead","6","unknown","N","N","transmission from same location over 5 days before ceasing","unknown",NA,NA,"Argentina","Bolivia",462,NA,NA
"Duck Lake_57953","Cathartes aura","Turkey Vulture Acopian Center USA GPS","Duck Lake",57953,"2006-06-21 20:00:00","2006-10-27 00:00:00",52.69517,-106.1388,49.7325,-100.3618,0.111171322761185,1.05416666666667,NA,127.166666666667,"confirmed dead","6","unknown","N","N","transmitter recovered","collsion with powerline",NA,NA,"Canada","Canada",129,NA,NA
"Early_Bird_144305","Cathartes aura","Turkey Vulture Acopian Center USA GPS","Early_Bird",144305,"2016-05-20 15:13:00","2019-05-30 01:15:14",33.4276,-112.697,33.0984,-112.9884,0.0149897033413518,0.993716435185185,NA,1104.41821759259,"alive","6","M","N","N",NA,NA,NA,NA,"United States","United States",1097,NA,NA
"Edgar_175727","Cathartes aura","Turkey Vulture Acopian Center USA GPS","Edgar",175727,"2018-09-15 23:00:00","2019-05-30 00:00:00",33.282,-111.1452,33.3605,-111.1373,0.0510457057345905,1,NA,256.041666666667,"alive","6","unknown","N","N",NA,NA,NA,NA,"United States","United States",258,NA,NA
"Edward Abbey_127774","Cathartes aura","Turkey Vulture Acopian Center USA GPS","Edward Abbey",127774,"2013-05-26 17:00:00","2018-11-10 00:00:00",32.873,-112.057,13.25933,-88.26117,0.0354253946434966,1,NA,1993.29166666667,"likely dead","6","F","N","N","transmission from same location over 3 days before ceasing","unknown",NA,NA,"United States","El Salvador",1982,NA,NA
"Fenix_136416","Cathartes aura","Turkey Vulture Acopian Center USA GPS","Fenix",136416,"2015-02-28 00:00:00","2017-10-21 23:00:00",-41.12783,-71.24967,-41.14033,-71.24533,0.0329138956365001,1,NA,966.958333333333,"confirmed dead","6","unknown","N","N","transmitter recovered","killed by a fox",NA,NA,"Argentina","Argentina",959,"",""
"Gash_157420","Cathartes aura","Turkey Vulture Acopian Center USA GPS","Gash",157420,"2016-05-18 18:00:00","2019-05-30 00:00:00",33.428,-112.6957,32.78683,-113.4197,0.502697020198819,1,NA,1106.25,"alive","6","M","N","N",NA,NA,NA,NA,"United States","United States",1097,NA,NA
"Grayland_174649","Cathartes aura","Turkey Vulture Acopian Center USA GPS","Grayland",174649,"2018-06-02 17:00:00","2019-05-30 00:00:00",46.8325,-124.1075,49.78783,-123.1745,0.114047956269706,1,NA,361.291666666667,"alive","6","unknown","N","N",NA,NA,NA,NA,NA,"Canada",363,NA,NA
"Halfway_135436","Cathartes aura","Turkey Vulture Acopian Center USA GPS","Halfway",135436,"2014-11-16 17:00:00","2015-07-14 02:00:00",-41.18667,-71.14433,-2.27083,-71.65817,0.0083026801501903,1,NA,239.375,"likely transmitter failure","6","M","N","N","transmission ceased abruptly while bird was moving",NA,NA,NA,"Argentina","Peru",241,NA,NA
"Harriet_127780","Cathartes aura","Turkey Vulture Acopian Center USA GPS","Harriet",127780,"2013-06-05 01:00:00","2015-04-03 00:00:00",53.00733,-106.3093,13.17233,-87.68467,1.41959278980242,1.20416666666667,NA,666.958333333333,"likely dead","6","M","N","N","transmission from same location over 5 days before ceasing, last location was on island on migration","unknown",NA,NA,"Canada",NA,659,NA,NA
"Irma_52067","Cathartes aura","Turkey Vulture Acopian Center USA GPS","Irma",52067,"2004-09-06 17:00:00","2015-09-23 14:00:00",40.778,-75.28533,40.61417,-75.184,0.063403290686991,1.12916666666667,NA,4033.875,"likely transmitter failure","6","unknown","N","N","transmission ceased abruptly while bird was moving and transmitter was 11 years old",NA,NA,NA,"United States","United States",2645,NA,NA
"Jennie_127776","Cathartes aura","Turkey Vulture Acopian Center USA GPS","Jennie",127776,"2013-05-24 19:00:00","2015-12-07 21:00:00",32.88617,-112.0362,32.77333,-112.5628,0.000179165320660931,6.5875,NA,927.083333333333,"likely dead","6","F","N","N","transmission from same location over 3 months before ceasing","unknown",NA,NA,"United States","United States",773,NA,NA
"Johnny Yuma_136413","Cathartes aura","Turkey Vulture Acopian Center USA GPS","Johnny Yuma",136413,"2014-05-17 15:00:00","2014-10-02 21:00:00",33.38733,-112.683,22.186,-105.2972,1.30183288329897,1.0125,NA,138.25,"likely transmitter failure","6","F","N","N","transmission ceased abruptly while bird was moving",NA,NA,NA,"United States","Mexico",139,NA,NA
"Julie_127777","Cathartes aura","Turkey Vulture Acopian Center USA GPS","Julie",127777,"2013-05-22 14:00:00","2019-05-30 00:00:00",32.88683,-112.0373,32.774,-112.122,0.0909293331944862,1,NA,2198.41666666667,"alive","6","F","N","N",NA,NA,NA,NA,"United States","United States",2170,NA,NA
"La Pampa_53797","Cathartes aura","Turkey Vulture Acopian Center USA GPS","La Pampa",53797,"2011-02-01 16:58:00","2012-10-01 00:40:00",-36.8985,-64.2321,-18.764,-53.3563,0.502996598411761,0.997986111111111,NA,607.320833333333,"likely dead","6","unknown","N","N","transmission from same location over 5 days before ceasing","unknown",NA,NA,"Argentina","Brazil",607,NA,NA
"Leo_135431","Cathartes aura","Turkey Vulture Acopian Center USA GPS","Leo",135431,"2014-05-30 17:00:00","2019-05-30 00:00:00",53.659,-107.5553,53.65867,-107.5535,0.0471508778599458,1,NA,1825.29166666667,"alive","6","unknown","N","N",NA,NA,NA,NA,"Canada","Canada",1813,"",""
"Leo_65545","Cathartes aura","Turkey Vulture Acopian Center USA GPS","Leo",65545,"2007-06-16 20:00:00","2014-03-22 02:00:00",53.533,-107.5308,8.70217,-77.53633,3.4680311544577,7.25,NA,2470.25,"alive","6","unknown","N","N","failed transmitter recovered from live bird",NA,NA,NA,"Canada","Panama",2276,NA,NA
"Linda_127775","Cathartes aura","Turkey Vulture Acopian Center USA GPS","Linda",127775,"2013-05-26 15:00:00","2014-04-02 16:00:00",32.88383,-112.0323,32.72617,-112.1858,1.79733813411859,8.57083333333333,NA,311.041666666667,"confirmed transmitter failure","6","F","N","N","bird observed with unit on but missing antenna",NA,NA,NA,"United States","United States",193,NA,NA
"Mac_65544","Cathartes aura","Turkey Vulture Acopian Center USA GPS","Mac",65544,"2007-06-17 15:00:00","2008-12-02 00:00:00",53.00467,-106.313,9.97067,-83.08433,0.182854060499139,1,NA,533.375,"likely transmitter failure","6","unknown","N","N","transmission ceased abruptly while bird was moving",NA,NA,NA,"Canada","Costa Rica",535,NA,NA
"Malcom_163489","Cathartes aura","Turkey Vulture Acopian Center USA GPS","Malcom",163489,"2018-09-16 22:00:00","2019-05-25 00:00:00",33.28283,-111.1025,33.20033,-111.1208,0.0103774066130123,1.1875,NA,250.083333333333,"alive","6","unknown","N","N",NA,NA,NA,NA,"United States","United States",246,NA,NA
"Mandeb_127590","Cathartes aura","Turkey Vulture Acopian Center USA GPS","Mandeb",127590,"2014-12-31 16:46:00","2015-04-16 18:27:00",-41.1386,-71.3369,-40.2389,-70.0759,0.192135820698452,1.799375,NA,106.070138888889,"confirmed dead","6","unknown","N","N","transmitter recovered","unknown",NA,NA,"Argentina","Argentina",84,NA,NA
"Mark_85755","Cathartes aura","Turkey Vulture Acopian Center USA GPS","Mark",85755,"2009-10-19 16:45:42","2014-05-25 00:00:41",40.6341,-76.0228,40.9021,-75.5325,0.000241045151954891,1.39999305555556,NA,1678.30207175926,"likely dead","6","unknown","N","N","transmission from same location over 30 days before ceasing","unknown",NA,NA,"United States","United States",1124,NA,NA
"Mary_85756","Cathartes aura","Turkey Vulture Acopian Center USA GPS","Mary",85756,"2009-10-20 09:00:46","2012-08-23 18:01:00",40.7809,-75.8612,40.792,-76.2446,0.0005325905329858,10.4827777777778,NA,1038.37516203704,"likely dead","6","unknown","N","N","transmission from same location over several months before ceasing","unknown",NA,NA,"United States","United States",530,NA,NA
"MooMoo_157419","Cathartes aura","Turkey Vulture Acopian Center USA GPS","MooMoo",157419,"2016-05-18 18:00:00","2018-03-07 12:00:00",33.428,-112.6957,9.374,-75.76617,0.00406589551143871,4.8,NA,657.75,"likely dead","6","M","N","N","transmission from same location over several months before ceasing","unknown",NA,NA,"United States",NA,617,NA,NA
"Morongo_57957","Cathartes aura","Turkey Vulture Acopian Center USA GPS","Morongo",57957,"2006-03-18 23:00:00","2009-05-26 02:00:00",34.0485,-116.5697,43.43183,-123.3162,0.000186603886794148,1.60833333333333,NA,1164.125,"confirmed dead","6","unknown","N","N","transmitter recovered","collision with vehicle",NA,"tagged on migration","United States","United States",1132,NA,NA
"Ozzie_127781","Cathartes aura","Turkey Vulture Acopian Center USA GPS","Ozzie",127781,"2013-06-04 13:00:00","2014-05-12 16:00:00",53.0045,-106.313,53.00483,-106.3128,0.0290799423837743,1.00416666666667,NA,342.125,"likely dead","6","F","N","N","transmission from same location over 3 days before ceasing","unknown",NA,NA,"Canada","Canada",337,"",""
"Picket Post_171646","Cathartes aura","Turkey Vulture Acopian Center USA GPS","Picket Post",171646,"2018-09-17 00:00:00","2019-05-30 03:00:00",33.28333,-111.1445,33.3095,-111.0648,0.0142532980196213,1.42916666666667,NA,255.125,"alive","6","unknown","N","N",NA,NA,NA,NA,"United States","United States",247,NA,NA
"Prado_57954","Cathartes aura","Turkey Vulture Acopian Center USA GPS","Prado",57954,"2005-11-02 15:00:00","2009-07-07 00:00:00",33.9125,-117.6162,33.6615,-117.8278,0.194276233376365,5.025,NA,1342.375,"likely transmitter failure","6","unknown","N","N","transmission ceased abruptly while bird was moving",NA,NA,NA,"United States","United States",1165,NA,NA
"Queen Creek_175728","Cathartes aura","Turkey Vulture Acopian Center USA GPS","Queen Creek",175728,"2018-09-18 00:00:00","2018-11-30 00:00:00",33.29217,-111.0722,19.46017,-102.5695,0.060858697226837,1.1,NA,73,"likely transmitter failure","6","unknown","N","N","transmission ceased abruptly while bird was moving",NA,NA,NA,"United States","Mexico",73,NA,NA
"Ranger_65543","Cathartes aura","Turkey Vulture Acopian Center USA GPS","Ranger",65543,"2007-08-05 17:00:00","2007-12-01 00:00:00",53.6255,-107.7613,18.139,-95.988,0.558666106425437,1.00833333333333,NA,117.291666666667,"likely transmitter failure","6","unknown","N","N","transmission ceased abruptly while bird was moving",NA,NA,NA,"Canada","Mexico",119,NA,NA
"Ricky_127779","Cathartes aura","Turkey Vulture Acopian Center USA GPS","Ricky",127779,"2013-08-09 23:00:00","2014-02-27 01:00:00",53.005,-106.3123,10.44183,-85.39833,0.0292981981082148,1,NA,201.083333333333,"confirmed dead","1","unknown","N","N","transmitter recovered","unknown",NA,NA,"Canada","Costa Rica",176,NA,NA
"Rosalie_57956","Cathartes aura","Turkey Vulture Acopian Center USA GPS","Rosalie",57956,"2006-03-19 00:00:00","2010-03-27 06:00:00",34.05167,-116.5727,44.163,-123.301,1.29553558219868,1,NA,1469.25,"likely transmitter failure","6","unknown","N","N","transmission ceased abruptly while bird was moving",NA,NA,"tagged on migration","United States","United States",1453,NA,NA
"Sabado_84797","Cathartes aura","Turkey Vulture Acopian Center USA GPS","Sabado",84797,"2009-03-07 15:49:00","2009-04-13 00:00:00",-36.897,-64.2325,-30.2602,-63.0536,0.663056983605777,1,NA,36.3409722222222,"confirmed dead","6","unknown","N","N","transmitter recovered","unknown",NA,NA,"Argentina","Argentina",38,NA,NA
"Sarkis_57955","Cathartes aura","Turkey Vulture Acopian Center USA GPS","Sarkis",57955,"2006-02-20 03:00:00","2008-02-08 03:00:00",33.765,-117.8062,26.96567,-108.593,1.80334021704505,29.1708333333333,NA,718,"likely dead","6","unknown","N","N","transmission from same location over several months before ceasing","unknown",NA,NA,"United States","Mexico",490,NA,NA
"Schaumboch_42500","Cathartes aura","Turkey Vulture Acopian Center USA GPS","Schaumboch",42500,"2004-09-14 14:00:00","2006-05-04 13:00:00",40.83283,-75.02,41.36,-73.58167,0.0335568291015423,2.19166666666667,NA,596.958333333333,"likely transmitter failure","6","unknown","N","N","transmission ceased abruptly while bird was moving and transmitter was acting erratic",NA,NA,NA,"United States","United States",431,NA,NA
"Sill_57952","Cathartes aura","Turkey Vulture Acopian Center USA GPS","Sill",57952,"2005-06-19 17:00:00","2005-10-30 00:00:00",51.59017,-106.398,34.81667,-98.74333,0.737396305310623,1,NA,132.291666666667,"confirmed dead","6","unknown","N","N","sudden transmission stop","exploded ordinance",NA,"last location on army base where ordinance had exploded","Canada","United States",134,"",""
"Simona_136415","Cathartes aura","Turkey Vulture Acopian Center USA GPS","Simona",136415,"2016-01-31 11:00:00","2017-03-11 00:00:00",-41.143,-71.23967,-41.26617,-68.764,0.0400673081746971,1,NA,404.541666666667,"confirmed dead","6","unknown","N","N","transmitter recovered","likely poisoned, carcass found next to dead sheep along with another Turkey Vulture and two Chimango Caracaras",NA,NA,"Argentina","Argentina",406,NA,NA
"Steamhouse 1_85753","Cathartes aura","Turkey Vulture Acopian Center USA GPS","Steamhouse 1",85753,"2009-05-22 15:25:37","2012-03-17 21:01:00",52.3406,-107.2494,8.7276,-67.7973,9.06449510247035e-05,2.425,NA,1030.23290509259,"likely dead","6","M","N","N","transmission from same location over 1month before ceasing",NA,NA,NA,"Canada","Venezuela",905,NA,NA
"Steamhouse 2_85754","Cathartes aura","Turkey Vulture Acopian Center USA GPS","Steamhouse 2",85754,"2009-05-23 02:20:02","2013-12-01 00:01:00",52.3406,-107.2466,9.0316,-71.4067,0.83941004316586,1,NA,1652.90344907407,"likely transmitter failure","6","F","N","N","transmission ceased abruptly while bird was moving",NA,NA,NA,"Canada","Venezuela",1614,NA,NA
"Superior_171645","Cathartes aura","Turkey Vulture Acopian Center USA GPS","Superior",171645,"2018-09-16 21:00:00","2019-05-30 00:00:00",33.283,-111.1447,33.3295,-111.1753,0.0349972099031492,1,NA,255.125,"alive","6","unknown","N","N",NA,NA,NA,NA,"United States","United States",256,NA,NA
"Tesla_127590","Cathartes aura","Turkey Vulture Acopian Center USA GPS","Tesla",127590,"2013-05-13 19:14:00","2014-04-04 01:31:06",40.6388,-76.0183,37.1723,-77.9549,1.02875098844921,0.996793981481481,NA,325.261875,"confirmed dead","6","unknown","N","N","transmitter recovered","unknown",NA,NA,"United States","United States",320,NA,NA
"Tintin_163487","Cathartes aura","Turkey Vulture Acopian Center USA GPS","Tintin",163487,"2017-01-22 19:00:00","2019-05-28 18:00:00",33.42833,-112.696,37.12217,-119.7787,0.020935158367881,1.01666666666667,NA,855.958333333333,"alive","6","unknown","N","N",NA,NA,NA,NA,"United States","United States",854,NA,NA
"Tire Pile_135429","Cathartes aura","Turkey Vulture Acopian Center USA GPS","Tire Pile",135429,"2014-05-17 17:00:00","2019-05-28 00:00:00",33.38883,-112.6803,33.42067,-112.4298,0.0606199455003079,1.12083333333333,NA,1836.29166666667,"alive","6","F","N","N",NA,NA,NA,NA,"United States","United States",1801,NA,NA
"TK Red River_127773","Cathartes aura","Turkey Vulture Acopian Center USA GPS","TK Red River",127773,"2013-05-24 20:00:00","2013-10-09 00:00:00",32.88683,-112.0373,22.9985,-105.5965,1.41345982180512,1,NA,137.166666666667,"likely transmitter failure","6","F","N","N","transmission ceased abruptly while bird was moving",NA,NA,NA,"United States","Mexico",139,NA,NA
"Tommy_139250","Cathartes aura","Turkey Vulture Acopian Center USA GPS","Tommy",139250,"2014-08-04 18:00:00","2015-02-13 18:00:00",46.732,-92.2015,14.6705,-91.97367,0.0753640073650277,1.0125,NA,193,"likely dead","6","M","N","N","transmission from same location over 3 days before ceasing","unknown",NA,NA,"United States","Guatemala",194,NA,NA
"Two-thirds_136412","Cathartes aura","Turkey Vulture Acopian Center USA GPS","Two-thirds",136412,"2014-11-18 18:00:00","2019-05-30 00:00:00",-41.187,-71.144,-30.1075,-56.80817,0.179274760539195,1,NA,1653.25,"alive","6","M","N","N",NA,NA,NA,NA,"Argentina","Brazil",1640,"",""
"Whitey_53798","Cathartes aura","Turkey Vulture Acopian Center USA GPS","Whitey",53798,"2011-02-05 17:01:00","2019-05-29 19:15:28",-36.8777,-64.2501,-17.4691,-62.553,0.105671299366663,1.64174884259259,NA,3035.09337962963,"alive","6","unknown","N","N",NA,NA,NA,NA,"Argentina","Bolivia",2743,NA,NA
"Young Luro_84796","Cathartes aura","Turkey Vulture Acopian Center USA GPS","Young Luro",84796,"2009-03-06 15:57:00","2019-05-06 16:04:53",-36.9007,-64.2368,-18.9419,-62.4799,2.06711287562862,4.75,NA,3713.00547453704,"alive","6","unknown","N","N",NA,NA,NA,"transmitter failing?","Argentina","Bolivia",1583,NA,NA
"ACT_TV_111943","Cathartes aura","Vulture Movements","ACT_TV",111943,"2012-11-15 15:00:00","2013-05-05 00:00:00",30.49917,-86.53017,30.93067,-86.67983,0.000309838676250407,1,NA,170.375,"confirmed dead","3","unknown",NA,NA,"transmitter recovered from dead bird","unknown",NA,"contacted owner of property to recover where last location was","United States","United States",169,NA,NA
"ELV_TV_121787","Cathartes aura","Vulture Movements","ELV_TV",121787,"2013-01-31 15:00:00","2013-05-01 00:00:00",24.573,-81.67367,24.52483,-82.02133,0.119572855787606,1,NA,89.375,"likely dead","6","unknown",NA,NA,"last location at water surface off FL Keys","unknown",NA,"likely a condition known as ""fall out"", trying to head somewhere over water and becoming exhausted by head winds and dropping to water between Barracouta and Marquesas Keys","United States",NA,91,NA,NA
"EMH_TV_121788","Cathartes aura","Vulture Movements","EMH_TV",121788,"2013-02-01 16:00:00","2016-11-30 00:00:00",24.57317,-81.67367,29.653,-82.28767,0.000721748324264615,1,NA,1397.33333333333,"confirmed dead","6","unknown",NA,NA,"transmitter recovered from dead bird","unknown",NA,"transmitted statically, PA WS directed to last location to recover transmitter.","United States","United States",759,NA,NA
"HAL_TV_121789","Cathartes aura","Vulture Movements","HAL_TV",121789,"2013-02-02 15:00:00","2014-06-13 00:00:00",24.57317,-81.67367,24.67983,-81.35533,0.0249057700279016,1,NA,495.375,"confirmed dead","3","unknown",NA,NA,"transmitter recovered from dead bird","suspected electrocution",NA,"bird and transmitter recovered from underneath powerline","United States",NA,497,NA,NA
"JML_TV_281","Cathartes aura","Vulture Movements","JML_TV",281,"2013-12-11 14:42:00","2015-10-18 00:18:01",24.59744,-81.70249,29.65273,-82.28793,0.000252811054120323,1.00026041666667,NA,675.400011574074,"confirmed dead","3","unknown",NA,NA,"transmitter recovered from dead bird","suspected vehicle collision",NA,"believed to be vehicle mortality due to last location",NA,"United States",674,NA,NA
"JMX_TV_280","Cathartes aura","Vulture Movements","JMX_TV",280,"2013-12-13 00:15:00","2014-01-29 00:08:00",24.59422,-81.69966,24.57145,-81.79679,0.0718083987905138,0.999444444444444,NA,46.9951388888889,"confirmed dead","3","unknown",NA,NA,"transmitter recovered from dead bird","suspected vehicle collision",NA,"believed to be vehicle mortality due to last location",NA,NA,48,NA,NA
"JPM_TV_111942","Cathartes aura","Vulture Movements","JPM_TV",111942,"2013-12-13 11:00:00","2019-05-13 20:00:00",24.5975,-81.7025,29.5885,-82.34883,0.000430666362584517,4.0875,NA,1977.375,"confirmed dead","3","unknown",NA,NA,"transmitter recovered from dead bird","unknown",NA,"transmitted statically, bird/transmitter found near gun range, may have been shot",NA,"United States",1695,NA,NA
"JTA_TV_111943","Cathartes aura","Vulture Movements","JTA_TV",111943,"2013-12-13 11:00:00","2014-08-15 00:00:00",24.5975,-81.7025,42.46983,-76.414,0.036674372039259,1,NA,244.541666666667,"confirmed dead","2","unknown",NA,NA,"transmitter recovered from dead bird","suspected vehicle collision",NA,"transmitter recovered from carcass at last location adjacent to road, transmitter destroyed by apparent impact",NA,"United States",246,"",""
"LCV_TV_280","Cathartes aura","Vulture Movements","LCV_TV",280,"2014-11-18 14:57:54","2016-11-29 00:15:42",24.59751,-81.70262,29.65303,-82.2877,0.000143823362713695,1.00069675925926,NA,741.387361111111,"confirmed dead","2","unknown",NA,NA,"transmitter recovered from beach","unknown",NA,"likely a condition known as ""fall out"" with last location at sea, trying to head somewhere over water and becoming exhausted by head winds and dropping to water, transmitter washed up on beach of Summerland Key, recovered, refurbished",NA,"United States",296,NA,NA
"LEH_TV_68351","Cathartes aura","Vulture Movements","LEH_TV",68351,"2006-09-08 16:00:00","2008-10-04 00:00:00",32.4535,-80.71467,32.69667,-80.18217,0.0446614307233681,1,NA,756.333333333333,"confirmed dead","6","unknown",NA,NA,"transmitter recovered from dead bird","unknown",NA,"transmitter recovered from carcass at last location Edisto Island, SC","United States",NA,727,NA,NA
"LEJ_TV_68352","Cathartes aura","Vulture Movements","LEJ_TV",68352,"2006-09-19 16:00:00","2010-03-20 00:00:00",32.454,-80.70217,32.445,-80.683,0.0373681056593597,1,NA,1277.33333333333,"confirmed dead","6","unknown",NA,NA,"transmitter recovered from dead bird","shot",NA,"transmitter recovered from carcass, shot by BASH at MCAS Beaufort, SC while dispersing roost on red/white checkered tower at NW edge of base","United States","United States",1251,NA,NA
"LEM_TV_68353","Cathartes aura","Vulture Movements","LEM_TV",68353,"2006-09-19 16:00:00","2006-10-25 10:00:00",32.45383,-80.70217,31.623,-81.263,0.244499352575893,1,NA,35.75,"confirmed dead","6","unknown",NA,NA,"transmitter recovered from dead bird","suspected vehicle collision",NA,"transmitter recovered from carcass at last location along Hwy 252 N of Folkston, GA","United States","United States",37,NA,NA
"LEP_TV_68354","Cathartes aura","Vulture Movements","LEP_TV",68354,"2006-09-19 16:00:00","2008-04-20 18:00:00",32.454,-80.70183,33.48783,-79.7895,4.80000000003145e-05,1.0625,NA,579.083333333333,"confirmed dead","6","unknown",NA,NA,"transmitter recovered from dead bird","unknown",NA,"transmitter recovered from carcass at last location 13.25 miles W of Andrews, SC","United States","United States",568,NA,NA
"LET_TV_68355","Cathartes aura","Vulture Movements","LET_TV",68355,"2006-09-19 17:00:00","2006-10-23 13:00:00",32.45383,-80.702,32.413,-80.73733,0.0185164797294822,1.15416666666667,NA,33.8333333333333,"confirmed dead","3","unknown",NA,NA,"transmitter recovered from dead bird","unknown",NA,"transmitter retrieved from carcass in neighborhood woods, Beaufort, SC","United States",NA,35,NA,NA
"LEV_TV_68356","Cathartes aura","Vulture Movements","LEV_TV",68356,"2006-09-19 17:00:00","2007-11-17 00:00:00",32.45383,-80.70233,32.58017,-80.9285,0.020934668401896,1,NA,423.291666666667,"confirmed dead","6","unknown",NA,NA,"transmitter recovered from dead bird","suspected vehicle collision",NA,"transmitter retrieved from carcass in woods adjacent to I-95","United States","United States",413,NA,NA
"LMP_TV_453","Cathartes aura","Vulture Movements","LMP_TV",453,"2014-11-20 01:07:24","2019-05-30 00:00:44",24.59758,-81.70255,41.74949,-83.72422,0.0552959052256838,1.0001099537037,NA,1651.9537037037,"alive","3","unknown",NA,NA,NA,NA,NA,NA,NA,"United States",1651,NA,NA
"LMV_TV_454","Cathartes aura","Vulture Movements","LMV_TV",454,"2014-11-20 00:48:43","2019-05-30 00:03:43",24.59759,-81.70256,40.34871,-81.97946,0.0564036524639145,1.00456712962963,NA,1651.96875,"alive","2","unknown",NA,NA,NA,NA,NA,NA,NA,"United States",1580,NA,NA
"LTH_TV_451","Cathartes aura","Vulture Movements","LTH_TV",451,"2014-11-20 01:05:21","2015-02-15 00:02:09",24.59761,-81.70251,24.5802,-82.10631,0.0395020700924093,1.00080787037037,NA,86.9561111111111,"likely dead","3","unknown",NA,NA,"last location at Boca Grande Key off Key West, FL","unknown",NA,"transmitter stopped transmitting at edge of island, may have been ""fall out"" condition",NA,"United States",88,"",""
"LVA_TV_452","Cathartes aura","Vulture Movements","LVA_TV",452,"2014-11-20 00:56:08","2014-12-09 00:06:30",24.5976,-81.70257,24.58095,-81.79809,0.0273924440998051,1.00234259259259,NA,18.9655324074074,"likely dead","3","unknown",NA,NA,"last location in Key West neighborhood","unknown",NA,"transmitter stopped transmitting, search for it failed, may have been collision with aircraft approaching KW airport",NA,NA,20,NA,NA
"LXE_TV_68359","Cathartes aura","Vulture Movements","LXE_TV",68359,"2006-10-26 17:00:00","2006-11-11 21:00:00",32.4535,-80.7145,25.478,-80.37283,0.497086952455365,1.06666666666667,NA,16.1666666666667,"confirmed dead","3","unknown",NA,NA,"transmitter recovered from dead bird","unknown",NA,"found dead in fallow agriculture field SE of Homestead ARB, FL, may have been shot by FL WS BASH at HARB","United States","United States",17,NA,NA
"LXV_TV_68360","Cathartes aura","Vulture Movements","LXV_TV",68360,"2006-10-26 17:00:00","2006-11-17 00:00:00",32.45333,-80.71483,32.445,-80.683,0.0418398600048326,1,NA,21.2916666666667,"confirmed dead","3","unknown",NA,NA,"transmitter recovered from dead bird","suspected electrocution",NA,"bird and transmitter recovered from underneath powerline, transformer shorted out","United States","United States",23,NA,NA
"MET_TV_68359","Cathartes aura","Vulture Movements","MET_TV",68359,"2007-04-05 16:00:00","2008-10-26 00:00:00",32.46083,-80.70867,31.81633,-81.24117,0.150669950766481,1,NA,569.333333333333,"confirmed dead","6","unknown",NA,NA,"transmitter recovered from dead bird","unknown",NA,"transmitter recovered from last location, refurbished","United States","United States",559,NA,NA
"MEV_TV_68355","Cathartes aura","Vulture Movements","MEV_TV",68355,"2007-04-05 15:00:00","2007-08-31 09:00:00",32.461,-80.70883,32.394,-80.91833,0.0690728522594024,1,NA,147.75,"confirmed dead","3","unknown",NA,NA,"transmitter recovered from dead bird","unknown",NA,"bird and transmitter NOT found at last location, unknown fate of both","United States","United States",149,NA,NA
"MEX_TV_68360","Cathartes aura","Vulture Movements","MEX_TV",68360,"2007-04-05 15:00:00","2010-09-20 00:00:00",32.461,-80.70867,32.44517,-80.68283,0.0715361504100644,1,NA,1263.375,"likely dead","6","unknown",NA,NA,"last location at Pigeon Point roost","unknown",NA,"bird and transmitter NOT found at last location, unknown fate of both","United States","United States",1247,NA,NA
"VAJ_TV_613","Cathartes aura","Vulture Movements","VAJ_TV",613,"2016-04-19 00:00:10","2019-05-30 00:04:01",30.52352,-86.49591,30.72155,-86.4449,0.189580585481801,1.00080787037037,NA,1136.00267361111,"alive","2","unknown",NA,NA,NA,NA,NA,NA,"United States","United States",1134,NA,NA
"VAM_TV_614","Cathartes aura","Vulture Movements","VAM_TV",614,"2016-04-19 00:22:25","2018-05-28 00:20:06",30.52316,-86.49572,30.7399,-86.18094,0.0508824038560472,1.00121412037037,NA,768.998391203704,"likely dead","3","unknown",NA,NA,"last location in middle of Hwy 331","suspected vehicle collision",NA,"bird and transmitter NOT found at last location, unknown fate of both","United States","United States",768,NA,NA
"VAT_TV_615","Cathartes aura","Vulture Movements","VAT_TV",615,"2016-04-19 00:01:50","2016-11-29 00:18:40",30.52321,-86.49575,29.65289,-82.28752,0.000250493695023699,0.998834490740741,NA,224.011689814815,"confirmed dead","3","unknown",NA,NA,"transmitter recovered from dead bird","suspected vehicle collision",NA,"transmitter recovered from last location, refurbished","United States","United States",212,NA,NA
"VLP_TV_615","Cathartes aura","Vulture Movements","VLP_TV",615,"2016-12-08 00:18:36","2019-04-17 01:13:24",27.85224,-82.53398,39.18355,-82.75388,0.0995455185930413,1.00357407407407,NA,860.038055555556,"confirmed dead","2","unknown",NA,NA,"bird and tag photographed on roadside","suspected vehicle collision",NA,"bird and transmitter found by passing motorist, called number on back of tag; tag, transmitter, and wings sent (for pentosidine sampling)",NA,"United States",858,"",""
