species,study.name,population,migrant,id,start.date,end.date,tag,id.tag,fate,fate.final,how.fate.determined.clean,cause.of.death,mortality.date,start.country,end.country,sex,age.at.deployment,age.at.deployment.clean,age.at.deployment.month,captive.raised,rehabilitated,n.locs,start.lat,end.lat,start.long,end.long,deployment.duration,data.owner.proofed,mean.GPS.dist.last10fixes.degrees,mean.GPS.dist.last10fixes.meters,mean.GPS.fixrate.last10fixes.days,mean.battery.charge.percent.last10fixes,how.fate.determined,comments
Neophron percnopterus,Neophron percnopterus Bulgaria/Greece,balkans,Y,Aoos,4/17/15 17:00,5/27/19 8:17,118154,Aoos_118154,alive,alive,active,NA,5/27/19 8:17,Albania,Albania,F,ad,adult,54,N,N,1159,40.13267,40.13586,20.54217,20.5388,1500.637303,y,0.253558,28177.3902,2.04171875,NA,still transmitting,"tagged in Greece, but bred in Albania"
Neophron percnopterus,Neophron percnopterus Bulgaria/Greece,balkans,Y,Red Cliff,8/28/13 15:00,9/21/13 2:00,130673,Red Cliff_130673,confirmed dead,confirmed dead,terminated over water,drowned,9/21/13 2:00,Albania,NA,unknown,juv,juvenile,2,N,N,22,40.10867,36.49417,20.08083,22.364,23.45833333,y,0.876272,97378.40516,1,NA,ceased over sea,track ends in sea
Neophron percnopterus,"Egyptian Vulture (Neophron percnopterus), Turkey, Armenia, Ethiopia ",caucasus,Y,Orada,7/21/15 12:08,2/10/17 0:00,48500703778,Orada_48500703778,unknown,unknown,unknown,NA,2/10/17 0:00,Armenia,Ethiopia,unknown,2nd yr,immature,13,N,N,571,39.511333,9.370999,46.398683,40.442116,569.4944444,y,0.086909,9658.042355,1.000069444,NA,unknown,NA
Neophron percnopterus,"Egyptian Vulture (Neophron percnopterus), Turkey, Armenia, Ethiopia ",caucasus,Y,Armenia2,7/22/15 5:01,10/18/15 0:01,48500703868,Armenia2_48500703868,unknown,unknown,unknown,NA,10/18/15 0:01,Armenia,Ethiopia,unknown,3rd yr,immature,25,N,N,89,39.491799,7.746899,46.35705,43.0665,87.79166667,y,0.43906,48791.88513,1,NA,unknown,NA
Neophron percnopterus,"Egyptian Vulture (Neophron percnopterus), Turkey, Armenia, Ethiopia ",caucasus,Y,Armenia3,7/24/15 0:02,11/7/15 0:02,48500704009,Armenia3_48500704009,unknown,unknown,unknown,NA,11/7/15 0:02,Armenia,Ethiopia,unknown,ad,adult,54,N,N,91,39.5061,6.093983,46.345799,44.76245,106,y,0.268751,29865.7479,1.2,NA,unknown,NA
Neophron percnopterus,Neophron percnopterus Bulgaria/Greece,balkans,Y,Zikmund,8/10/18 2:49,9/11/18 0:19,171349,Zikmund_171349,confirmed dead,confirmed dead,resighted / recaptured,human imprinting,9/11/18 0:19,Bulgaria,Greece,F,juv,juvenile,2,Y,N,27,41.63608551,40.96373749,25.85622025,25.64482498,31.89597222,y,0.100827,11204.75742,1.000032407,67.3,recaptured,would have died due to too strong affinity to humans
Neophron percnopterus,Neophron percnopterus Bulgaria/Greece,balkans,Y,Spartacus,8/19/10 4:00,1/14/11 5:00,61952,Spartacus_61952,confirmed dead,confirmed dead,carcass found,shot,1/7/11 0:00,Bulgaria,Chad,unknown,juv,juvenile,2,N,N,140,41.64117,12.459,25.88117,16.24717,148.0416667,y,0.017113,1901.684012,1.008333333,NA,carcass retrieved,NA
Neophron percnopterus,Neophron percnopterus Bulgaria/Greece,balkans,Y,Arda,8/13/12 0:41,3/5/13 2:00,118147,Arda_118147,likely dead,likely dead,inferred from transmissions,unknown,1/1/13 0:00,Bulgaria,Sudan,unknown,juv,juvenile,2,N,N,156,41.644,10.79567,25.878,28.50933,204.0548611,y,0.220703,24526.25854,5.4,NA,static transmissions,The bird died on 29.12.2012. Since then it is transmitting from the same location
Neophron percnopterus,Neophron percnopterus Bulgaria/Greece,balkans,Y,Volen,8/16/12 16:00,9/28/14 4:00,118148,Volen_118148,unknown,unknown,unknown,NA,9/28/14 4:00,Bulgaria,Egypt,unknown,juv,juvenile,2,N,N,773,43.18,28.74617,27.43567,31.9875,772.5,y,2.219519,246650.6712,1,NA,unknown,Last locations are from a roosting site in Egypt. No more locations after that. The bird might have died or the transmitter failed
Neophron percnopterus,Neophron percnopterus Bulgaria/Greece,balkans,Y,Lomets,8/26/16 12:00,9/14/16 2:00,118149,Lomets_118149,confirmed dead,confirmed dead,terminated over water,drowned,9/14/16 2:00,Bulgaria,Cyprus,M,juv,juvenile,2,Y,N,20,43.648,34.9825,26.05967,32.51567,18.58333333,y,1.543771,171556.1315,1,NA,ceased over sea,Track ends in sea. Captive-bred from Vienna Zoo; originates from Turkish population
Neophron percnopterus,Neophron percnopterus Bulgaria/Greece,balkans,Y,Dobromir,8/16/12 18:00,9/24/16 2:00,118150,Dobromir_118150,unknown,unknown,unknown,shot,9/24/16 2:00,Bulgaria,Sudan,unknown,juv,juvenile,2,N,N,1492,43.14567,14.50783,27.63883,30.302,1499.333333,y,0.583418,64834.06861,1,NA,unknown,probably killed but no evidence could be obtained. Last locations from inside a village
Neophron percnopterus,Neophron percnopterus Bulgaria/Greece,balkans,Y,Svetlina,8/17/12 10:00,9/5/14 1:00,118152,Svetlina_118152,likely dead,likely dead,inferred from transmissions,unknown,5/31/14 0:00,Bulgaria,Sudan,unknown,juv,juvenile,2,N,N,750,41.62283,17.91383,25.8975,38.27417,748.625,y,0.000096,10.668288,1,NA,static transmission for 3 days,The bird died on 09.06.2014 and since then the transmitter is sending signal from the same location
Neophron percnopterus,Neophron percnopterus Bulgaria/Greece,balkans,Y,Iliaz,8/30/12 6:00,5/30/19 12:00,118153,Iliaz_118153,alive,alive,active,NA,5/30/19 12:00,Bulgaria,Bulgaria,unknown,juv,juvenile,2,N,N,2448,41.44,41.2745,25.56833,25.19317,2464.25,y,0.045374,5042.344764,1.108333333,NA,still transmitting,NA
Neophron percnopterus,Neophron percnopterus Bulgaria/Greece,balkans,Y,Ibrahim,8/2/13 14:00,9/25/13 4:00,131248,Ibrahim_131248,likely dead,likely transmitter failure,inferred from transmissions,unknown,9/25/13 4:00,Bulgaria,NA,unknown,juv,juvenile,2,N,N,42,41.618,34.99567,25.6495,25.18817,53.58333333,y,0.275758,30644.38802,0.996875,NA,ceased near sea,Not clear if the bird really died or the transmitter failed. 
Neophron percnopterus,Neophron percnopterus Bulgaria/Greece,balkans,Y,Sanie,8/1/13 2:00,10/3/16 1:00,131249,Sanie_131249,unknown,unknown,unknown,unknown,10/3/16 1:00,Bulgaria,Ethiopia,unknown,juv,juvenile,2,N,N,1152,41.6415,13.04167,25.88183,40.399,1158.958333,y,0.469944,52223.93772,1,NA,unknown,Since 04.10 the transmitter sending signal from the same location
Neophron percnopterus,Neophron percnopterus Bulgaria/Greece,balkans,Y,Asparuh,8/4/13 12:06,9/12/13 3:00,131250,Asparuh_131250,confirmed dead,confirmed dead,terminated over water,drowned,9/10/13 0:00,Bulgaria,NA,unknown,juv,juvenile,2,N,N,32,41.6,33.7705,25.985,20.83933,38.62083333,y,1.32431,147167.8688,1.004166667,NA,ceased over sea,track ends in sea
Neophron percnopterus,Neophron percnopterus Bulgaria/Greece,balkans,Y,Elodie,8/28/16 6:44,9/13/17 3:00,135956,Elodie_135956,confirmed dead,confirmed dead,transmitter recovered,shot,9/13/17 3:00,Bulgaria,Niger,F,juv,juvenile,2,Y,N,379,43.1555,15.01317,26.27962,7.67117,380.8441204,y,0.011898,1322.255508,1.114600694,NA,retrieved transmitter and asked locals,NA
Neophron percnopterus,Neophron percnopterus Bulgaria/Greece,balkans,Y,Maria,8/7/16 7:27,10/18/16 2:00,149504,Maria_149504,likely dead,likely dead,inferred from transmissions,unknown,10/8/16 0:00,Bulgaria,Saudi Arabia,unknown,juv,juvenile,2,N,N,62,41.75681,27.6115,25.36315,35.71333,71.77260417,y,0.130663,14520.33042,1,NA,static transmission for >10 days,The bird died on 10.10.2016. Since then transmitter was sending signal from the same location
Neophron percnopterus,Neophron percnopterus Bulgaria/Greece,balkans,Y,Boris,7/21/15 4:00,5/30/19 4:00,149505,Boris_149505,alive,alive,active,NA,5/30/19 4:00,Bulgaria,Bulgaria,M,ad,adult,54,N,N,1410,41.59483,41.61667,25.64133,25.65183,1409,y,0.015276,1697.645114,1,NA,still transmitting,NA
Neophron percnopterus,Neophron percnopterus Bulgaria/Greece,balkans,Y,Regina,8/27/16 4:00,9/8/16 2:00,149506,Regina_149506,likely dead,likely dead,inferred from transmissions,drowned,9/8/16 2:00,Bulgaria,NA,F,juv,juvenile,2,Y,N,13,43.64817,36.2745,26.0595,30.43483,11.91666667,y,1.198749,133214.5732,1,NA,ceased near sea,Track ends in sea. Captive-bred from Vienna Zoo; originates from Turkish population
Neophron percnopterus,Neophron percnopterus Bulgaria/Greece,balkans,Y,Jenny,7/30/15 10:00,5/28/19 2:00,149507,Jenny_149507,alive,alive,active,NA,5/28/19 2:00,Bulgaria,Bulgaria,F,ad,adult,54,N,N,1391,41.58367,41.59167,25.65033,25.44517,1397.666667,y,0.018659,2073.528351,1,NA,still transmitting,NA
Neophron percnopterus,Neophron percnopterus Bulgaria/Greece,balkans,Y,Blanka,8/2/18 6:02,10/19/18 0:02,171345,Blanka_171345,confirmed dead,confirmed dead,carcass found,probably injured by people/animals and suffered to death,10/9/18 0:00,Bulgaria,Ethiopia,F,juv,juvenile,2,Y,N,79,41.64996719,11.90906811,25.84464073,41.59094238,77.7497338,y,0.001756,195.163438,1.000011574,100,retrieved transmitter and carcass,The bird died on 21.10 in the morning
Neophron percnopterus,Neophron percnopterus Bulgaria/Greece,balkans,Y,Belgin,8/9/18 1:56,9/18/18 0:17,171346,Belgin_171346,likely dead,likely dead,inferred from transmissions,drowned,9/18/18 0:17,Bulgaria,Turkey,unknown,juv,juvenile,2,N,N,41,41.63591003,36.2170105,25.85634422,29.85806656,39.93148148,y,0.783055,87019.29815,0.999296296,98.1,ceased near sea,track ends in sea
Neophron percnopterus,Neophron percnopterus Bulgaria/Greece,balkans,Y,Anna,8/10/18 0:53,9/15/18 0:01,171348,Anna_171348,confirmed dead,confirmed dead,resighted / recaptured,exhaustion,9/15/18 0:01,Bulgaria,Turkey,F,juv,juvenile,2,Y,N,35,41.63582993,37.2335434,25.85588837,34.84251404,35.96383102,y,1.281916,142456.8154,0.999230324,87.3,recaptured,"would have died of exhaustion, but recaptured"
Neophron percnopterus,Neophron percnopterus Bulgaria/Greece,balkans,Y,Polya,5/16/18 0:14,5/30/19 1:56,171356,Polya_171356,alive,alive,active,NA,5/30/19 1:56,Bulgaria,Sudan,F,2nd yr,immature,11,Y,N,380,41.59454346,16.45769691,25.64137459,33.92584229,379.0704282,y,0.142734,15861.74873,0.99962037,83.8,still transmitting,NA
Neophron percnopterus,Neophron percnopterus Bulgaria/Greece,balkans,Y,Boyana,5/16/18 0:16,5/30/19 3:09,171357,Boyana_171357,alive,alive,active,NA,5/30/19 3:09,Bulgaria,Chad,F,2nd yr,immature,11,Y,N,380,41.59446335,13.17770863,25.64115906,17.37357903,379.1201852,y,0.049384,5487.978824,0.999862269,93,still transmitting,NA
Neophron percnopterus,Neophron percnopterus Bulgaria/Greece,balkans,Y,Panteley,5/16/18 0:28,5/30/19 1:16,171360,Panteley_171360,alive,alive,active,NA,5/30/19 1:16,Bulgaria,Bulgaria,M,2nd yr,immature,11,Y,N,379,41.59446335,41.59857941,25.64143372,23.84302521,379.0337847,y,0.783109,87025.34462,0.997462963,91.8,still transmitting,NA
Neophron percnopterus,Neophron percnopterus Bulgaria/Greece,balkans,Y,Akaga,5/16/18 0:15,5/30/19 6:19,171362,Akaga_171362,alive,alive,active,NA,5/30/19 6:19,Bulgaria,Ethiopia,unknown,2nd yr,immature,11,Y,N,380,41.59421539,12.42877293,25.64131165,40.21025467,379.2530556,y,0.243611,27071.96954,1.015836806,99.1,still transmitting,NA
Neophron percnopterus,"Egyptian Vulture (Neophron percnopterus), Turkey, Armenia, Ethiopia ",caucasus,Y,Logiya,12/1/13 5:00,5/30/19 16:00,118174,Logiya_118174,alive,alive,active,NA,5/30/19 16:00,Ethiopia,Iran (Islamic Republic of),unknown,3rd yr,immature,30,N,N,1825,11.71533,39.08683,40.974,46.96567,2006.458333,y,0.01245,1383.590385,0.9875,NA,still transmitting,"tagged in Horn of Africa. Population determination based on where they migrated to. For birds that did not migrate, left as HoA"
Neophron percnopterus,Neophron percnopterus Bulgaria/Greece,balkans,Y,Ertale,1/26/19 9:05,5/30/19 0:32,182252,Ertale_182252,alive,alive,active,NA,5/30/19 0:32,Ethiopia,Turkey,unknown,ad,adult,54,N,N,125,11.54074192,39.50958633,40.81601715,32.15328979,123.6433333,y,0.321795,35760.4721,0.999230324,100,still transmitting,"tagged in Horn of Africa. Population determination based on where they migrated to. For birds that did not migrate, left as HoA"
Neophron percnopterus,Neophron percnopterus Bulgaria/Greece,unknown,Y,Ardi,1/24/19 14:29,5/30/19 1:13,182265,Ardi_182265,likely dead,likely dead,inferred from transmissions,NA,2/10/19 0:00,Ethiopia,Saudi Arabia,unknown,ad,adult,54,N,N,127,11.79798126,20.23863792,41.05654526,43.19859695,125.4472569,y,0.000379,42.165297,0.999767361,100,static transmissions for 1 month,"tagged in Horn of Africa. Population determination based on where they migrated to. For birds that did not migrate, left as HoA"
Neophron percnopterus,Egyptian vulture in France (grands Causses-Baronnies),western europe,Y,Baronnies_2019_Imm_wild_OR181635_5T,4/1/19 17:25,5/30/19 3:36,181635,Baronnies_2019_Imm_wild_OR181635_5T_181635,alive,alive,active,NA,5/30/19 3:36,France,France,unknown,2nd yr,immature,22,N,Y,60,44.43438339,43.85716248,5.322945118,5.932906628,58.42417824,y,0.193764,21532.60613,0.997450231,74.2,still transmitting,"born wild, found weakened in Baronnies in autumn 2018. kept in rehabilitation whole winter. released in Baronnies in April 2019"
Neophron percnopterus,Egyptian vulture in France (grands Causses-Baronnies),western europe,Y,Causses_2018_Imm_wild_OR171075_4X,4/5/18 12:00,5/30/19 3:33,171075,Causses_2018_Imm_wild_OR171075_4X_171075,alive,alive,active,NA,5/30/19 3:33,France,Spain,unknown,2nd yr,immature,22,N,Y,421,44.20375443,36.43340302,3.255665064,-5.97423315,419.6479167,y,0.065524,7281.503398,1.000688657,67.6,still transmitting,"born wild in Gorges de la Dourbie, found weakened in Sept 2017. released in sept 2017, found again. Kept in captivity and rehabilitated the whole winter 2017-2018. released 05/04/2018. recovered again in Dourbie Canyon on 16 May 2018. "
Neophron percnopterus,Egyptian vulture Kobierzycki Gardon ,western europe,Y,Gardon_2016_Ad_wild_MW707 ,3/29/16 6:46,5/30/19 1:16,707,Gardon_2016_Ad_wild_MW707 _707,alive,alive,active,NA,5/30/19 1:16,France,France,M,ad,adult,54,N,N,925,44.2314,44.37482,4.41436,4.43738,1156.770405,y,0.002469,274.337693,1.096199074,NA,still transmitting,adult captured at breeding site in Gardon. born in 2009 in Herault and ringed in 2009.
Neophron percnopterus,Egyptian vulture Kobierzycki Pyrenees,western europe,Y,Ossau_2018_Ad_wild_OR17996_PC0,4/21/18 3:44,5/30/19 5:59,17996,Ossau_2018_Ad_wild_OR17996_PC0_17996,alive,alive,active,NA,5/30/19 5:59,France,France,M,ad,adult,54,N,N,307,43.06973267,43.06936646,-0.415683329,-0.424849987,404.0939468,y,0.005853,650.38451,0.990020833,48.9,still transmitting,Adult caught in Ossau (Castet) 21/04/2018. age unknown
Neophron percnopterus,Egyptian vulture Kobierzycki Pyrenees,western europe,Y,Pyrenees_2015_Imm_wild_EC48601087785,6/29/15 0:00,10/28/16 0:01,48601087785,Pyrenees_2015_Imm_wild_EC48601087785_48601087785,unknown,unknown,unknown,NA,10/28/16 0:01,France,Senegal,unknown,3rd yr,immature,21,N,Y,404,43.408666,15.982617,-1.508783,-15.830933,487.0006944,y,0.546455,60726.48769,1,NA,unknown,"born wild, found weakened in Western Pyrenees in autumn 2014. kept in rehabilitation whole winter. released in Western Pyrenees in 29/06/2015. last position in Senegal: possible death or transmitter failure"
Neophron percnopterus,Egyptian vulture Kobierzycki Vaucluse,western europe,Y,Provence_2016_Ad_wild_EO5018_Salome_8P_5018,9/30/16 8:32,5/29/19 6:02,5018,Provence_2016_Ad_wild_EO5018_Salome_8P_5018,alive,alive,active,NA,5/29/19 6:02,France,France,F,ad,adult,54,N,Y,835,43.8350705,43.6599439,5.3740319,5.0051528,970.8956481,y,0.020415,2268.73235,0.994827546,NA,still transmitting,errant last point? has a straight shot from Africa back to France
Neophron percnopterus,Neophron percnopterus Bulgaria/Greece,balkans,Y,Odiseas,9/11/12 14:00,9/16/12 10:00,118149,Odiseas_118149,confirmed dead,confirmed dead,carcass found,exhaustion,9/16/12 10:00,Greece,Greece,unknown,juv,juvenile,3,N,Y,6,41.10467,41.09317,26.24133,26.24183,4.833333333,y,0.0027,300.042711,0.972222222,NA,carcass retrieved,Found dead near Dadia; This individual was rescued before tagging; Probable reason of death - bad physical condition
Neophron percnopterus,Neophron percnopterus Bulgaria/Greece,balkans,Y,Lazaros,6/23/12 22:00,3/31/13 10:00,108050,Lazaros_108050,confirmed dead,confirmed dead,carcass found,poisoning,3/31/13 10:00,Greece,Greece,F,ad,adult,54,N,Y,282,39.789,41.05583,21.7325,24.14917,280.5,y,2.339852,260023.0908,1.016666667,NA,carcass retrieved,Tagged after being found poisoned in Meteora; poisoned again one year later
Neophron percnopterus,Neophron percnopterus Bulgaria/Greece,balkans,Y,Ikaros,8/12/12 19:00,9/11/12 6:00,118145,Ikaros_118145,confirmed dead,confirmed dead,terminated over water,drowned,9/7/12 0:00,Greece,NA,unknown,juv,juvenile,2,N,N,26,39.80383,33.834,21.68783,22.25767,29.45833333,y,0.831511,92404.15541,1.316666667,NA,ceased over sea,track ends in sea
Neophron percnopterus,Neophron percnopterus Bulgaria/Greece,balkans,Y,Levkipos,8/7/12 16:00,6/19/15 2:00,118146,Levkipos_118146,likely dead,likely transmitter failure,inferred from transmissions,unknown,2/1/15 0:00,Greece,Sudan,unknown,juv,juvenile,2,N,N,1009,41.089,10.86567,26.13933,26.57283,1045.416667,y,0.000056,6.256506,0.994929398,NA,static transmissions for months,The bird died on 26.01.2015. Since then transmitter was sending signal from the same location
Neophron percnopterus,Neophron percnopterus Bulgaria/Greece,balkans,Y,Paschalis,8/13/13 0:47,3/2/14 3:00,130670,Paschalis_130670,confirmed dead,confirmed dead,transmitter recovered,hunting,2/15/14 0:00,Greece,Niger,unknown,juv,juvenile,2,N,N,197,41.158,14.21717,25.834,9.96533,201.0923611,y,0.043287,4810.388401,1,NA,"tag retrieved, asked locals",Killed by Nigerian hunter on 27.2.2014; exported to be sold in Nigeria
Neophron percnopterus,Neophron percnopterus Bulgaria/Greece,balkans,Y,Katerina,8/9/13 13:49,8/31/14 7:00,130671,Katerina_130671,likely dead,likely dead,inferred from transmissions,drowned,10/1/13 0:00,Greece,Egypt,unknown,juv,juvenile,2,N,N,67,41.161,31.15617,26.237,29.964,386.7159722,y,0.121516,13503.83883,1.370833333,NA,ceased near sea,Bird drowned on the 18/9/2013 although carcass likely washed up on beach in Egypt on the 10/10/2013. Contacted locals to try to find it. Claimed they never did but a year later there were some fixes from Alexandria!!
Neophron percnopterus,Neophron percnopterus Bulgaria/Greece,balkans,Y,Berenice,8/2/13 3:00,9/9/13 12:00,130672,Berenice_130672,confirmed dead,confirmed dead,terminated over water,drowned,9/9/13 12:00,Greece,NA,unknown,juv,juvenile,2,N,N,37,39.8,33.83567,21.68933,23.2085,38.375,y,0.758757,84319.12367,1.247013889,NA,ceased over sea,track ends in sea
Neophron percnopterus,Neophron percnopterus Bulgaria/Greece,balkans,Y,Heracles,8/22/13 7:00,9/13/13 3:00,130676,Heracles_130676,confirmed dead,confirmed dead,terminated over water,drowned,9/10/13 0:00,Greece,NA,unknown,juv,juvenile,2,N,N,23,39.79217,36.212,21.55817,21.18317,21.83333333,y,0.540687,60085.48605,1,NA,ceased over sea,track ends in sea
Neophron percnopterus,Neophron percnopterus Bulgaria/Greece,balkans,Y,Castor,5/14/14 11:00,2/15/16 1:00,135955,Castor_135955,unknown,unknown,unknown,unknown,2/15/16 1:00,Greece,Ethiopia,unknown,ad,adult,54,N,Y,643,40.62333,6.76017,21.51933,42.83233,641.5833333,y,0.010792,1199.343384,1,NA,unknown,tagged after found disorientated due to lead poisoning
Neophron percnopterus,Egyptian Vulture Reintroduction Israel,middle east,Y,18 White,4/22/14 4:00,4/27/14 4:00,3516,18 White_3516,unknown,unknown,unknown,NA,4/27/14 4:00,Israel,Israel,unknown,302,immature,11,Y,N,6,32.7534508,32.7645128,35.0138107,35.0122282,5,y,0.095451,10607.32985,1,NA,"Very few fixes. Last location hostile and with good GSM cover, no data for a long period",Age units are days
Neophron percnopterus,Egyptian Vulture Reintroduction Israel,middle east,Y,R3,4/5/16 2:41,4/14/16 2:49,16011,R3_16011,confirmed dead,confirmed dead,transmitter recovered,Probably snake bite,4/14/16 2:49,Israel,Israel,unknown,293,juv,10,Y,N,10,32.56093979,32.55176544,34.93896103,34.95930481,9.005555556,y,0.03385,3761.653129,1.000416667,70.3,Found,Age units are days
Neophron percnopterus,Egyptian Vulture Reintroduction Israel,middle east,Y,R0,4/5/16 2:36,10/1/16 4:05,16013,R0_16013,unknown,unknown,unknown,NA,10/1/16 4:05,Israel,Egypt,unknown,299,juv,10,Y,N,179,32.55883789,29.45985413,34.93921661,33.30299377,179.0618403,y,0.08167,9075.836762,1.100430556,56.9,Last location in a house,Age units are days
Neophron percnopterus,Egyptian Vulture Reintroduction Israel,middle east,Y,A17 Green,4/16/17 0:05,7/4/17 0:06,17113,A17 Green_17113,confirmed dead,confirmed dead,transmitter recovered,Hit a train when feeding on a dead boer,7/4/17 0:06,Israel,Israel,unknown,663,immature,23,Y,N,80,32.55931854,32.5566864,34.93855286,34.93691635,79.00068287,y,0.010247,1138.710391,1.000002315,100,Found,Age units are days
Neophron percnopterus,Egyptian Vulture Reintroduction Israel,middle east,Y,Yellow 04,11/14/13 6:00,4/29/15 0:20,119246,Yellow 04_119246,unknown,unknown,unknown,NA,4/29/15 0:20,Israel,Israel,unknown,297,juv,10,Y,N,532,32.75283,32.7568,35.0115,35.00227,530.7642593,y,0.55766,61971.6337,1.024065972,NA,transmission ceased abruptly in a very good GSM cover area,Age units are days
Neophron percnopterus,Egyptian Vulture Reintroduction Israel,middle east,Y,White 08,3/15/13 15:32,8/19/13 3:22,119246,White 08_119246,confirmed dead,confirmed dead,transmitter recovered,Killed by Bonnelie's eagle,8/16/13 0:00,Israel,Israel,unknown,392,immature,14,Y,N,158,32.85542,32.79932,33.88082,35.16793,156.4932755,y,0.034366,3819.026182,1.004166667,NA,Found,Age units are days
Neophron percnopterus,Egyptian Vulture Reintroduction Israel,middle east,Y,H50 Green,12/13/17 4:06,8/8/18 2:43,171084,H50 Green_171084,confirmed dead,confirmed dead,transmitter recovered,"Found in a drinking pool, possibly drowned after exhaustion",8/8/18 2:43,Israel,Egypt,unknown,207,juv,7,Y,N,239,32.75217056,28.13488197,35.01344299,34.36839676,237.9425,y,1.065837,118444.3287,1.001391204,99.4,Found,Age units are days
Neophron percnopterus,Egyptian Vulture Reintroduction Israel,middle east,Y,A25 Green,12/13/17 0:05,4/22/18 2:37,171087,A25 Green_171087,unknown,unknown,unknown,NA,4/22/18 2:37,Israel,Israel,unknown,582,immature,21,Y,N,131,32.75230026,32.75218964,35.01338959,35.0135231,130.1057292,y,0.071663,7963.758863,0.998981481,99.5,"Last location very hostile, no data for a long period",Age units are days
Neophron percnopterus,Egyptian Vulture Reintroduction Israel,middle east,Y,H92 Green,12/23/18 4:10,3/18/19 3:22,180320,H92 Green_180320,confirmed transmitter failure,confirmed transmitter failure,resighted / recaptured,NA,3/18/19 3:22,Israel,Israel,unknown,223,juv,8,Y,N,73,32.7522316,32.75212097,35.01348495,35.01334763,84.96701389,y,0.001807,200.799628,0.999152778,42.8,"transmission ceased abruptly, bird seen alive later","Age units are days, transmitter fell, seen alive March 2019"
Neophron percnopterus,Egyptian Vulture Reintroduction Israel,middle east,Y,X86 Blue,12/24/18 4:11,1/3/19 4:14,180321,X86 Blue_180321,confirmed dead,confirmed dead,transmitter recovered,Electrocuted,1/3/19 4:14,Israel,Israel,unknown,219,juv,8,Y,N,11,32.75218201,32.69799423,35.01345825,34.99830246,10.00262731,y,0.031212,3468.552362,1.00027662,23.8,Found,Age units are days
Neophron percnopterus,Egyptian Vulture Reintroduction Israel,middle east,Y,H42 Blue,12/13/18 15:05,1/13/19 3:55,180323,H42 Blue_180323,likely dead,likely dead,inferred from transmissions,NA,1/13/19 3:55,Israel,Saudi Arabia,unknown,171,juv,6,Y,N,32,32.75046158,30.20084763,35.01750183,38.76715088,30.53461806,y,0.510123,56688.94241,0.998751157,36.9,"Same location for a long period, was searched for 4 months after disapearnace with nothing found",Age units are days
Neophron percnopterus,Egyptian Vulture Reintroduction Israel,middle east,Y,H54 Green,12/22/18 4:09,5/20/19 5:29,180324,H54 Green_180324,unknown,unknown,unknown,NA,5/20/19 5:29,Israel,Syrian Arab Republic,unknown,551,immature,20,Y,N,147,32.75208282,36.32237244,35.01375961,40.25368881,149.0554282,y,1.137203,126375.149,1.000888889,100,"Last location hostile but with very poor GSM cover, no data for a long period",Age units are days
Neophron percnopterus,Egyptian Vulture Reintroduction Israel,middle east,Y,A02 Green 2013,4/4/14 5:00,4/24/17 5:00,3514,A02 Green 2013_3514,unknown,unknown,unknown,NA,4/24/17 5:00,Israel,Israel,unknown,298,juv,10,Y,N,1117,32.7520933,32.7527297,35.0134463,35.0125028,1116,y,0.963721,107096.4265,0.999972222,NA,"Last location very hostile, no data for a long period",Age units are days
Neophron percnopterus,Egyptian Vulture Reintroduction Israel,middle east,Y,00 White 2013,4/4/14 5:00,5/30/19 5:10,3515,00 White 2013_3515,alive,alive,active,NA,5/30/19 5:10,Israel,Syrian Arab Republic,unknown,312,immature,11,Y,N,1764,32.752136,34.4206595,35.0134302,38.2444062,1882.007222,y,0.394036,43788.4335,0.999320602,NA,still transmitting,Age units are days
Neophron percnopterus,Egyptian Vulture Reintroduction Israel,middle east,Y,19 White,4/22/14 4:00,8/27/14 4:00,3517,19 White_3517,likely dead,likely dead,inferred from transmissions,NA,8/26/14 0:00,Israel,Saudi Arabia,unknown,297,juv,10,Y,N,126,32.7534673,18.1764597,35.0137975,42.0374481,127,y,0.650901,72333.28955,1,NA,Same location for 4 months,Age units are days
Neophron percnopterus,Egyptian Vulture Reintroduction Israel,middle east,Y,R1,4/5/16 2:40,5/4/18 6:40,16012,R1_16012,unknown,unknown,unknown,NA,5/4/18 6:40,Israel,Sudan,unknown,324,immature,11,Y,N,639,32.55897522,14.22767544,34.93922043,24.59109688,759.1668981,y,0.818445,90952.12562,1.183425926,75.8,unknown,Age units are days
Neophron percnopterus,Egyptian Vulture Reintroduction Israel,middle east,Y,R4,4/5/16 2:40,5/25/16 1:52,16014,R4_16014,unknown,unknown,unknown,NA,5/25/16 1:52,Israel,Turkey,unknown,292,juv,10,Y,N,51,32.55524826,36.21194458,34.93397522,36.59433746,49.96659722,y,0.202438,22496.53006,0.9990625,99.8,"Last location hostile, no data for a long period",Age units are days
Neophron percnopterus,Egyptian Vulture Reintroduction Israel,middle east,Y,R2,4/5/16 2:41,12/6/17 5:00,16015,R2_16015,confirmed transmitter failure,confirmed transmitter failure,resighted / recaptured,NA,12/6/17 5:00,Israel,Sudan,unknown,305,immature,11,Y,N,386,32.55886841,11.31221867,34.93929672,26.67757416,610.0966667,y,0.249409,27716.33169,0.999216435,83.6,still transmitting,"Age units are days, transmitter fell, seen alive June 2019"
Neophron percnopterus,Egyptian Vulture Reintroduction Israel,middle east,Y,H60 Blue,12/13/17 5:22,5/30/19 1:33,16124,H60 Blue_16124,alive,alive,active,NA,5/30/19 1:33,Israel,Syrian Arab Republic,unknown,550,immature,19,Y,N,360,32.75217819,33.0796051,35.01341629,35.67793655,532.8411921,y,0.003782,420.332436,0.999958333,87.4,still transmitting,Age units are days
Neophron percnopterus,Egyptian Vulture Reintroduction Israel,middle east,Y,X34 Blue,4/16/17 3:34,8/25/18 3:30,16126,X34 Blue_16126,unknown,unknown,unknown,NA,8/25/18 3:30,Israel,Saudi Arabia,unknown,660,immature,22,Y,N,496,32.55898666,19.09997559,34.93927383,41.41659164,495.9977431,y,1.725952,191801.546,1.000162037,99.8,"Stopped transmitting on route to a potential no-GSM cover area, did not return after migration, might return next year",Age units are days
Neophron percnopterus,Egyptian Vulture Reintroduction Israel,middle east,Y,C39 Blue,4/16/17 0:05,7/23/18 2:20,17111,C39 Blue_17111,confirmed dead,confirmed dead,transmitter recovered,Hit a train when feeding on a dead boer,7/23/18 2:20,Israel,Israel,unknown,701,immature,24,Y,N,464,32.55890274,32.55898666,34.93943405,34.93889236,463.0940509,y,0.000161,17.933392,1.000453704,100,Found,Age units are days
Neophron percnopterus,Egyptian Vulture Reintroduction Israel,middle east,Y,A46 Green,4/16/17 0:05,5/11/18 1:40,17112,A46 Green_17112,confirmed dead,confirmed dead,transmitter recovered,Electrocuted,5/11/18 1:40,Israel,Turkey,unknown,691,immature,24,Y,N,391,32.55895233,37.73614502,34.93920135,41.33025742,390.0661458,y,0.477057,53014.44197,0.998398148,97.1,Found,Age units are days
Neophron percnopterus,Egyptian Vulture Reintroduction Israel,middle east,Y,EV10,7/15/17 0:05,8/22/17 0:07,17113,EV10_17113,confirmed transmitter failure,confirmed transmitter failure,resighted / recaptured,NA,8/22/17 0:07,Israel,Sudan,unknown,224,juv,8,Y,N,39,32.4717865,18.05933762,34.98392487,31.1617775,38.00115741,y,1.746055,194035.6469,1.000130787,96.1,bird resighted,"Age units are days, transmitter stopped working, bird seen alive summer 2019"
Neophron percnopterus,Egyptian Vulture Reintroduction Israel,middle east,Y,White 12,3/13/13 13:00,8/31/15 8:00,119245,White 12_119245,confirmed dead,confirmed dead,transmitter recovered,NA,8/30/15 0:00,Israel,Egypt,unknown,370,immature,13,Y,N,902,32.75817,26.80067,35.008,34.04067,900.7916667,y,0.749404,83279.71404,1,NA,Found,Age units are days
Neophron percnopterus,Egyptian Vulture Reintroduction Israel,middle east,Y,A26 Green,12/13/17 4:06,5/30/19 2:17,171080,A26 Green_171080,alive,alive,active,NA,5/30/19 2:17,Israel,Egypt,unknown,208,juv,7,Y,N,356,32.75217819,29.94383049,35.01340485,33.7244606,532.9246412,y,1.60466,178322.6516,0.996923611,91.6,still transmitting,Age units are days
Neophron percnopterus,Egyptian Vulture Reintroduction Israel,middle east,Y,H81 Green,10/25/17 9:12,5/30/19 1:53,171081,H81 Green_171081,unknown,unknown,unknown,NA,5/30/19 1:53,Israel,Turkey,unknown,155,juv,6,Y,N,511,32.753479,36.94350815,35.01400375,34.68184662,581.6948032,y,1.913213,212611.5392,0.996924769,88.2,"Last location hostile but with very poor GSM cover, no data for a long period",Age units are days
Neophron percnopterus,Egyptian Vulture Reintroduction Israel,middle east,Y,A47 Green,12/13/17 4:05,8/24/18 2:32,171082,A47 Green_171082,unknown,unknown,unknown,NA,8/24/18 2:32,Israel,Yemen,unknown,182,juv,7,Y,N,255,32.7522583,13.0051918,35.01337051,43.67879105,253.9352546,y,1.230514,136744.5723,1.000892361,99.7,"Stopped transmitting on route to a potential no-GSM cover area, did not return after first migration, might return next year",Age units are days
Neophron percnopterus,Egyptian Vulture Reintroduction Israel,middle east,Y,H94 Blue,12/13/17 4:06,5/17/19 2:07,171085,H94 Blue_171085,confirmed dead,confirmed dead,transmitter recovered,Electrocuted,5/17/19 2:07,Israel,Turkey,unknown,545,immature,19,Y,N,521,32.75212479,36.40061188,35.01343918,33.67343903,519.9177315,y,1.346377,149620.1747,1.001606481,96.1,Found,Age units are days
Neophron percnopterus,Egyptian Vulture Reintroduction Israel,middle east,Y,H42 Green,12/13/17 4:06,5/30/19 2:08,171086,H42 Green_171086,alive,alive,active,NA,5/30/19 2:08,Israel,Palestine,unknown,570,immature,20,Y,N,427,32.75216293,31.48824501,35.01342392,35.31668472,532.9183218,y,1.172745,130324.7974,1.00050463,82.3,still transmitting,Age units are days
Neophron percnopterus,Egyptian Vulture Reintroduction Israel,middle east,Y,H57 Green,12/23/18 4:10,4/4/19 6:17,180325,H57 Green_180325,confirmed dead,confirmed dead,transmitter recovered,Electrocuted,4/4/19 6:17,Israel,Turkey,unknown,549,immature,19,Y,N,98,32.75209427,37.7419548,35.01347733,36.8273735,102.0884838,y,0.6488,72099.80917,1.010130787,79.4,Found,Age units are days
Neophron percnopterus,Egyptian Vulture Reintroduction Israel,middle east,Y,H70 Green,12/22/18 4:10,5/30/19 1:19,180326,H70 Green_180326,alive,alive,active,NA,5/30/19 1:19,Israel,Turkey,unknown,543,immature,19,Y,N,156,32.75210953,39.93067551,35.0135231,40.65314484,158.8810069,y,0.860195,95591.77908,0.99847338,97.9,still transmitting,Age units are days
Neophron percnopterus,Egyptian Vulture Reintroduction Israel,middle east,Y,H73 Blue,12/24/18 4:10,3/29/19 3:02,180327,H73 Blue_180327,confirmed dead,confirmed dead,transmitter recovered,"Unknown, awaiting details from Turkish authorities",3/29/19 3:02,Israel,Turkey,unknown,577,immature,20,Y,N,96,32.75222015,37.01908875,35.01353073,35.53696823,94.95304398,y,0.541408,60165.60789,0.998719907,98,found,Age units are days
Neophron percnopterus,Egyptian Vulture wild-birds Israel,middle east,Y,Tlalim C48 Blue,3/18/19 11:30,5/30/19 2:11,171405,Tlalim C48 Blue_171405,alive,alive,active,NA,5/30/19 2:11,Israel,Israel,unknown,ad,adult,54,N,Y,74,30.8218708,31.01068306,34.83675003,34.88015747,72.61133102,y,0.000862,95.799337,0.999690972,100,still transmitting,"Found (probably) posioned, treated for a week at the Is Israel Wildlife Hospital and released."
Neophron percnopterus,Egyptian Vulture wild-birds Israel,middle east,Y,Amud H08 Blue,8/20/18 14:46,5/30/19 2:03,180318,Amud H08 Blue_180318,alive,alive,active,NA,5/30/19 2:03,Israel,Israel,unknown,ad,adult,54,N,Y,284,32.88889694,32.9209938,35.49689102,35.5478096,282.4706944,y,0.058568,6508.567263,0.983549769,90.4,still transmitting,"Found not flying, treated for a week at the Is Israel Wildlife Hospital and released. Migrated 2018 and returned to the same area in 2019, seen in a nest with two chicks."
Neophron percnopterus,ISPRA,italy,Y,Clara_IHC,8/16/18 9:30,9/8/18 6:00,B05AF11F,Clara_IHC_B05AF11F,confirmed dead,confirmed dead,carcass found,poisoning,9/8/18 6:00,Italy,Tunisia,F,juv,juvenile,2,Y,N,24,40.64519,37.7127983,16.6618667,12.6724333,22.85444444,y,0.679749,75539.18532,0.999971065,NA,retrieved transmitter and carcass,"Probably poisoned. The carcass showed clear signs of convulsions (fethers abraded, turned nek and open beak)"
Neophron percnopterus,ISPRA,italy,Y,Binca_IHB,8/16/18 8:59,9/12/18 5:00,AF5AF11F,Bianca_IHB_AF5AF11F,confirmed dead,confirmed dead,carcass found,shot / persecuted,9/12/18 5:00,Italy,Italy,F,juv,juvenile,2,Y,N,25,40.6451833,36.7739717,16.66185,12.0043667,26.83435185,y,1.062956,118124.1381,1,NA,retrieved transmitter and carcass,X rays revealed many gunshot in the carcass
Neophron percnopterus,Released Egyptian Vultures in Italy,italy,Y,Agata,8/26/15 8:00,9/4/15 8:00,119157,Agata_119157,confirmed dead,confirmed dead,terminated over water,Drop in the sea,8/30/15 0:00,Italy,Italy,F,juv,juvenile,3,Y,N,10,37.39733,36.8275,13.36967,13.1485,9,y,0.35186,39101.52786,1.002444444,NA,stopped at sea,NA
Neophron percnopterus,Released Egyptian Vultures in Italy,italy,Y,Karel,9/8/15 12:12,10/20/15 8:00,119158,Karel_119158,likely dead,likely transmitter failure,inferred from transmissions,unknown,10/20/15 8:00,Italy,Italy,M,juv,juvenile,3,Y,N,42,38.997,36.75667,16.881,15.063,41.82449074,y,0.638094,70910.13648,1.018538194,NA,"stopped at sea, but near shore, so not confirmed mortality",NA
Neophron percnopterus,Released Egyptian Vultures in Italy,italy,Y,Apollo,7/24/17 23:09,9/27/17 4:48,16093,Apollo_16093,unknown,unknown,unknown,NA,9/27/17 4:48,Italy,Algeria,M,juv,juvenile,15,Y,N,61,40.24658966,34.45599747,16.10240936,9.631937027,64.23530093,y,0.485605,53964.31289,1.001194444,79,"transmission ceased abruptly while bird was moving. However, might also be a captured bird as signal was lost in an area with low reception (boarder area Algeria / Mali).",NA
Neophron percnopterus,Released Egyptian Vultures in Italy,italy,Y,Sara,8/26/15 20:00,5/30/19 4:00,23306,Sara_23306,alive,alive,active,NA,5/30/19 4:00,Italy,Niger,F,juv,juvenile,3,Y,N,1372,39.9165,40.6455,18.3045,16.641,1372.333333,y,0.336434,37387.18243,1,NA,still transmitting,NA
Neophron percnopterus,Released Egyptian Vultures in Italy,italy,Y,Tobia,9/7/15 0:01,5/30/19 5:00,48500501945,Tobia_48500501945,alive,alive,active,NA,5/30/19 5:00,Italy,Mali,M,juv,juvenile,3,Y,N,1349,39.1062,37.492649,16.891899,14.568049,1361.207639,y,0.644673,71641.20781,1.020833333,NA,still transmitting,NA
Neophron percnopterus,Released Egyptian Vultures in Italy,italy,Y,Carmen,9/7/15 0:01,12/26/15 0:01,48500501963,Carmen_48500501963,confirmed dead,confirmed dead,terminated over water,unknown,10/17/15 0:00,Italy,Italy,F,juv,juvenile,3,Y,N,111,39.106233,31.709233,16.891899,25.805033,110,y,0.198258,22032.05381,0.999930556,NA,stopped at sea,looks to have died at see and tx floated long after
Neophron percnopterus,Released Egyptian Vultures in Italy,italy,Y,Aneta,9/7/15 0:01,10/3/15 0:00,48500502206,Aneta_48500502206,confirmed dead,confirmed dead,terminated over water,Drop in the sea,9/24/15 0:00,Italy,Egypt,F,juv,juvenile,3,Y,N,27,39.10625,33.028566,16.891933,21.455933,25.99930556,y,0.832991,92568.65241,1.000208333,NA,stopped at sea,NA
Neophron percnopterus,LIFE_Rupis_EgyptianVultures,western europe,Y,NeoPer_Faia,6/13/17 8:00,5/29/19 6:00,48505476460,NeoPer_Faia_48505476460,alive,alive,active,NA,5/29/19 6:00,Portugal,Spain,F,ad,adult,54,N,N,716,40.926366,40.962883,-6.943999,-6.871649,714.9166667,y,0.071187,7910.842932,0.987569444,NA,still transmitting,NA
Neophron percnopterus,LIFE_Rupis_EgyptianVultures,western europe,Y,NeoPer_Poiares,6/1/17 12:34,11/18/17 6:59,48797733001,NeoPer_Poiares_48797733001,likely transmitter failure,likely dead,inferred from transmissions,NA,11/18/17 6:59,Portugal,Mali,F,ad,adult,54,N,Y,171,40.898099,14.0555,-6.9674,-11.874966,169.7673611,y,2.887946,320931.6343,14.685625,NA,two isolated GPS locations from April 2018 indciated the bird was close to the 2017 nest site after several months of no data_Bird never resighted so fate is unknown,Bird was found weak May29th_taken to rehab centre for 3 days treatment and released at Penedo do Durao on 3rd June. Data transmissions were erratic from winter 2017-18_two isolated GPS locations received from summer range after months of receiving no data. Bird never resighted since. Suspected transmitter failure. 
Neophron percnopterus,Egyptian vultures Dagestan2,caucasus,Y,Gurman,7/24/17 12:12,11/4/18 3:27,114,Gurman_114,likely transmitter failure,likely transmitter failure,inferred from transmissions,NA,11/4/18 3:27,Russia,Yemen,unknown,juv,juvenile,1,N,N,449,43.00113,13.88479,47.20156,43.77549,467.6354167,y,0.28799,32003.7845,0.998055556,NA,1 sensor failed while another continued to transmit data.,Tagged in the nest
Neophron percnopterus,Egyptian vultures Dagestan2,caucasus,Y,Kapchug,7/23/17 10:37,9/25/17 2:59,115,Kapchug_115,unknown,unknown,unknown,NA,9/25/17 2:59,Russia,Azerbaijan,unknown,juv,juvenile,1,N,N,31,42.98421,38.96566,47.18025,48.78752,63.68194444,y,0.559051,62126.21453,1.005763889,NA,unknown,Tagged in the nest
Neophron percnopterus,Egyptian vultures Dagestan2,caucasus,Y,Malysh,7/23/17 8:18,10/22/17 9:58,116,Malysh_116,confirmed dead,confirmed dead,resighted / recaptured,Collision with wires on power line and delivered to a rehabilitation center,10/15/17 0:00,Russia,Saudi Arabia,unknown,juv,juvenile,1,N,N,69,42.98465,21.26675,47.18038,40.70254,91.06944444,y,0.011963,1329.44649,1.097013889,NA,resighted / recaptured,Tagged in the nest
Neophron percnopterus,Egyptian vultures Dagestan2,caucasus,Y,Sarygush,7/23/17 8:18,9/29/17 11:13,117,Sarygush_117,confirmed dead,confirmed dead,resighted / recaptured,Caught by poachers and sold in the market,9/17/17 0:00,Russia,Iraq,unknown,juv,juvenile,1,N,N,47,42.98449,34.69167,47.18051,44.03076,68.12152778,y,0.87076,96765.8235,1.739444444,NA,resighted / recaptured,Tagged in the nest
Neophron percnopterus,_Egyptian Vulture in Spain - Migra Program in Spain,western europe,Y,La Rioja 01-Brieva-4404,7/20/16 8:45,3/31/17 11:45,4404,La Rioja 01-Brieva-4404_4404,unknown,unknown,unknown,NA,3/31/17 11:45,Spain,Mauritania,M,juv,juvenile,1,N,N,209,42.16987,16.96502,-2.769862,-11.03883,254.1249653,y,0.216194146,,2.641667824,NA,transmitter ceased abruptly while bird was moving,NA
Neophron percnopterus,_Egyptian Vulture in Spain - Migra Program in Spain,western europe,Y,La Rioja 02-Quel-4405,7/20/16 8:45,1/1/18 6:31,4405,La Rioja 02-Quel-4405_4405,unknown,unknown,unknown,NA,1/1/18 6:31,Spain,Mauritania,M,juv,juvenile,1,N,N,459,42.16989,17.2961,-2.769875,-14.94369,529.9072569,y,0.030364907,,0.987541667,NA,transmitter ceased abruptly while bird was moving,little movement for last 6 months
Neophron percnopterus,_Egyptian Vulture in Spain - Migra Program in Spain,western europe,Y,Guipuzcoa 03 - Ekhi - 5533,7/19/18 16:04,5/30/19 4:00,5533,Guipuzcoa 03 - Ekhi - 5533_5533,alive,alive,active,NA,5/30/19 4:00,Spain,Mauritania,unknown,juv,juvenile,1,N,N,311,42.96061,16.89298,-2.360367,-12.39253,314.4972222,y,0.335790011,,0.998859954,NA,still transmitting,NA
Neophron percnopterus,_Egyptian Vulture in Spain - Migra Program in Spain,western europe,Y,Guipuzcoa 01-Zuri-5533,7/17/17 8:15,11/27/17 4:00,5533,Guipuzcoa 01-Zuri-5533_5533,confirmed dead,confirmed dead,transmitter recovered,unknown,11/27/17 4:00,Spain,Mauritania,F,juv,juvenile,1,N,N,134,43.16938,16.30394,-2.123876,-13.21682,132.8231019,y,0.630630037,,1,NA,"11-28-2017 it begins to appear apparently static 2 km north of Djivol in Mauritania. 12-12-2017 remains of the bird and trasnmiter are found by a local head of the area, notified by Mané. We recovered the device. Cause of death unknown",NA
Neophron percnopterus,_Egyptian Vulture in Spain - Migra Program in Spain,western europe,Y,Guipuzcoa 02-Endoia-5534,7/17/17 13:25,9/7/17 4:00,5534,Guipuzcoa 02-Endoia-5534_5534,likely transmitter failure,likely transmitter failure,inferred from transmissions,NA,9/7/17 4:00,Spain,Spain,M,juv,juvenile,1,N,N,53,43.19792,36.33941,-2.277571,-5.968527,51.60783565,y,1.770895613,,1.331549769,NA,long time between last fixesm during which bird moved significant distance,NA
Neophron percnopterus,_Egyptian Vulture in Spain - Migra Program in Spain,western europe,Y,La Rioja 03 - Lidia -REKI38,7/20/18 6:00,5/30/19 6:00,48797732417,La Rioja 03 - Lidia -REKI38_48797732417,alive,alive,active,NA,5/30/19 6:00,Spain,Senegal,unknown,juv,juvenile,1,N,N,305,42.88157,14.99103,-2.632999,-15.7048,314,y,0.004405088,,1,NA,still active,NA
Neophron percnopterus,Egyptian vulture (Neophron percnopterus) in Arribes del Duero (Salamanca) - SALORO,western europe,Y,Camaces,7/31/17 12:29,9/11/17 2:12,17017,Camaces_17017,unknown,unknown,unknown,NA,9/11/17 2:12,Spain,Morocco,F,juv,juvenile,1,N,N,26,41.00911331,34.08429718,-6.743571758,-5.792381763,41.57116898,y,1.175786,130662.7836,0.997916667,100,unknown,The animal was in a very bad body condition when it was marked. Surely this prevented him from surviving the conditions of the migratory trip when crossing the desert. The team responsible for marking has always ruled out any relationship with that power line.
Neophron percnopterus,Egyptian vulture (Neophron percnopterus) in Arribes del Duero (Salamanca) - SALORO,western europe,Y,BatuecasA,6/15/17 14:48,5/30/19 4:56,17020,BatuecasA_17020,alive,alive,active,NA,5/30/19 4:56,Spain,Spain,M,3rd yr,immature,24,N,N,715,41.05353546,41.06195831,-6.663703442,-6.769111633,713.5889468,y,0.003409,378.870802,0.999137731,91.4,still transmitting,NA
Neophron percnopterus,Egyptian vulture (Neophron percnopterus) in Arribes del Duero (Salamanca) - SALORO,western europe,Y,Huebra,6/15/17 14:57,4/16/19 4:48,17021,Huebra_17021,confirmed transmitter failure,confirmed transmitter failure,resighted / recaptured,NA,4/16/19 4:48,Spain,Spain,M,3rd yr,immature,24,N,N,655,41.05710983,41.02622986,-6.660486698,-6.678959846,669.5768056,y,0.016093,1788.330118,1.397221065,68.9,resighted?,NA
Neophron percnopterus,Egyptian vulture EB Terra Natura UA Spain,western europe,Y,75657,8/10/07 8:00,11/8/13 6:00,75657,75657_75657,confirmed dead,confirmed dead,carcass found,unknown,11/8/13 6:00,Spain,Mauritania,F,ad,adult,54,N,N,1931,40.23383,16.93917,-0.61467,-14.44367,2281.916667,y,0.26854,29842.27195,1.025,NA,unknown,NA
Neophron percnopterus,Egyptian vulture EB Terra Natura UA Spain,western europe,Y,75658,8/22/09 15:00,2/16/12 12:00,75658,75658_75658,likely transmitter failure,likely transmitter failure,inferred from transmissions,NA,2/16/12 12:00,Spain,Mali,F,juv,juvenile,3,N,N,777,40.87283,15.41567,-1.78433,-4.51267,907.875,y,0.164976,18333.45467,10.025,NA,increasing time between fixes,NA
Neophron percnopterus,Egyptian vulture EB Terra Natura UA Spain,western europe,Y,75659,7/30/09 19:00,7/26/11 12:00,75659,75659_75659,unknown,unknown,unknown,NA,7/26/11 12:00,Spain,Spain,F,ad,adult,54,N,N,599,40.78217,40.8285,-2.17733,-1.86067,725.7083333,y,0.157717,17526.74099,1.425,NA,unknown,NA
Neophron percnopterus,Egyptian vulture EB Terra Natura UA Spain,western europe,Y,80419,8/14/08 6:00,4/10/11 14:00,80419,80419_80419,likely transmitter failure,likely dead,inferred from transmissions,NA,4/10/11 14:00,Spain,Spain,F,ad,adult,54,N,N,842,40.8165,40.88983,-1.838,-1.76333,969.3333333,y,1.798588,199873.5214,4.666666667,NA,long time between last fixesm during which bird moved significant distance,NA
Neophron percnopterus,Egyptian vulture EB Terra Natura UA Spain,western europe,Y,80420,7/29/09 7:00,8/16/13 10:00,80420,80420_80420,likely transmitter failure,likely dead,inferred from transmissions,NA,8/16/13 10:00,Spain,Spain,M,ad,adult,54,N,N,1227,40.76933,40.73983,-2.213,-2.18417,1479.125,y,0.098056,10896.72361,8.516666667,NA,increasing time between fixes,NA
Neophron percnopterus,Egyptian vulture EB Terra Natura UA Spain,western europe,Y,89730,7/30/09 0:00,5/14/13 0:00,89730,89730_89730,unknown,likely dead,unknown,NA,5/14/13 0:00,Spain,Spain,F,ad,adult,54,N,N,897,40.7375,40.7455,-2.4555,-2.448,1384,y,0.023614,2624.188905,3,NA,unknown,NA
Neophron percnopterus,Egyptian vulture EB Terra Natura UA Spain,western europe,Y,89731,7/30/09 0:00,8/29/12 0:00,89731,89731_89731,unknown,likely dead,unknown,NA,8/29/12 0:00,Spain,Spain,M,ad,adult,54,N,N,862,40.7845,40.78617,-2.20067,-2.20033,1126,y,0.117368,13042.90766,1.8,NA,unknown,NA
Neophron percnopterus,LIFE_Rupis_EgyptianVultures,western europe,Y,NeoPer_Bruco,7/20/17 6:00,1/4/18 6:00,48505470927,NeoPer_Bruco_48505470927,unknown,likely dead,unknown,NA,1/4/18 6:00,Spain,Mali,M,4th yr,immature,37,N,N,164,41.195016,13.897483,-6.680866,-9.689316,168,y,0.066386,7377.289511,1,NA,unknown,Fate unknown - data stopped transmitting in south-central Mali
Neophron percnopterus,LIFE_Rupis_EgyptianVultures,western europe,Y,NeoPer_Rupis,7/15/16 6:00,5/30/19 5:59,48511694900,NeoPer_Rupis_48511694900,alive,alive,active,NA,5/30/19 5:59,Spain,Spain,unknown,3rd yr,immature,25,N,N,1004,41.477116,41.447649,-6.270032,-6.339049,1048.999306,y,0.018979,2109.110869,1,NA,still transmitting,NA
Neophron percnopterus,LIFE_Rupis_EgyptianVultures,western europe,Y,NeoPer_Douro,6/13/17 6:00,5/10/19 6:01,48797733050,NeoPer_Douro_48797733050,confirmed transmitter failure,confirmed transmitter failure,resighted / recaptured,NA,5/10/19 6:01,Spain,Spain,M,ad,adult,54,N,N,689,40.9598,41.00625,-6.833833,-6.436266,696.0006944,y,0.121964,13553.6684,1.510277778,NA,Transmitter detached due to harness failure_Bird was seen incubating at nest several days later identified by colour ring,Transmitter confirmed detached on 7th May 2019_Bird resighted a couple of days later incubating alive and well https://www.4vultures.org/2019/05/28/the-mystery-of-egyptian-vulture-douro-s-lost-gps-transmitter/
Neophron percnopterus,Neophron percnopterus. GREFA. Spain,western europe,Y,9FH,7/31/17 1:08,1/29/18 0:18,370,9FH_370,unknown,unknown,unknown,NA,1/29/18 0:18,Spain,Mali,M,juv,juvenile,2,N,N,175,42.48747,13.92329,-6.84458,-12.05638,181.9651042,y,0.115248,12807.27074,0.99908912,NA,unknown,NA
Neophron percnopterus,Neophron percnopterus. GREFA. Spain,western europe,Y,95R,7/26/16 5:00,1/13/18 17:00,5019,95R_5019,likely dead,likely dead,inferred from transmissions,NA,8/1/17 0:00,Spain,Mauritania,M,juv,juvenile,2,N,N,444,42.330439,15.5335782,-7.2841079,-8.0311031,536.4996065,y,0.019178,2131.262347,2.2930625,NA,static transmissions for months,"suspected mortality, same location for a long time"
Neophron percnopterus,Neophron percnopterus. GREFA. Spain,western europe,Y,9FC,7/20/17 5:00,9/15/17 5:00,5782,9FC_5782,unknown,unknown,unknown,NA,9/15/17 5:00,Spain,Morocco,F,juv,juvenile,2,N,N,52,40.482207,32.65646,-4.1674682,-4.6789209,56.99965278,y,1.277459,141961.4589,0.999930556,NA,very few fixes,NA
Neophron percnopterus,Neophron percnopterus. GREFA. Spain,western europe,Y,9FJ,7/21/17 5:00,1/26/18 5:00,5783,9FJ_5783,unknown,unknown,unknown,NA,1/26/18 5:00,Spain,Mali,F,juv,juvenile,2,N,N,190,42.3284003,15.3682485,-7.2847455,-4.459704,189,y,0.136369,15154.36189,1,NA,unknown,NA
Neophron percnopterus,Neophron percnopterus. GREFA. Spain,western europe,Y,95P,8/6/18 5:00,5/30/19 5:00,6471,95P_6471,alive,alive,active,NA,5/30/19 5:00,Spain,Senegal,M,juv,juvenile,3,N,N,294,41.2050675,14.9075907,-4.8270731,-16.1349876,296.9997222,y,0.002529,280.992149,0.999979167,NA,still transmitting,NA
Neophron percnopterus,Neophron percnopterus. GREFA. Spain,western europe,Y,2HN,7/20/15 14:00,5/30/19 9:00,137397,2HN_137397,alive,alive,active,NA,5/30/19 9:00,Spain,Spain,F,juv,juvenile,2,N,N,1353,40.46833,40.61617,-3.83983,-4.72033,1409.791667,y,0.137042,15229.16515,0.977453704,NA,still transmitting,NA
Neophron percnopterus,Neophron percnopterus. GREFA. Spain,western europe,Y,95N,8/2/18 8:50,5/30/19 2:38,181641,95N_181641,alive,alive,active,NA,5/30/19 2:38,Spain,Spain,M,ad,adult,54,N,N,302,41.53552246,41.48222351,-3.589221716,-3.581470013,300.7418056,y,0.000893,99.279866,0.999998843,98.8,still transmitting,NA
Neophron percnopterus,Neophron percnopterus. GREFA. Spain,western europe,Y,2HP,7/25/16 5:08,5/30/19 0:00,48500703772,2HP_48500703772,alive,alive,active,NA,5/30/19 0:00,Spain,Spain,M,juv,juvenile,2,N,N,199,40.95475,41.132949,-4.100033,-6.149383,1038.786111,y,0.543128,60356.78373,1.099930556,NA,still transmitting,NA
Neophron percnopterus,Egyptian Vulture wild-birds Israel,middle east,Y,Gamla 2018 H36 Green,7/11/18 13:14,11/8/18 5:44,180319,Gamla 2018 H36 Green_180319,unknown,unknown,unknown,NA,11/8/18 5:44,Syrian Arab Republic,Sudan,unknown,juv,juvenile,1,N,N,73,32.89871979,10.14315987,35.76559448,29.12295341,119.6876968,y,0.887648,98642.49338,1.008082176,98.2,transmission ceased in a no-GSM wintering area,Tagged in the nest
Neophron percnopterus,Egyptian Vulture wild-birds Israel,middle east,Y,Gamla 2018 J4107,7/11/18 12:04,5/29/19 5:08,180322,Gamla 2018 J4107_180322,alive,alive,active,NA,5/29/19 5:08,Syrian Arab Republic,Chad,unknown,juv,juvenile,1,N,N,302,32.89861298,15.66723537,35.76422882,23.67345619,321.7116551,y,1.511098,167925.2674,1.793453704,85.3,still transmitting,Tagged in the nest
Neophron percnopterus,Neophron percnopterus Bulgaria/Greece,balkans,Y,Ilin,8/19/13 7:47,10/27/13 17:00,130675,Ilin_130675,confirmed dead,confirmed dead,carcass found,predation,10/27/13 17:00,The former Yugoslav Republic of Macedonia,The former Yugoslav Republic of Macedonia,unknown,juv,juvenile,2,N,N,24,41.762,41.98833,21.735,21.4495,69.38402778,y,0.157076,17455.56073,5.603055556,NA,found carcass,"Found dead near the nest, killed by predator"
Neophron percnopterus,Neophron percnopterus Bulgaria/Greece,balkans,Y,Macedonia,8/10/11 5:00,9/18/11 5:00,61952,Macedonia_61952,confirmed dead,confirmed dead,terminated over water,drowned,9/17/11 0:00,The former Yugoslav Republic of Macedonia,NA,unknown,juv,juvenile,2,N,N,36,41.18317,33.55417,21.717,22.33083,39,y,1.210416,134511.1574,1,NA,ceased over sea,track ends in sea
Neophron percnopterus,Neophron percnopterus Bulgaria/Greece,balkans,Y,Ilina,8/5/13 9:00,10/2/13 6:00,130674,Ilina_130674,confirmed dead,confirmed dead,carcass found,predation,9/25/13 0:00,The former Yugoslav Republic of Macedonia,NA,unknown,juv,juvenile,2,N,N,48,41.769,36.37,21.72467,27.46383,57.875,y,0.571089,63463.98473,0.998402778,NA,found feathers,Most probably killed by Bonneli's eagle
Neophron percnopterus,"Egyptian Vulture (Neophron percnopterus), Turkey, Armenia, Ethiopia ",caucasus,Y,Tuzluca,6/22/13 1:14,10/5/16 0:29,209,Tuzluca_209,unknown,unknown,unknown,NA,10/5/16 0:29,Turkey,Saudi Arabia,unknown,ad,adult,54,N,N,1193,40.081,19.86006,43.66704,41.10614,1200.968542,y,1.786326,198510.8382,0.999340278,NA,entered no GSM area,NA
Neophron percnopterus,"Egyptian Vulture (Neophron percnopterus), Turkey, Armenia, Ethiopia ",caucasus,Y,Ardahan,6/22/13 1:14,9/17/14 0:27,210,Ardahan_210,unknown,unknown,unknown,NA,9/17/14 0:27,Turkey,Saudi Arabia,unknown,ad,adult,54,N,N,451,40.07148,16.81774,43.66676,42.84321,451.9668403,y,2.31584,257354.7034,1.036113426,NA,unknown,NA
Neophron percnopterus,"Egyptian Vulture (Neophron percnopterus), Turkey, Armenia, Ethiopia ",caucasus,Y,Serhat,6/17/14 15:59,10/30/14 1:12,10007,Serhat_10007,unknown,unknown,unknown,NA,10/30/14 1:12,Turkey,Ethiopia,unknown,5th yr,adult,54,N,N,124,40.19459,10.5359,43.63137,40.455,134.3840278,y,0.233944,25997.73283,0.919791667,NA,unknown,NA
Neophron percnopterus,"Egyptian Vulture (Neophron percnopterus), Turkey, Armenia, Ethiopia ",caucasus,Y,Arpacay,8/20/12 17:00,9/26/12 1:00,118174,Arpacay_118174,confirmed dead,confirmed dead,resighted / recaptured,"emaciation on migration, although potentially poisoned or collision. Not entirely sure",9/26/12 0:00,Turkey,Iraq,unknown,3rd yr,immature,26,N,N,30,40.123,31.40283,43.60117,45.07967,36.33333333,y,0.847637,94196.24576,1.125,NA,"bird died in captivity of falconer in Iraq, transmitter recovered",NA
Neophron percnopterus,"Egyptian Vulture (Neophron percnopterus), Turkey, Armenia, Ethiopia ",caucasus,Y,Igdir,8/22/12 5:00,3/1/15 1:00,118175,Igdir_118175,confirmed dead,confirmed dead,transmitter recovered,poisoning,2/20/15 0:00,Turkey,Ethiopia,unknown,ad,adult,54,N,N,874,40.12167,4.2755,43.5835,42.06417,920.8333333,y,0.157333,17484.12252,1,NA,bird / tag recovery,NA
Neophron percnopterus,"Egyptian Vulture (Neophron percnopterus), Turkey, Armenia, Ethiopia ",caucasus,Y,Aras,8/18/12 13:00,2/4/13 1:00,118176,Aras_118176,unknown,unknown,unknown,NA,2/4/13 1:00,Turkey,Ethiopia,unknown,3rd yr,immature,26,N,N,164,40.12183,10.1725,43.5835,40.24533,169.5,y,0.067342,7483.596,1,NA,unknown,NA
Neophron percnopterus,"Egyptian Vulture (Neophron percnopterus), Turkey, Armenia, Ethiopia ",caucasus,Y,Agri,6/22/13 1:00,7/19/14 14:00,130662,Agri_130662,unknown,likely transmitter failure,unknown,NA,7/19/14 14:00,Turkey,Turkey,unknown,ad,adult,54,N,N,324,40.08083,39.7845,43.667,43.24833,392.5416667,y,0.02539,2821.57437,3.523266204,NA,unknown,NA
Neophron percnopterus,"Egyptian Vulture (Neophron percnopterus), Turkey, Armenia, Ethiopia ",caucasus,Y,Haydi,6/9/14 2:46,4/27/16 8:00,132084,Haydi_132084,likely dead,likely dead,inferred from transmissions,NA,1/1/16 0:00,Turkey,Kenya,unknown,3rd yr,immature,24,N,N,671,40.0813,1.6534,43.6665,37.8024,688.2179051,y,0.00019,21.148992,15.87281481,NA,static transmissions in Kenya,"tried to get Kenyan colleagues to track down tag, but were unable"
Neophron percnopterus,"Egyptian Vulture (Neophron percnopterus), Turkey, Armenia, Ethiopia ",caucasus,Y,Iste,6/10/14 2:36,5/30/19 4:00,132086,Iste_132086,alive,alive,active,NA,5/30/19 4:00,Turkey,Turkey,unknown,ad,adult,54,N,N,1747,40.0831,39.8344,43.6674,42.5493,1815.05838,y,0.017269,1919.067432,1.298402778,NA,still transmitting,NA
Neophron percnopterus,"Egyptian Vulture (Neophron percnopterus), Turkey, Armenia, Ethiopia ",caucasus,Y,Cabuk,7/1/14 3:00,12/8/15 2:00,132087,Cabuk_132087,likely transmitter failure,likely dead,inferred from transmissions,NA,12/8/15 2:00,Turkey,Ethiopia,unknown,2nd yr,immature,13,N,N,511,40.0833,11.0695,43.6676,40.364,524.9583218,y,0.230215,25583.28796,6.71734375,NA,"long gap in trasnmission, during which time bird moved",NA